id,utcDate,status,matchday,stage,group,lastUpdated,referees,area_id,area_name,area_code,area_flag,competition_id,competition_name,competition_code,competition_type,competition_emblem,season_id,season_startDate,season_endDate,season_currentMatchday,season_winner,homeTeam_id,homeTeam_name,homeTeam_shortName,homeTeam_tla,homeTeam_crest,awayTeam_id,awayTeam_name,awayTeam_shortName,awayTeam_tla,awayTeam_crest,score_winner,score_duration,score_fullTime_home,score_fullTime_away,score_halfTime_home,score_halfTime_away,odds_msg
540406,2025-08-22T18:30:00Z,FINISHED,1,REGULAR_SEASON,,2025-08-23T00:20:52Z,"[{'id': 57518, 'name': 'Florian Badstübner', 'type': 'REFEREE', 'nationality': 'Germany'}]",2088,Germany,DEU,https://crests.football-data.org/759.svg,2002,Bundesliga,BL1,LEAGUE,https://crests.football-data.org/BL1.png,2414,2025-08-22,2026-05-16,1,,5,FC Bayern München,Bayern,FCB,https://crests.football-data.org/5.png,721,RB Leipzig,RB Leipzig,RBL,https://crests.football-data.org/721.png,HOME_TEAM,REGULAR,6.0,0.0,3.0,0.0,Activate Odds-Package in User-Panel to retrieve odds.
540407,2025-08-23T13:30:00Z,TIMED,1,REGULAR_SEASON,,2025-08-23T01:32:00Z,"[{'id': 253, 'name': 'Harm Osmers', 'type': 'REFEREE', 'nationality': 'Germany'}]",2088,Germany,DEU,https://crests.football-data.org/759.svg,2002,Bundesliga,BL1,LEAGUE,https://crests.football-data.org/BL1.png,2414,2025-08-22,2026-05-16,1,,19,Eintracht Frankfurt,Frankfurt,SGE,https://crests.football-data.org/19.png,12,SV Werder Bremen,Bremen,SVW,https://crests.football-data.org/12.png,,REGULAR,,,,,Activate Odds-Package in User-Panel to retrieve odds.
540408,2025-08-23T13:30:00Z,TIMED,1,REGULAR_SEASON,,2025-08-23T01:32:00Z,"[{'id': 15408, 'name': 'Daniel Siebert', 'type': 'REFEREE', 'nationality': 'Germany'}]",2088,Germany,DEU,https://crests.football-data.org/759.svg,2002,Bundesliga,BL1,LEAGUE,https://crests.football-data.org/BL1.png,2414,2025-08-22,2026-05-16,1,,3,Bayer 04 Leverkusen,Leverkusen,B04,https://crests.football-data.org/3.png,2,TSG 1899 Hoffenheim,Hoffenheim,TSG,https://crests.football-data.org/2.png,,REGULAR,,,,,Activate Odds-Package in User-Panel to retrieve odds.
540409,2025-08-23T13:30:00Z,TIMED,1,REGULAR_SEASON,,2025-08-23T01:32:00Z,"[{'id': 43878, 'name': 'Felix Zwayer', 'type': 'REFEREE', 'nationality': 'Germany'}]",2088,Germany,DEU,https://crests.football-data.org/759.svg,2002,Bundesliga,BL1,LEAGUE,https://crests.football-data.org/BL1.png,2414,2025-08-22,2026-05-16,1,,17,SC Freiburg,Freiburg,SCF,https://crests.football-data.org/17.png,16,FC Augsburg,Augsburg,FCA,https://crests.football-data.org/16.png,,REGULAR,,,,,Activate Odds-Package in User-Panel to retrieve odds.
540412,2025-08-23T13:30:00Z,TIMED,1,REGULAR_SEASON,,2025-08-23T01:32:00Z,"[{'id': 57504, 'name': 'Robert Hartmann', 'type': 'REFEREE', 'nationality': 'Germany'}]",2088,Germany,DEU,https://crests.football-data.org/759.svg,2002,Bundesliga,BL1,LEAGUE,https://crests.football-data.org/BL1.png,2414,2025-08-22,2026-05-16,1,,28,1. FC Union Berlin,Union Berlin,UNB,https://crests.football-data.org/28.png,10,VfB Stuttgart,Stuttgart,VFB,https://crests.football-data.org/10.png,,REGULAR,,,,,Activate Odds-Package in User-Panel to retrieve odds.
540414,2025-08-23T13:30:00Z,TIMED,1,REGULAR_SEASON,,2025-08-23T01:32:00Z,"[{'id': 43922, 'name': 'Benjamin Brand', 'type': 'REFEREE', 'nationality': 'Germany'}]",2088,Germany,DEU,https://crests.football-data.org/759.svg,2002,Bundesliga,BL1,LEAGUE,https://crests.football-data.org/BL1.png,2414,2025-08-22,2026-05-16,1,,44,1. FC Heidenheim 1846,Heidenheim,HEI,https://crests.football-data.org/44.png,11,VfL Wolfsburg,Wolfsburg,WOB,https://crests.football-data.org/11.png,,REGULAR,,,,,Activate Odds-Package in User-Panel to retrieve odds.
540413,2025-08-23T16:30:00Z,TIMED,1,REGULAR_SEASON,,2025-08-23T01:32:01Z,"[{'id': 56230, 'name': 'Matthias Jöllenbeck', 'type': 'REFEREE', 'nationality': 'Germany'}]",2088,Germany,DEU,https://crests.football-data.org/759.svg,2002,Bundesliga,BL1,LEAGUE,https://crests.football-data.org/BL1.png,2414,2025-08-22,2026-05-16,1,,20,FC St. Pauli 1910,St. Pauli,STP,https://crests.football-data.org/20.png,4,Borussia Dortmund,Dortmund,BVB,https://crests.football-data.org/4.png,,REGULAR,,,,,Activate Odds-Package in User-Panel to retrieve odds.
540410,2025-08-24T13:30:00Z,TIMED,1,REGULAR_SEASON,,2025-08-23T01:32:02Z,[],2088,Germany,DEU,https://crests.football-data.org/759.svg,2002,Bundesliga,BL1,LEAGUE,https://crests.football-data.org/BL1.png,2414,2025-08-22,2026-05-16,1,,15,1. FSV Mainz 05,Mainz,M05,https://crests.football-data.org/15.png,1,1. FC Köln,1. FC Köln,KOE,https://crests.football-data.org/1.png,,REGULAR,,,,,Activate Odds-Package in User-Panel to retrieve odds.
540411,2025-08-24T15:30:00Z,TIMED,1,REGULAR_SEASON,,2025-08-23T01:32:02Z,[],2088,Germany,DEU,https://crests.football-data.org/759.svg,2002,Bundesliga,BL1,LEAGUE,https://crests.football-data.org/BL1.png,2414,2025-08-22,2026-05-16,1,,18,Borussia Mönchengladbach,M'gladbach,BMG,https://crests.football-data.org/18.png,7,Hamburger SV,HSV,HSV,https://crests.football-data.org/7.png,,REGULAR,,,,,Activate Odds-Package in User-Panel to retrieve odds.
540423,2025-08-29T18:30:00Z,TIMED,2,REGULAR_SEASON,,2025-08-23T01:32:04Z,[],2088,Germany,DEU,https://crests.football-data.org/759.svg,2002,Bundesliga,BL1,LEAGUE,https://crests.football-data.org/BL1.png,2414,2025-08-22,2026-05-16,1,,7,Hamburger SV,HSV,HSV,https://crests.football-data.org/7.png,20,FC St. Pauli 1910,St. Pauli,STP,https://crests.football-data.org/20.png,,REGULAR,,,,,Activate Odds-Package in User-Panel to retrieve odds.
540416,2025-08-30T13:30:00Z,TIMED,2,REGULAR_SEASON,,2025-07-10T15:20:53Z,[],2088,Germany,DEU,https://crests.football-data.org/759.svg,2002,Bundesliga,BL1,LEAGUE,https://crests.football-data.org/BL1.png,2414,2025-08-22,2026-05-16,1,,721,RB Leipzig,RB Leipzig,RBL,https://crests.football-data.org/721.png,44,1. FC Heidenheim 1846,Heidenheim,HEI,https://crests.football-data.org/44.png,,REGULAR,,,,,Activate Odds-Package in User-Panel to retrieve odds.
540417,2025-08-30T13:30:00Z,TIMED,2,REGULAR_SEASON,,2025-08-23T00:20:52Z,[],2088,Germany,DEU,https://crests.football-data.org/759.svg,2002,Bundesliga,BL1,LEAGUE,https://crests.football-data.org/BL1.png,2414,2025-08-22,2026-05-16,1,,12,SV Werder Bremen,Bremen,SVW,https://crests.football-data.org/12.png,3,Bayer 04 Leverkusen,Leverkusen,B04,https://crests.football-data.org/3.png,,REGULAR,,,,,Activate Odds-Package in User-Panel to retrieve odds.
540418,2025-08-30T13:30:00Z,TIMED,2,REGULAR_SEASON,,2025-08-23T00:20:52Z,[],2088,Germany,DEU,https://crests.football-data.org/759.svg,2002,Bundesliga,BL1,LEAGUE,https://crests.football-data.org/BL1.png,2414,2025-08-22,2026-05-16,1,,10,VfB Stuttgart,Stuttgart,VFB,https://crests.football-data.org/10.png,18,Borussia Mönchengladbach,M'gladbach,BMG,https://crests.football-data.org/18.png,,REGULAR,,,,,Activate Odds-Package in User-Panel to retrieve odds.
540421,2025-08-30T13:30:00Z,TIMED,2,REGULAR_SEASON,,2025-07-10T15:20:53Z,[],2088,Germany,DEU,https://crests.football-data.org/759.svg,2002,Bundesliga,BL1,LEAGUE,https://crests.football-data.org/BL1.png,2414,2025-08-22,2026-05-16,1,,2,TSG 1899 Hoffenheim,Hoffenheim,TSG,https://crests.football-data.org/2.png,19,Eintracht Frankfurt,Frankfurt,SGE,https://crests.football-data.org/19.png,,REGULAR,,,,,Activate Odds-Package in User-Panel to retrieve odds.
540420,2025-08-30T16:30:00Z,TIMED,2,REGULAR_SEASON,,2025-08-23T00:20:52Z,[],2088,Germany,DEU,https://crests.football-data.org/759.svg,2002,Bundesliga,BL1,LEAGUE,https://crests.football-data.org/BL1.png,2414,2025-08-22,2026-05-16,1,,16,FC Augsburg,Augsburg,FCA,https://crests.football-data.org/16.png,5,FC Bayern München,Bayern,FCB,https://crests.football-data.org/5.png,,REGULAR,,,,,Activate Odds-Package in User-Panel to retrieve odds.
540419,2025-08-31T13:30:00Z,TIMED,2,REGULAR_SEASON,,2025-08-23T00:20:52Z,[],2088,Germany,DEU,https://crests.football-data.org/759.svg,2002,Bundesliga,BL1,LEAGUE,https://crests.football-data.org/BL1.png,2414,2025-08-22,2026-05-16,1,,11,VfL Wolfsburg,Wolfsburg,WOB,https://crests.football-data.org/11.png,15,1. FSV Mainz 05,Mainz,M05,https://crests.football-data.org/15.png,,REGULAR,,,,,Activate Odds-Package in User-Panel to retrieve odds.
540415,2025-08-31T15:30:00Z,TIMED,2,REGULAR_SEASON,,2025-08-23T00:20:52Z,[],2088,Germany,DEU,https://crests.football-data.org/759.svg,2002,Bundesliga,BL1,LEAGUE,https://crests.football-data.org/BL1.png,2414,2025-08-22,2026-05-16,1,,4,Borussia Dortmund,Dortmund,BVB,https://crests.football-data.org/4.png,28,1. FC Union Berlin,Union Berlin,UNB,https://crests.football-data.org/28.png,,REGULAR,,,,,Activate Odds-Package in User-Panel to retrieve odds.
540422,2025-08-31T17:30:00Z,TIMED,2,REGULAR_SEASON,,2025-07-10T15:20:53Z,[],2088,Germany,DEU,https://crests.football-data.org/759.svg,2002,Bundesliga,BL1,LEAGUE,https://crests.football-data.org/BL1.png,2414,2025-08-22,2026-05-16,1,,1,1. FC Köln,1. FC Köln,KOE,https://crests.football-data.org/1.png,17,SC Freiburg,Freiburg,SCF,https://crests.football-data.org/17.png,,REGULAR,,,,,Activate Odds-Package in User-Panel to retrieve odds.
540425,2025-09-12T18:30:00Z,TIMED,3,REGULAR_SEASON,,2025-08-23T00:20:52Z,[],2088,Germany,DEU,https://crests.football-data.org/759.svg,2002,Bundesliga,BL1,LEAGUE,https://crests.football-data.org/BL1.png,2414,2025-08-22,2026-05-16,1,,3,Bayer 04 Leverkusen,Leverkusen,B04,https://crests.football-data.org/3.png,19,Eintracht Frankfurt,Frankfurt,SGE,https://crests.football-data.org/19.png,,REGULAR,,,,,Activate Odds-Package in User-Panel to retrieve odds.
540426,2025-09-13T13:30:00Z,TIMED,3,REGULAR_SEASON,,2025-08-23T00:20:52Z,[],2088,Germany,DEU,https://crests.football-data.org/759.svg,2002,Bundesliga,BL1,LEAGUE,https://crests.football-data.org/BL1.png,2414,2025-08-22,2026-05-16,1,,17,SC Freiburg,Freiburg,SCF,https://crests.football-data.org/17.png,10,VfB Stuttgart,Stuttgart,VFB,https://crests.football-data.org/10.png,,REGULAR,,,,,Activate Odds-Package in User-Panel to retrieve odds.
540427,2025-09-13T13:30:00Z,TIMED,3,REGULAR_SEASON,,2025-07-10T15:20:53Z,[],2088,Germany,DEU,https://crests.football-data.org/759.svg,2002,Bundesliga,BL1,LEAGUE,https://crests.football-data.org/BL1.png,2414,2025-08-22,2026-05-16,1,,15,1. FSV Mainz 05,Mainz,M05,https://crests.football-data.org/15.png,721,RB Leipzig,RB Leipzig,RBL,https://crests.football-data.org/721.png,,REGULAR,,,,,Activate Odds-Package in User-Panel to retrieve odds.
540429,2025-09-13T13:30:00Z,TIMED,3,REGULAR_SEASON,,2025-08-23T00:20:52Z,[],2088,Germany,DEU,https://crests.football-data.org/759.svg,2002,Bundesliga,BL1,LEAGUE,https://crests.football-data.org/BL1.png,2414,2025-08-22,2026-05-16,1,,11,VfL Wolfsburg,Wolfsburg,WOB,https://crests.football-data.org/11.png,1,1. FC Köln,1. FC Köln,KOE,https://crests.football-data.org/1.png,,REGULAR,,,,,Activate Odds-Package in User-Panel to retrieve odds.
540430,2025-09-13T13:30:00Z,TIMED,3,REGULAR_SEASON,,2025-07-10T15:20:53Z,[],2088,Germany,DEU,https://crests.football-data.org/759.svg,2002,Bundesliga,BL1,LEAGUE,https://crests.football-data.org/BL1.png,2414,2025-08-22,2026-05-16,1,,28,1. FC Union Berlin,Union Berlin,UNB,https://crests.football-data.org/28.png,2,TSG 1899 Hoffenheim,Hoffenheim,TSG,https://crests.football-data.org/2.png,,REGULAR,,,,,Activate Odds-Package in User-Panel to retrieve odds.
540432,2025-09-13T13:30:00Z,TIMED,3,REGULAR_SEASON,,2025-08-23T00:20:52Z,[],2088,Germany,DEU,https://crests.football-data.org/759.svg,2002,Bundesliga,BL1,LEAGUE,https://crests.football-data.org/BL1.png,2414,2025-08-22,2026-05-16,1,,44,1. FC Heidenheim 1846,Heidenheim,HEI,https://crests.football-data.org/44.png,4,Borussia Dortmund,Dortmund,BVB,https://crests.football-data.org/4.png,,REGULAR,,,,,Activate Odds-Package in User-Panel to retrieve odds.
540424,2025-09-13T16:30:00Z,TIMED,3,REGULAR_SEASON,,2025-08-23T00:20:52Z,[],2088,Germany,DEU,https://crests.football-data.org/759.svg,2002,Bundesliga,BL1,LEAGUE,https://crests.football-data.org/BL1.png,2414,2025-08-22,2026-05-16,1,,5,FC Bayern München,Bayern,FCB,https://crests.football-data.org/5.png,7,Hamburger SV,HSV,HSV,https://crests.football-data.org/7.png,,REGULAR,,,,,Activate Odds-Package in User-Panel to retrieve odds.
540431,2025-09-14T13:30:00Z,TIMED,3,REGULAR_SEASON,,2025-07-10T15:20:53Z,[],2088,Germany,DEU,https://crests.football-data.org/759.svg,2002,Bundesliga,BL1,LEAGUE,https://crests.football-data.org/BL1.png,2414,2025-08-22,2026-05-16,1,,20,FC St. Pauli 1910,St. Pauli,STP,https://crests.football-data.org/20.png,16,FC Augsburg,Augsburg,FCA,https://crests.football-data.org/16.png,,REGULAR,,,,,Activate Odds-Package in User-Panel to retrieve odds.
540428,2025-09-14T15:30:00Z,TIMED,3,REGULAR_SEASON,,2025-08-23T00:20:52Z,[],2088,Germany,DEU,https://crests.football-data.org/759.svg,2002,Bundesliga,BL1,LEAGUE,https://crests.football-data.org/BL1.png,2414,2025-08-22,2026-05-16,1,,18,Borussia Mönchengladbach,M'gladbach,BMG,https://crests.football-data.org/18.png,12,SV Werder Bremen,Bremen,SVW,https://crests.football-data.org/12.png,,REGULAR,,,,,Activate Odds-Package in User-Panel to retrieve odds.
540438,2025-09-19T18:30:00Z,TIMED,4,REGULAR_SEASON,,2025-08-23T00:20:52Z,[],2088,Germany,DEU,https://crests.football-data.org/759.svg,2002,Bundesliga,BL1,LEAGUE,https://crests.football-data.org/BL1.png,2414,2025-08-22,2026-05-16,1,,10,VfB Stuttgart,Stuttgart,VFB,https://crests.football-data.org/10.png,20,FC St. Pauli 1910,St. Pauli,STP,https://crests.football-data.org/20.png,,REGULAR,,,,,Activate Odds-Package in User-Panel to retrieve odds.
540437,2025-09-20T13:30:00Z,TIMED,4,REGULAR_SEASON,,2025-08-23T00:20:52Z,[],2088,Germany,DEU,https://crests.football-data.org/759.svg,2002,Bundesliga,BL1,LEAGUE,https://crests.football-data.org/BL1.png,2414,2025-08-22,2026-05-16,1,,12,SV Werder Bremen,Bremen,SVW,https://crests.football-data.org/12.png,17,SC Freiburg,Freiburg,SCF,https://crests.football-data.org/17.png,,REGULAR,,,,,Activate Odds-Package in User-Panel to retrieve odds.
540439,2025-09-20T13:30:00Z,TIMED,4,REGULAR_SEASON,,2025-07-10T15:20:53Z,[],2088,Germany,DEU,https://crests.football-data.org/759.svg,2002,Bundesliga,BL1,LEAGUE,https://crests.football-data.org/BL1.png,2414,2025-08-22,2026-05-16,1,,16,FC Augsburg,Augsburg,FCA,https://crests.football-data.org/16.png,15,1. FSV Mainz 05,Mainz,M05,https://crests.football-data.org/15.png,,REGULAR,,,,,Activate Odds-Package in User-Panel to retrieve odds.
540440,2025-09-20T13:30:00Z,TIMED,4,REGULAR_SEASON,,2025-08-23T00:20:52Z,[],2088,Germany,DEU,https://crests.football-data.org/759.svg,2002,Bundesliga,BL1,LEAGUE,https://crests.football-data.org/BL1.png,2414,2025-08-22,2026-05-16,1,,2,TSG 1899 Hoffenheim,Hoffenheim,TSG,https://crests.football-data.org/2.png,5,FC Bayern München,Bayern,FCB,https://crests.football-data.org/5.png,,REGULAR,,,,,Activate Odds-Package in User-Panel to retrieve odds.
540441,2025-09-20T13:30:00Z,TIMED,4,REGULAR_SEASON,,2025-07-10T15:20:53Z,[],2088,Germany,DEU,https://crests.football-data.org/759.svg,2002,Bundesliga,BL1,LEAGUE,https://crests.football-data.org/BL1.png,2414,2025-08-22,2026-05-16,1,,7,Hamburger SV,HSV,HSV,https://crests.football-data.org/7.png,44,1. FC Heidenheim 1846,Heidenheim,HEI,https://crests.football-data.org/44.png,,REGULAR,,,,,Activate Odds-Package in User-Panel to retrieve odds.
540436,2025-09-20T16:30:00Z,TIMED,4,REGULAR_SEASON,,2025-07-10T15:20:53Z,[],2088,Germany,DEU,https://crests.football-data.org/759.svg,2002,Bundesliga,BL1,LEAGUE,https://crests.football-data.org/BL1.png,2414,2025-08-22,2026-05-16,1,,721,RB Leipzig,RB Leipzig,RBL,https://crests.football-data.org/721.png,1,1. FC Köln,1. FC Köln,KOE,https://crests.football-data.org/1.png,,REGULAR,,,,,Activate Odds-Package in User-Panel to retrieve odds.
540434,2025-09-21T13:30:00Z,TIMED,4,REGULAR_SEASON,,2025-07-10T15:20:53Z,[],2088,Germany,DEU,https://crests.football-data.org/759.svg,2002,Bundesliga,BL1,LEAGUE,https://crests.football-data.org/BL1.png,2414,2025-08-22,2026-05-16,1,,19,Eintracht Frankfurt,Frankfurt,SGE,https://crests.football-data.org/19.png,28,1. FC Union Berlin,Union Berlin,UNB,https://crests.football-data.org/28.png,,REGULAR,,,,,Activate Odds-Package in User-Panel to retrieve odds.
540433,2025-09-21T15:30:00Z,TIMED,4,REGULAR_SEASON,,2025-08-23T00:20:52Z,[],2088,Germany,DEU,https://crests.football-data.org/759.svg,2002,Bundesliga,BL1,LEAGUE,https://crests.football-data.org/BL1.png,2414,2025-08-22,2026-05-16,1,,3,Bayer 04 Leverkusen,Leverkusen,B04,https://crests.football-data.org/3.png,18,Borussia Mönchengladbach,M'gladbach,BMG,https://crests.football-data.org/18.png,,REGULAR,,,,,Activate Odds-Package in User-Panel to retrieve odds.
540435,2025-09-21T17:30:00Z,TIMED,4,REGULAR_SEASON,,2025-08-23T00:20:52Z,[],2088,Germany,DEU,https://crests.football-data.org/759.svg,2002,Bundesliga,BL1,LEAGUE,https://crests.football-data.org/BL1.png,2414,2025-08-22,2026-05-16,1,,4,Borussia Dortmund,Dortmund,BVB,https://crests.football-data.org/4.png,11,VfL Wolfsburg,Wolfsburg,WOB,https://crests.football-data.org/11.png,,REGULAR,,,,,Activate Odds-Package in User-Panel to retrieve odds.
540442,2025-09-26T18:30:00Z,TIMED,5,REGULAR_SEASON,,2025-08-23T00:20:52Z,[],2088,Germany,DEU,https://crests.football-data.org/759.svg,2002,Bundesliga,BL1,LEAGUE,https://crests.football-data.org/BL1.png,2414,2025-08-22,2026-05-16,1,,5,FC Bayern München,Bayern,FCB,https://crests.football-data.org/5.png,12,SV Werder Bremen,Bremen,SVW,https://crests.football-data.org/12.png,,REGULAR,,,,,Activate Odds-Package in User-Panel to retrieve odds.
540444,2025-09-27T13:30:00Z,TIMED,5,REGULAR_SEASON,,2025-08-23T00:20:52Z,[],2088,Germany,DEU,https://crests.football-data.org/759.svg,2002,Bundesliga,BL1,LEAGUE,https://crests.football-data.org/BL1.png,2414,2025-08-22,2026-05-16,1,,15,1. FSV Mainz 05,Mainz,M05,https://crests.football-data.org/15.png,4,Borussia Dortmund,Dortmund,BVB,https://crests.football-data.org/4.png,,REGULAR,,,,,Activate Odds-Package in User-Panel to retrieve odds.
540446,2025-09-27T13:30:00Z,TIMED,5,REGULAR_SEASON,,2025-08-23T00:20:52Z,[],2088,Germany,DEU,https://crests.football-data.org/759.svg,2002,Bundesliga,BL1,LEAGUE,https://crests.football-data.org/BL1.png,2414,2025-08-22,2026-05-16,1,,11,VfL Wolfsburg,Wolfsburg,WOB,https://crests.football-data.org/11.png,721,RB Leipzig,RB Leipzig,RBL,https://crests.football-data.org/721.png,,REGULAR,,,,,Activate Odds-Package in User-Panel to retrieve odds.
540448,2025-09-27T13:30:00Z,TIMED,5,REGULAR_SEASON,,2025-08-23T00:20:52Z,[],2088,Germany,DEU,https://crests.football-data.org/759.svg,2002,Bundesliga,BL1,LEAGUE,https://crests.football-data.org/BL1.png,2414,2025-08-22,2026-05-16,1,,20,FC St. Pauli 1910,St. Pauli,STP,https://crests.football-data.org/20.png,3,Bayer 04 Leverkusen,Leverkusen,B04,https://crests.football-data.org/3.png,,REGULAR,,,,,Activate Odds-Package in User-Panel to retrieve odds.
540449,2025-09-27T13:30:00Z,TIMED,5,REGULAR_SEASON,,2025-07-10T15:20:53Z,[],2088,Germany,DEU,https://crests.football-data.org/759.svg,2002,Bundesliga,BL1,LEAGUE,https://crests.football-data.org/BL1.png,2414,2025-08-22,2026-05-16,1,,44,1. FC Heidenheim 1846,Heidenheim,HEI,https://crests.football-data.org/44.png,16,FC Augsburg,Augsburg,FCA,https://crests.football-data.org/16.png,,REGULAR,,,,,Activate Odds-Package in User-Panel to retrieve odds.
540445,2025-09-27T16:30:00Z,TIMED,5,REGULAR_SEASON,,2025-07-10T15:20:53Z,[],2088,Germany,DEU,https://crests.football-data.org/759.svg,2002,Bundesliga,BL1,LEAGUE,https://crests.football-data.org/BL1.png,2414,2025-08-22,2026-05-16,1,,18,Borussia Mönchengladbach,M'gladbach,BMG,https://crests.football-data.org/18.png,19,Eintracht Frankfurt,Frankfurt,SGE,https://crests.football-data.org/19.png,,REGULAR,,,,,Activate Odds-Package in User-Panel to retrieve odds.
540443,2025-09-28T13:30:00Z,TIMED,5,REGULAR_SEASON,,2025-07-10T15:20:53Z,[],2088,Germany,DEU,https://crests.football-data.org/759.svg,2002,Bundesliga,BL1,LEAGUE,https://crests.football-data.org/BL1.png,2414,2025-08-22,2026-05-16,1,,17,SC Freiburg,Freiburg,SCF,https://crests.football-data.org/17.png,2,TSG 1899 Hoffenheim,Hoffenheim,TSG,https://crests.football-data.org/2.png,,REGULAR,,,,,Activate Odds-Package in User-Panel to retrieve odds.
540450,2025-09-28T15:30:00Z,TIMED,5,REGULAR_SEASON,,2025-08-23T00:20:52Z,[],2088,Germany,DEU,https://crests.football-data.org/759.svg,2002,Bundesliga,BL1,LEAGUE,https://crests.football-data.org/BL1.png,2414,2025-08-22,2026-05-16,1,,1,1. FC Köln,1. FC Köln,KOE,https://crests.football-data.org/1.png,10,VfB Stuttgart,Stuttgart,VFB,https://crests.football-data.org/10.png,,REGULAR,,,,,Activate Odds-Package in User-Panel to retrieve odds.
540447,2025-09-28T17:30:00Z,TIMED,5,REGULAR_SEASON,,2025-07-10T15:20:53Z,[],2088,Germany,DEU,https://crests.football-data.org/759.svg,2002,Bundesliga,BL1,LEAGUE,https://crests.football-data.org/BL1.png,2414,2025-08-22,2026-05-16,1,,28,1. FC Union Berlin,Union Berlin,UNB,https://crests.football-data.org/28.png,7,Hamburger SV,HSV,HSV,https://crests.football-data.org/7.png,,REGULAR,,,,,Activate Odds-Package in User-Panel to retrieve odds.
540451,2025-10-04T00:00:00Z,SCHEDULED,6,REGULAR_SEASON,,2025-08-23T00:20:52Z,[],2088,Germany,DEU,https://crests.football-data.org/759.svg,2002,Bundesliga,BL1,LEAGUE,https://crests.football-data.org/BL1.png,2414,2025-08-22,2026-05-16,1,,3,Bayer 04 Leverkusen,Leverkusen,B04,https://crests.football-data.org/3.png,28,1. FC Union Berlin,Union Berlin,UNB,https://crests.football-data.org/28.png,,REGULAR,,,,,Activate Odds-Package in User-Panel to retrieve odds.
540452,2025-10-04T00:00:00Z,SCHEDULED,6,REGULAR_SEASON,,2025-08-23T00:20:52Z,[],2088,Germany,DEU,https://crests.football-data.org/759.svg,2002,Bundesliga,BL1,LEAGUE,https://crests.football-data.org/BL1.png,2414,2025-08-22,2026-05-16,1,,19,Eintracht Frankfurt,Frankfurt,SGE,https://crests.football-data.org/19.png,5,FC Bayern München,Bayern,FCB,https://crests.football-data.org/5.png,,REGULAR,,,,,Activate Odds-Package in User-Panel to retrieve odds.
540453,2025-10-04T00:00:00Z,SCHEDULED,6,REGULAR_SEASON,,2025-08-23T00:20:52Z,[],2088,Germany,DEU,https://crests.football-data.org/759.svg,2002,Bundesliga,BL1,LEAGUE,https://crests.football-data.org/BL1.png,2414,2025-08-22,2026-05-16,1,,4,Borussia Dortmund,Dortmund,BVB,https://crests.football-data.org/4.png,721,RB Leipzig,RB Leipzig,RBL,https://crests.football-data.org/721.png,,REGULAR,,,,,Activate Odds-Package in User-Panel to retrieve odds.
540454,2025-10-04T00:00:00Z,SCHEDULED,6,REGULAR_SEASON,,2025-08-23T00:20:52Z,[],2088,Germany,DEU,https://crests.football-data.org/759.svg,2002,Bundesliga,BL1,LEAGUE,https://crests.football-data.org/BL1.png,2414,2025-08-22,2026-05-16,1,,12,SV Werder Bremen,Bremen,SVW,https://crests.football-data.org/12.png,20,FC St. Pauli 1910,St. Pauli,STP,https://crests.football-data.org/20.png,,REGULAR,,,,,Activate Odds-Package in User-Panel to retrieve odds.
540455,2025-10-04T00:00:00Z,SCHEDULED,6,REGULAR_SEASON,,2025-08-23T00:20:52Z,[],2088,Germany,DEU,https://crests.football-data.org/759.svg,2002,Bundesliga,BL1,LEAGUE,https://crests.football-data.org/BL1.png,2414,2025-08-22,2026-05-16,1,,10,VfB Stuttgart,Stuttgart,VFB,https://crests.football-data.org/10.png,44,1. FC Heidenheim 1846,Heidenheim,HEI,https://crests.football-data.org/44.png,,REGULAR,,,,,Activate Odds-Package in User-Panel to retrieve odds.
540456,2025-10-04T00:00:00Z,SCHEDULED,6,REGULAR_SEASON,,2025-06-27T16:59:43Z,[],2088,Germany,DEU,https://crests.football-data.org/759.svg,2002,Bundesliga,BL1,LEAGUE,https://crests.football-data.org/BL1.png,2414,2025-08-22,2026-05-16,1,,18,Borussia Mönchengladbach,M'gladbach,BMG,https://crests.football-data.org/18.png,17,SC Freiburg,Freiburg,SCF,https://crests.football-data.org/17.png,,REGULAR,,,,,Activate Odds-Package in User-Panel to retrieve odds.
540457,2025-10-04T00:00:00Z,SCHEDULED,6,REGULAR_SEASON,,2025-08-23T00:20:52Z,[],2088,Germany,DEU,https://crests.football-data.org/759.svg,2002,Bundesliga,BL1,LEAGUE,https://crests.football-data.org/BL1.png,2414,2025-08-22,2026-05-16,1,,16,FC Augsburg,Augsburg,FCA,https://crests.football-data.org/16.png,11,VfL Wolfsburg,Wolfsburg,WOB,https://crests.football-data.org/11.png,,REGULAR,,,,,Activate Odds-Package in User-Panel to retrieve odds.
540458,2025-10-04T00:00:00Z,SCHEDULED,6,REGULAR_SEASON,,2025-06-27T16:59:43Z,[],2088,Germany,DEU,https://crests.football-data.org/759.svg,2002,Bundesliga,BL1,LEAGUE,https://crests.football-data.org/BL1.png,2414,2025-08-22,2026-05-16,1,,2,TSG 1899 Hoffenheim,Hoffenheim,TSG,https://crests.football-data.org/2.png,1,1. FC Köln,1. FC Köln,KOE,https://crests.football-data.org/1.png,,REGULAR,,,,,Activate Odds-Package in User-Panel to retrieve odds.
540459,2025-10-04T00:00:00Z,SCHEDULED,6,REGULAR_SEASON,,2025-06-27T16:59:43Z,[],2088,Germany,DEU,https://crests.football-data.org/759.svg,2002,Bundesliga,BL1,LEAGUE,https://crests.football-data.org/BL1.png,2414,2025-08-22,2026-05-16,1,,7,Hamburger SV,HSV,HSV,https://crests.football-data.org/7.png,15,1. FSV Mainz 05,Mainz,M05,https://crests.football-data.org/15.png,,REGULAR,,,,,Activate Odds-Package in User-Panel to retrieve odds.
540460,2025-10-18T00:00:00Z,SCHEDULED,7,REGULAR_SEASON,,2025-08-23T00:20:52Z,[],2088,Germany,DEU,https://crests.football-data.org/759.svg,2002,Bundesliga,BL1,LEAGUE,https://crests.football-data.org/BL1.png,2414,2025-08-22,2026-05-16,1,,5,FC Bayern München,Bayern,FCB,https://crests.football-data.org/5.png,4,Borussia Dortmund,Dortmund,BVB,https://crests.football-data.org/4.png,,REGULAR,,,,,Activate Odds-Package in User-Panel to retrieve odds.
540461,2025-10-18T00:00:00Z,SCHEDULED,7,REGULAR_SEASON,,2025-06-27T16:59:43Z,[],2088,Germany,DEU,https://crests.football-data.org/759.svg,2002,Bundesliga,BL1,LEAGUE,https://crests.football-data.org/BL1.png,2414,2025-08-22,2026-05-16,1,,17,SC Freiburg,Freiburg,SCF,https://crests.football-data.org/17.png,19,Eintracht Frankfurt,Frankfurt,SGE,https://crests.football-data.org/19.png,,REGULAR,,,,,Activate Odds-Package in User-Panel to retrieve odds.
540462,2025-10-18T00:00:00Z,SCHEDULED,7,REGULAR_SEASON,,2025-08-23T00:20:52Z,[],2088,Germany,DEU,https://crests.football-data.org/759.svg,2002,Bundesliga,BL1,LEAGUE,https://crests.football-data.org/BL1.png,2414,2025-08-22,2026-05-16,1,,15,1. FSV Mainz 05,Mainz,M05,https://crests.football-data.org/15.png,3,Bayer 04 Leverkusen,Leverkusen,B04,https://crests.football-data.org/3.png,,REGULAR,,,,,Activate Odds-Package in User-Panel to retrieve odds.
540463,2025-10-18T00:00:00Z,SCHEDULED,7,REGULAR_SEASON,,2025-06-27T16:59:43Z,[],2088,Germany,DEU,https://crests.football-data.org/759.svg,2002,Bundesliga,BL1,LEAGUE,https://crests.football-data.org/BL1.png,2414,2025-08-22,2026-05-16,1,,721,RB Leipzig,RB Leipzig,RBL,https://crests.football-data.org/721.png,7,Hamburger SV,HSV,HSV,https://crests.football-data.org/7.png,,REGULAR,,,,,Activate Odds-Package in User-Panel to retrieve odds.
540464,2025-10-18T00:00:00Z,SCHEDULED,7,REGULAR_SEASON,,2025-08-23T00:20:52Z,[],2088,Germany,DEU,https://crests.football-data.org/759.svg,2002,Bundesliga,BL1,LEAGUE,https://crests.football-data.org/BL1.png,2414,2025-08-22,2026-05-16,1,,11,VfL Wolfsburg,Wolfsburg,WOB,https://crests.football-data.org/11.png,10,VfB Stuttgart,Stuttgart,VFB,https://crests.football-data.org/10.png,,REGULAR,,,,,Activate Odds-Package in User-Panel to retrieve odds.
540465,2025-10-18T00:00:00Z,SCHEDULED,7,REGULAR_SEASON,,2025-06-27T16:59:44Z,[],2088,Germany,DEU,https://crests.football-data.org/759.svg,2002,Bundesliga,BL1,LEAGUE,https://crests.football-data.org/BL1.png,2414,2025-08-22,2026-05-16,1,,28,1. FC Union Berlin,Union Berlin,UNB,https://crests.football-data.org/28.png,18,Borussia Mönchengladbach,M'gladbach,BMG,https://crests.football-data.org/18.png,,REGULAR,,,,,Activate Odds-Package in User-Panel to retrieve odds.
540466,2025-10-18T00:00:00Z,SCHEDULED,7,REGULAR_SEASON,,2025-06-27T16:59:44Z,[],2088,Germany,DEU,https://crests.football-data.org/759.svg,2002,Bundesliga,BL1,LEAGUE,https://crests.football-data.org/BL1.png,2414,2025-08-22,2026-05-16,1,,20,FC St. Pauli 1910,St. Pauli,STP,https://crests.football-data.org/20.png,2,TSG 1899 Hoffenheim,Hoffenheim,TSG,https://crests.football-data.org/2.png,,REGULAR,,,,,Activate Odds-Package in User-Panel to retrieve odds.
540467,2025-10-18T00:00:00Z,SCHEDULED,7,REGULAR_SEASON,,2025-08-23T00:20:52Z,[],2088,Germany,DEU,https://crests.football-data.org/759.svg,2002,Bundesliga,BL1,LEAGUE,https://crests.football-data.org/BL1.png,2414,2025-08-22,2026-05-16,1,,44,1. FC Heidenheim 1846,Heidenheim,HEI,https://crests.football-data.org/44.png,12,SV Werder Bremen,Bremen,SVW,https://crests.football-data.org/12.png,,REGULAR,,,,,Activate Odds-Package in User-Panel to retrieve odds.
540468,2025-10-18T00:00:00Z,SCHEDULED,7,REGULAR_SEASON,,2025-06-27T16:59:44Z,[],2088,Germany,DEU,https://crests.football-data.org/759.svg,2002,Bundesliga,BL1,LEAGUE,https://crests.football-data.org/BL1.png,2414,2025-08-22,2026-05-16,1,,1,1. FC Köln,1. FC Köln,KOE,https://crests.football-data.org/1.png,16,FC Augsburg,Augsburg,FCA,https://crests.football-data.org/16.png,,REGULAR,,,,,Activate Odds-Package in User-Panel to retrieve odds.
540469,2025-10-25T00:00:00Z,SCHEDULED,8,REGULAR_SEASON,,2025-08-23T00:20:52Z,[],2088,Germany,DEU,https://crests.football-data.org/759.svg,2002,Bundesliga,BL1,LEAGUE,https://crests.football-data.org/BL1.png,2414,2025-08-22,2026-05-16,1,,3,Bayer 04 Leverkusen,Leverkusen,B04,https://crests.football-data.org/3.png,17,SC Freiburg,Freiburg,SCF,https://crests.football-data.org/17.png,,REGULAR,,,,,Activate Odds-Package in User-Panel to retrieve odds.
540470,2025-10-25T00:00:00Z,SCHEDULED,8,REGULAR_SEASON,,2025-06-27T16:59:44Z,[],2088,Germany,DEU,https://crests.football-data.org/759.svg,2002,Bundesliga,BL1,LEAGUE,https://crests.football-data.org/BL1.png,2414,2025-08-22,2026-05-16,1,,19,Eintracht Frankfurt,Frankfurt,SGE,https://crests.football-data.org/19.png,20,FC St. Pauli 1910,St. Pauli,STP,https://crests.football-data.org/20.png,,REGULAR,,,,,Activate Odds-Package in User-Panel to retrieve odds.
540471,2025-10-25T00:00:00Z,SCHEDULED,8,REGULAR_SEASON,,2025-08-23T00:20:52Z,[],2088,Germany,DEU,https://crests.football-data.org/759.svg,2002,Bundesliga,BL1,LEAGUE,https://crests.football-data.org/BL1.png,2414,2025-08-22,2026-05-16,1,,4,Borussia Dortmund,Dortmund,BVB,https://crests.football-data.org/4.png,1,1. FC Köln,1. FC Köln,KOE,https://crests.football-data.org/1.png,,REGULAR,,,,,Activate Odds-Package in User-Panel to retrieve odds.
540472,2025-10-25T00:00:00Z,SCHEDULED,8,REGULAR_SEASON,,2025-08-23T00:20:52Z,[],2088,Germany,DEU,https://crests.football-data.org/759.svg,2002,Bundesliga,BL1,LEAGUE,https://crests.football-data.org/BL1.png,2414,2025-08-22,2026-05-16,1,,12,SV Werder Bremen,Bremen,SVW,https://crests.football-data.org/12.png,28,1. FC Union Berlin,Union Berlin,UNB,https://crests.football-data.org/28.png,,REGULAR,,,,,Activate Odds-Package in User-Panel to retrieve odds.
540473,2025-10-25T00:00:00Z,SCHEDULED,8,REGULAR_SEASON,,2025-08-23T00:20:52Z,[],2088,Germany,DEU,https://crests.football-data.org/759.svg,2002,Bundesliga,BL1,LEAGUE,https://crests.football-data.org/BL1.png,2414,2025-08-22,2026-05-16,1,,10,VfB Stuttgart,Stuttgart,VFB,https://crests.football-data.org/10.png,15,1. FSV Mainz 05,Mainz,M05,https://crests.football-data.org/15.png,,REGULAR,,,,,Activate Odds-Package in User-Panel to retrieve odds.
540474,2025-10-25T00:00:00Z,SCHEDULED,8,REGULAR_SEASON,,2025-08-23T00:20:52Z,[],2088,Germany,DEU,https://crests.football-data.org/759.svg,2002,Bundesliga,BL1,LEAGUE,https://crests.football-data.org/BL1.png,2414,2025-08-22,2026-05-16,1,,18,Borussia Mönchengladbach,M'gladbach,BMG,https://crests.football-data.org/18.png,5,FC Bayern München,Bayern,FCB,https://crests.football-data.org/5.png,,REGULAR,,,,,Activate Odds-Package in User-Panel to retrieve odds.
540475,2025-10-25T00:00:00Z,SCHEDULED,8,REGULAR_SEASON,,2025-06-27T16:59:44Z,[],2088,Germany,DEU,https://crests.football-data.org/759.svg,2002,Bundesliga,BL1,LEAGUE,https://crests.football-data.org/BL1.png,2414,2025-08-22,2026-05-16,1,,16,FC Augsburg,Augsburg,FCA,https://crests.football-data.org/16.png,721,RB Leipzig,RB Leipzig,RBL,https://crests.football-data.org/721.png,,REGULAR,,,,,Activate Odds-Package in User-Panel to retrieve odds.
540476,2025-10-25T00:00:00Z,SCHEDULED,8,REGULAR_SEASON,,2025-06-27T16:59:44Z,[],2088,Germany,DEU,https://crests.football-data.org/759.svg,2002,Bundesliga,BL1,LEAGUE,https://crests.football-data.org/BL1.png,2414,2025-08-22,2026-05-16,1,,2,TSG 1899 Hoffenheim,Hoffenheim,TSG,https://crests.football-data.org/2.png,44,1. FC Heidenheim 1846,Heidenheim,HEI,https://crests.football-data.org/44.png,,REGULAR,,,,,Activate Odds-Package in User-Panel to retrieve odds.
540477,2025-10-25T00:00:00Z,SCHEDULED,8,REGULAR_SEASON,,2025-08-23T00:20:52Z,[],2088,Germany,DEU,https://crests.football-data.org/759.svg,2002,Bundesliga,BL1,LEAGUE,https://crests.football-data.org/BL1.png,2414,2025-08-22,2026-05-16,1,,7,Hamburger SV,HSV,HSV,https://crests.football-data.org/7.png,11,VfL Wolfsburg,Wolfsburg,WOB,https://crests.football-data.org/11.png,,REGULAR,,,,,Activate Odds-Package in User-Panel to retrieve odds.
540478,2025-11-01T00:00:00Z,SCHEDULED,9,REGULAR_SEASON,,2025-08-23T00:20:52Z,[],2088,Germany,DEU,https://crests.football-data.org/759.svg,2002,Bundesliga,BL1,LEAGUE,https://crests.football-data.org/BL1.png,2414,2025-08-22,2026-05-16,1,,5,FC Bayern München,Bayern,FCB,https://crests.football-data.org/5.png,3,Bayer 04 Leverkusen,Leverkusen,B04,https://crests.football-data.org/3.png,,REGULAR,,,,,Activate Odds-Package in User-Panel to retrieve odds.
540479,2025-11-01T00:00:00Z,SCHEDULED,9,REGULAR_SEASON,,2025-08-23T00:20:52Z,[],2088,Germany,DEU,https://crests.football-data.org/759.svg,2002,Bundesliga,BL1,LEAGUE,https://crests.football-data.org/BL1.png,2414,2025-08-22,2026-05-16,1,,15,1. FSV Mainz 05,Mainz,M05,https://crests.football-data.org/15.png,12,SV Werder Bremen,Bremen,SVW,https://crests.football-data.org/12.png,,REGULAR,,,,,Activate Odds-Package in User-Panel to retrieve odds.
540480,2025-11-01T00:00:00Z,SCHEDULED,9,REGULAR_SEASON,,2025-08-23T00:20:52Z,[],2088,Germany,DEU,https://crests.football-data.org/759.svg,2002,Bundesliga,BL1,LEAGUE,https://crests.football-data.org/BL1.png,2414,2025-08-22,2026-05-16,1,,721,RB Leipzig,RB Leipzig,RBL,https://crests.football-data.org/721.png,10,VfB Stuttgart,Stuttgart,VFB,https://crests.football-data.org/10.png,,REGULAR,,,,,Activate Odds-Package in User-Panel to retrieve odds.
540481,2025-11-01T00:00:00Z,SCHEDULED,9,REGULAR_SEASON,,2025-08-23T00:20:52Z,[],2088,Germany,DEU,https://crests.football-data.org/759.svg,2002,Bundesliga,BL1,LEAGUE,https://crests.football-data.org/BL1.png,2414,2025-08-22,2026-05-16,1,,11,VfL Wolfsburg,Wolfsburg,WOB,https://crests.football-data.org/11.png,2,TSG 1899 Hoffenheim,Hoffenheim,TSG,https://crests.football-data.org/2.png,,REGULAR,,,,,Activate Odds-Package in User-Panel to retrieve odds.
540482,2025-11-01T00:00:00Z,SCHEDULED,9,REGULAR_SEASON,,2025-08-23T00:20:52Z,[],2088,Germany,DEU,https://crests.football-data.org/759.svg,2002,Bundesliga,BL1,LEAGUE,https://crests.football-data.org/BL1.png,2414,2025-08-22,2026-05-16,1,,16,FC Augsburg,Augsburg,FCA,https://crests.football-data.org/16.png,4,Borussia Dortmund,Dortmund,BVB,https://crests.football-data.org/4.png,,REGULAR,,,,,Activate Odds-Package in User-Panel to retrieve odds.
540483,2025-11-01T00:00:00Z,SCHEDULED,9,REGULAR_SEASON,,2025-06-27T16:59:44Z,[],2088,Germany,DEU,https://crests.football-data.org/759.svg,2002,Bundesliga,BL1,LEAGUE,https://crests.football-data.org/BL1.png,2414,2025-08-22,2026-05-16,1,,28,1. FC Union Berlin,Union Berlin,UNB,https://crests.football-data.org/28.png,17,SC Freiburg,Freiburg,SCF,https://crests.football-data.org/17.png,,REGULAR,,,,,Activate Odds-Package in User-Panel to retrieve odds.
540484,2025-11-01T00:00:00Z,SCHEDULED,9,REGULAR_SEASON,,2025-06-27T16:59:44Z,[],2088,Germany,DEU,https://crests.football-data.org/759.svg,2002,Bundesliga,BL1,LEAGUE,https://crests.football-data.org/BL1.png,2414,2025-08-22,2026-05-16,1,,20,FC St. Pauli 1910,St. Pauli,STP,https://crests.football-data.org/20.png,18,Borussia Mönchengladbach,M'gladbach,BMG,https://crests.football-data.org/18.png,,REGULAR,,,,,Activate Odds-Package in User-Panel to retrieve odds.
540485,2025-11-01T00:00:00Z,SCHEDULED,9,REGULAR_SEASON,,2025-06-27T16:59:44Z,[],2088,Germany,DEU,https://crests.football-data.org/759.svg,2002,Bundesliga,BL1,LEAGUE,https://crests.football-data.org/BL1.png,2414,2025-08-22,2026-05-16,1,,44,1. FC Heidenheim 1846,Heidenheim,HEI,https://crests.football-data.org/44.png,19,Eintracht Frankfurt,Frankfurt,SGE,https://crests.football-data.org/19.png,,REGULAR,,,,,Activate Odds-Package in User-Panel to retrieve odds.
540486,2025-11-01T00:00:00Z,SCHEDULED,9,REGULAR_SEASON,,2025-06-27T16:59:44Z,[],2088,Germany,DEU,https://crests.football-data.org/759.svg,2002,Bundesliga,BL1,LEAGUE,https://crests.football-data.org/BL1.png,2414,2025-08-22,2026-05-16,1,,1,1. FC Köln,1. FC Köln,KOE,https://crests.football-data.org/1.png,7,Hamburger SV,HSV,HSV,https://crests.football-data.org/7.png,,REGULAR,,,,,Activate Odds-Package in User-Panel to retrieve odds.
540487,2025-11-08T00:00:00Z,SCHEDULED,10,REGULAR_SEASON,,2025-08-23T00:20:52Z,[],2088,Germany,DEU,https://crests.football-data.org/759.svg,2002,Bundesliga,BL1,LEAGUE,https://crests.football-data.org/BL1.png,2414,2025-08-22,2026-05-16,1,,3,Bayer 04 Leverkusen,Leverkusen,B04,https://crests.football-data.org/3.png,44,1. FC Heidenheim 1846,Heidenheim,HEI,https://crests.football-data.org/44.png,,REGULAR,,,,,Activate Odds-Package in User-Panel to retrieve odds.
540488,2025-11-08T00:00:00Z,SCHEDULED,10,REGULAR_SEASON,,2025-06-27T16:59:44Z,[],2088,Germany,DEU,https://crests.football-data.org/759.svg,2002,Bundesliga,BL1,LEAGUE,https://crests.football-data.org/BL1.png,2414,2025-08-22,2026-05-16,1,,19,Eintracht Frankfurt,Frankfurt,SGE,https://crests.football-data.org/19.png,15,1. FSV Mainz 05,Mainz,M05,https://crests.football-data.org/15.png,,REGULAR,,,,,Activate Odds-Package in User-Panel to retrieve odds.
540489,2025-11-08T00:00:00Z,SCHEDULED,10,REGULAR_SEASON,,2025-06-27T16:59:44Z,[],2088,Germany,DEU,https://crests.football-data.org/759.svg,2002,Bundesliga,BL1,LEAGUE,https://crests.football-data.org/BL1.png,2414,2025-08-22,2026-05-16,1,,17,SC Freiburg,Freiburg,SCF,https://crests.football-data.org/17.png,20,FC St. Pauli 1910,St. Pauli,STP,https://crests.football-data.org/20.png,,REGULAR,,,,,Activate Odds-Package in User-Panel to retrieve odds.
540490,2025-11-08T00:00:00Z,SCHEDULED,10,REGULAR_SEASON,,2025-08-23T00:20:52Z,[],2088,Germany,DEU,https://crests.football-data.org/759.svg,2002,Bundesliga,BL1,LEAGUE,https://crests.football-data.org/BL1.png,2414,2025-08-22,2026-05-16,1,,12,SV Werder Bremen,Bremen,SVW,https://crests.football-data.org/12.png,11,VfL Wolfsburg,Wolfsburg,WOB,https://crests.football-data.org/11.png,,REGULAR,,,,,Activate Odds-Package in User-Panel to retrieve odds.
540491,2025-11-08T00:00:00Z,SCHEDULED,10,REGULAR_SEASON,,2025-08-23T00:20:52Z,[],2088,Germany,DEU,https://crests.football-data.org/759.svg,2002,Bundesliga,BL1,LEAGUE,https://crests.football-data.org/BL1.png,2414,2025-08-22,2026-05-16,1,,10,VfB Stuttgart,Stuttgart,VFB,https://crests.football-data.org/10.png,16,FC Augsburg,Augsburg,FCA,https://crests.football-data.org/16.png,,REGULAR,,,,,Activate Odds-Package in User-Panel to retrieve odds.
540492,2025-11-08T00:00:00Z,SCHEDULED,10,REGULAR_SEASON,,2025-06-27T16:59:44Z,[],2088,Germany,DEU,https://crests.football-data.org/759.svg,2002,Bundesliga,BL1,LEAGUE,https://crests.football-data.org/BL1.png,2414,2025-08-22,2026-05-16,1,,18,Borussia Mönchengladbach,M'gladbach,BMG,https://crests.football-data.org/18.png,1,1. FC Köln,1. FC Köln,KOE,https://crests.football-data.org/1.png,,REGULAR,,,,,Activate Odds-Package in User-Panel to retrieve odds.
540493,2025-11-08T00:00:00Z,SCHEDULED,10,REGULAR_SEASON,,2025-08-23T00:20:52Z,[],2088,Germany,DEU,https://crests.football-data.org/759.svg,2002,Bundesliga,BL1,LEAGUE,https://crests.football-data.org/BL1.png,2414,2025-08-22,2026-05-16,1,,28,1. FC Union Berlin,Union Berlin,UNB,https://crests.football-data.org/28.png,5,FC Bayern München,Bayern,FCB,https://crests.football-data.org/5.png,,REGULAR,,,,,Activate Odds-Package in User-Panel to retrieve odds.
540494,2025-11-08T00:00:00Z,SCHEDULED,10,REGULAR_SEASON,,2025-06-27T16:59:44Z,[],2088,Germany,DEU,https://crests.football-data.org/759.svg,2002,Bundesliga,BL1,LEAGUE,https://crests.football-data.org/BL1.png,2414,2025-08-22,2026-05-16,1,,2,TSG 1899 Hoffenheim,Hoffenheim,TSG,https://crests.football-data.org/2.png,721,RB Leipzig,RB Leipzig,RBL,https://crests.football-data.org/721.png,,REGULAR,,,,,Activate Odds-Package in User-Panel to retrieve odds.
540495,2025-11-08T00:00:00Z,SCHEDULED,10,REGULAR_SEASON,,2025-08-23T00:20:52Z,[],2088,Germany,DEU,https://crests.football-data.org/759.svg,2002,Bundesliga,BL1,LEAGUE,https://crests.football-data.org/BL1.png,2414,2025-08-22,2026-05-16,1,,7,Hamburger SV,HSV,HSV,https://crests.football-data.org/7.png,4,Borussia Dortmund,Dortmund,BVB,https://crests.football-data.org/4.png,,REGULAR,,,,,Activate Odds-Package in User-Panel to retrieve odds.
540496,2025-11-22T00:00:00Z,SCHEDULED,11,REGULAR_SEASON,,2025-08-23T00:20:52Z,[],2088,Germany,DEU,https://crests.football-data.org/759.svg,2002,Bundesliga,BL1,LEAGUE,https://crests.football-data.org/BL1.png,2414,2025-08-22,2026-05-16,1,,5,FC Bayern München,Bayern,FCB,https://crests.football-data.org/5.png,17,SC Freiburg,Freiburg,SCF,https://crests.football-data.org/17.png,,REGULAR,,,,,Activate Odds-Package in User-Panel to retrieve odds.
540497,2025-11-22T00:00:00Z,SCHEDULED,11,REGULAR_SEASON,,2025-08-23T00:20:52Z,[],2088,Germany,DEU,https://crests.football-data.org/759.svg,2002,Bundesliga,BL1,LEAGUE,https://crests.football-data.org/BL1.png,2414,2025-08-22,2026-05-16,1,,4,Borussia Dortmund,Dortmund,BVB,https://crests.football-data.org/4.png,10,VfB Stuttgart,Stuttgart,VFB,https://crests.football-data.org/10.png,,REGULAR,,,,,Activate Odds-Package in User-Panel to retrieve odds.
540498,2025-11-22T00:00:00Z,SCHEDULED,11,REGULAR_SEASON,,2025-06-27T16:59:44Z,[],2088,Germany,DEU,https://crests.football-data.org/759.svg,2002,Bundesliga,BL1,LEAGUE,https://crests.football-data.org/BL1.png,2414,2025-08-22,2026-05-16,1,,15,1. FSV Mainz 05,Mainz,M05,https://crests.football-data.org/15.png,2,TSG 1899 Hoffenheim,Hoffenheim,TSG,https://crests.football-data.org/2.png,,REGULAR,,,,,Activate Odds-Package in User-Panel to retrieve odds.
540499,2025-11-22T00:00:00Z,SCHEDULED,11,REGULAR_SEASON,,2025-08-23T00:20:52Z,[],2088,Germany,DEU,https://crests.football-data.org/759.svg,2002,Bundesliga,BL1,LEAGUE,https://crests.football-data.org/BL1.png,2414,2025-08-22,2026-05-16,1,,721,RB Leipzig,RB Leipzig,RBL,https://crests.football-data.org/721.png,12,SV Werder Bremen,Bremen,SVW,https://crests.football-data.org/12.png,,REGULAR,,,,,Activate Odds-Package in User-Panel to retrieve odds.
540500,2025-11-22T00:00:00Z,SCHEDULED,11,REGULAR_SEASON,,2025-08-23T00:20:52Z,[],2088,Germany,DEU,https://crests.football-data.org/759.svg,2002,Bundesliga,BL1,LEAGUE,https://crests.football-data.org/BL1.png,2414,2025-08-22,2026-05-16,1,,11,VfL Wolfsburg,Wolfsburg,WOB,https://crests.football-data.org/11.png,3,Bayer 04 Leverkusen,Leverkusen,B04,https://crests.football-data.org/3.png,,REGULAR,,,,,Activate Odds-Package in User-Panel to retrieve odds.
540501,2025-11-22T00:00:00Z,SCHEDULED,11,REGULAR_SEASON,,2025-06-27T16:59:44Z,[],2088,Germany,DEU,https://crests.football-data.org/759.svg,2002,Bundesliga,BL1,LEAGUE,https://crests.football-data.org/BL1.png,2414,2025-08-22,2026-05-16,1,,16,FC Augsburg,Augsburg,FCA,https://crests.football-data.org/16.png,7,Hamburger SV,HSV,HSV,https://crests.football-data.org/7.png,,REGULAR,,,,,Activate Odds-Package in User-Panel to retrieve odds.
540502,2025-11-22T00:00:00Z,SCHEDULED,11,REGULAR_SEASON,,2025-06-27T16:59:44Z,[],2088,Germany,DEU,https://crests.football-data.org/759.svg,2002,Bundesliga,BL1,LEAGUE,https://crests.football-data.org/BL1.png,2414,2025-08-22,2026-05-16,1,,20,FC St. Pauli 1910,St. Pauli,STP,https://crests.football-data.org/20.png,28,1. FC Union Berlin,Union Berlin,UNB,https://crests.football-data.org/28.png,,REGULAR,,,,,Activate Odds-Package in User-Panel to retrieve odds.
540503,2025-11-22T00:00:00Z,SCHEDULED,11,REGULAR_SEASON,,2025-06-27T16:59:44Z,[],2088,Germany,DEU,https://crests.football-data.org/759.svg,2002,Bundesliga,BL1,LEAGUE,https://crests.football-data.org/BL1.png,2414,2025-08-22,2026-05-16,1,,44,1. FC Heidenheim 1846,Heidenheim,HEI,https://crests.football-data.org/44.png,18,Borussia Mönchengladbach,M'gladbach,BMG,https://crests.football-data.org/18.png,,REGULAR,,,,,Activate Odds-Package in User-Panel to retrieve odds.
540504,2025-11-22T00:00:00Z,SCHEDULED,11,REGULAR_SEASON,,2025-06-27T16:59:44Z,[],2088,Germany,DEU,https://crests.football-data.org/759.svg,2002,Bundesliga,BL1,LEAGUE,https://crests.football-data.org/BL1.png,2414,2025-08-22,2026-05-16,1,,1,1. FC Köln,1. FC Köln,KOE,https://crests.football-data.org/1.png,19,Eintracht Frankfurt,Frankfurt,SGE,https://crests.football-data.org/19.png,,REGULAR,,,,,Activate Odds-Package in User-Panel to retrieve odds.
540505,2025-11-29T00:00:00Z,SCHEDULED,12,REGULAR_SEASON,,2025-08-23T00:20:52Z,[],2088,Germany,DEU,https://crests.football-data.org/759.svg,2002,Bundesliga,BL1,LEAGUE,https://crests.football-data.org/BL1.png,2414,2025-08-22,2026-05-16,1,,5,FC Bayern München,Bayern,FCB,https://crests.football-data.org/5.png,20,FC St. Pauli 1910,St. Pauli,STP,https://crests.football-data.org/20.png,,REGULAR,,,,,Activate Odds-Package in User-Panel to retrieve odds.
540506,2025-11-29T00:00:00Z,SCHEDULED,12,REGULAR_SEASON,,2025-08-23T00:20:52Z,[],2088,Germany,DEU,https://crests.football-data.org/759.svg,2002,Bundesliga,BL1,LEAGUE,https://crests.football-data.org/BL1.png,2414,2025-08-22,2026-05-16,1,,3,Bayer 04 Leverkusen,Leverkusen,B04,https://crests.football-data.org/3.png,4,Borussia Dortmund,Dortmund,BVB,https://crests.football-data.org/4.png,,REGULAR,,,,,Activate Odds-Package in User-Panel to retrieve odds.
540507,2025-11-29T00:00:00Z,SCHEDULED,12,REGULAR_SEASON,,2025-08-23T00:20:52Z,[],2088,Germany,DEU,https://crests.football-data.org/759.svg,2002,Bundesliga,BL1,LEAGUE,https://crests.football-data.org/BL1.png,2414,2025-08-22,2026-05-16,1,,19,Eintracht Frankfurt,Frankfurt,SGE,https://crests.football-data.org/19.png,11,VfL Wolfsburg,Wolfsburg,WOB,https://crests.football-data.org/11.png,,REGULAR,,,,,Activate Odds-Package in User-Panel to retrieve odds.
540508,2025-11-29T00:00:00Z,SCHEDULED,12,REGULAR_SEASON,,2025-06-27T16:59:45Z,[],2088,Germany,DEU,https://crests.football-data.org/759.svg,2002,Bundesliga,BL1,LEAGUE,https://crests.football-data.org/BL1.png,2414,2025-08-22,2026-05-16,1,,17,SC Freiburg,Freiburg,SCF,https://crests.football-data.org/17.png,15,1. FSV Mainz 05,Mainz,M05,https://crests.football-data.org/15.png,,REGULAR,,,,,Activate Odds-Package in User-Panel to retrieve odds.
540509,2025-11-29T00:00:00Z,SCHEDULED,12,REGULAR_SEASON,,2025-08-23T00:20:52Z,[],2088,Germany,DEU,https://crests.football-data.org/759.svg,2002,Bundesliga,BL1,LEAGUE,https://crests.football-data.org/BL1.png,2414,2025-08-22,2026-05-16,1,,12,SV Werder Bremen,Bremen,SVW,https://crests.football-data.org/12.png,1,1. FC Köln,1. FC Köln,KOE,https://crests.football-data.org/1.png,,REGULAR,,,,,Activate Odds-Package in User-Panel to retrieve odds.
540510,2025-11-29T00:00:00Z,SCHEDULED,12,REGULAR_SEASON,,2025-06-27T16:59:45Z,[],2088,Germany,DEU,https://crests.football-data.org/759.svg,2002,Bundesliga,BL1,LEAGUE,https://crests.football-data.org/BL1.png,2414,2025-08-22,2026-05-16,1,,18,Borussia Mönchengladbach,M'gladbach,BMG,https://crests.football-data.org/18.png,721,RB Leipzig,RB Leipzig,RBL,https://crests.football-data.org/721.png,,REGULAR,,,,,Activate Odds-Package in User-Panel to retrieve odds.
540511,2025-11-29T00:00:00Z,SCHEDULED,12,REGULAR_SEASON,,2025-06-27T16:59:45Z,[],2088,Germany,DEU,https://crests.football-data.org/759.svg,2002,Bundesliga,BL1,LEAGUE,https://crests.football-data.org/BL1.png,2414,2025-08-22,2026-05-16,1,,28,1. FC Union Berlin,Union Berlin,UNB,https://crests.football-data.org/28.png,44,1. FC Heidenheim 1846,Heidenheim,HEI,https://crests.football-data.org/44.png,,REGULAR,,,,,Activate Odds-Package in User-Panel to retrieve odds.
540512,2025-11-29T00:00:00Z,SCHEDULED,12,REGULAR_SEASON,,2025-06-27T16:59:45Z,[],2088,Germany,DEU,https://crests.football-data.org/759.svg,2002,Bundesliga,BL1,LEAGUE,https://crests.football-data.org/BL1.png,2414,2025-08-22,2026-05-16,1,,2,TSG 1899 Hoffenheim,Hoffenheim,TSG,https://crests.football-data.org/2.png,16,FC Augsburg,Augsburg,FCA,https://crests.football-data.org/16.png,,REGULAR,,,,,Activate Odds-Package in User-Panel to retrieve odds.
540513,2025-11-29T00:00:00Z,SCHEDULED,12,REGULAR_SEASON,,2025-08-23T00:20:52Z,[],2088,Germany,DEU,https://crests.football-data.org/759.svg,2002,Bundesliga,BL1,LEAGUE,https://crests.football-data.org/BL1.png,2414,2025-08-22,2026-05-16,1,,7,Hamburger SV,HSV,HSV,https://crests.football-data.org/7.png,10,VfB Stuttgart,Stuttgart,VFB,https://crests.football-data.org/10.png,,REGULAR,,,,,Activate Odds-Package in User-Panel to retrieve odds.
540514,2025-12-06T00:00:00Z,SCHEDULED,13,REGULAR_SEASON,,2025-08-23T00:20:52Z,[],2088,Germany,DEU,https://crests.football-data.org/759.svg,2002,Bundesliga,BL1,LEAGUE,https://crests.football-data.org/BL1.png,2414,2025-08-22,2026-05-16,1,,4,Borussia Dortmund,Dortmund,BVB,https://crests.football-data.org/4.png,2,TSG 1899 Hoffenheim,Hoffenheim,TSG,https://crests.football-data.org/2.png,,REGULAR,,,,,Activate Odds-Package in User-Panel to retrieve odds.
540515,2025-12-06T00:00:00Z,SCHEDULED,13,REGULAR_SEASON,,2025-06-27T16:59:45Z,[],2088,Germany,DEU,https://crests.football-data.org/759.svg,2002,Bundesliga,BL1,LEAGUE,https://crests.football-data.org/BL1.png,2414,2025-08-22,2026-05-16,1,,15,1. FSV Mainz 05,Mainz,M05,https://crests.football-data.org/15.png,18,Borussia Mönchengladbach,M'gladbach,BMG,https://crests.football-data.org/18.png,,REGULAR,,,,,Activate Odds-Package in User-Panel to retrieve odds.
540516,2025-12-06T00:00:00Z,SCHEDULED,13,REGULAR_SEASON,,2025-06-27T16:59:45Z,[],2088,Germany,DEU,https://crests.football-data.org/759.svg,2002,Bundesliga,BL1,LEAGUE,https://crests.football-data.org/BL1.png,2414,2025-08-22,2026-05-16,1,,721,RB Leipzig,RB Leipzig,RBL,https://crests.football-data.org/721.png,19,Eintracht Frankfurt,Frankfurt,SGE,https://crests.football-data.org/19.png,,REGULAR,,,,,Activate Odds-Package in User-Panel to retrieve odds.
540517,2025-12-06T00:00:00Z,SCHEDULED,13,REGULAR_SEASON,,2025-08-23T00:20:52Z,[],2088,Germany,DEU,https://crests.football-data.org/759.svg,2002,Bundesliga,BL1,LEAGUE,https://crests.football-data.org/BL1.png,2414,2025-08-22,2026-05-16,1,,10,VfB Stuttgart,Stuttgart,VFB,https://crests.football-data.org/10.png,5,FC Bayern München,Bayern,FCB,https://crests.football-data.org/5.png,,REGULAR,,,,,Activate Odds-Package in User-Panel to retrieve odds.
540518,2025-12-06T00:00:00Z,SCHEDULED,13,REGULAR_SEASON,,2025-08-23T00:20:52Z,[],2088,Germany,DEU,https://crests.football-data.org/759.svg,2002,Bundesliga,BL1,LEAGUE,https://crests.football-data.org/BL1.png,2414,2025-08-22,2026-05-16,1,,11,VfL Wolfsburg,Wolfsburg,WOB,https://crests.football-data.org/11.png,28,1. FC Union Berlin,Union Berlin,UNB,https://crests.football-data.org/28.png,,REGULAR,,,,,Activate Odds-Package in User-Panel to retrieve odds.
540519,2025-12-06T00:00:00Z,SCHEDULED,13,REGULAR_SEASON,,2025-06-27T16:59:45Z,[],2088,Germany,DEU,https://crests.football-data.org/759.svg,2002,Bundesliga,BL1,LEAGUE,https://crests.football-data.org/BL1.png,2414,2025-08-22,2026-05-16,1,,44,1. FC Heidenheim 1846,Heidenheim,HEI,https://crests.football-data.org/44.png,17,SC Freiburg,Freiburg,SCF,https://crests.football-data.org/17.png,,REGULAR,,,,,Activate Odds-Package in User-Panel to retrieve odds.
540520,2025-12-06T00:00:00Z,SCHEDULED,13,REGULAR_SEASON,,2025-06-27T16:59:45Z,[],2088,Germany,DEU,https://crests.football-data.org/759.svg,2002,Bundesliga,BL1,LEAGUE,https://crests.football-data.org/BL1.png,2414,2025-08-22,2026-05-16,1,,1,1. FC Köln,1. FC Köln,KOE,https://crests.football-data.org/1.png,20,FC St. Pauli 1910,St. Pauli,STP,https://crests.football-data.org/20.png,,REGULAR,,,,,Activate Odds-Package in User-Panel to retrieve odds.
540521,2025-12-06T00:00:00Z,SCHEDULED,13,REGULAR_SEASON,,2025-08-23T00:20:52Z,[],2088,Germany,DEU,https://crests.football-data.org/759.svg,2002,Bundesliga,BL1,LEAGUE,https://crests.football-data.org/BL1.png,2414,2025-08-22,2026-05-16,1,,7,Hamburger SV,HSV,HSV,https://crests.football-data.org/7.png,12,SV Werder Bremen,Bremen,SVW,https://crests.football-data.org/12.png,,REGULAR,,,,,Activate Odds-Package in User-Panel to retrieve odds.
540522,2025-12-06T00:00:00Z,SCHEDULED,13,REGULAR_SEASON,,2025-08-23T00:20:52Z,[],2088,Germany,DEU,https://crests.football-data.org/759.svg,2002,Bundesliga,BL1,LEAGUE,https://crests.football-data.org/BL1.png,2414,2025-08-22,2026-05-16,1,,16,FC Augsburg,Augsburg,FCA,https://crests.football-data.org/16.png,3,Bayer 04 Leverkusen,Leverkusen,B04,https://crests.football-data.org/3.png,,REGULAR,,,,,Activate Odds-Package in User-Panel to retrieve odds.
540523,2025-12-13T00:00:00Z,SCHEDULED,14,REGULAR_SEASON,,2025-08-23T00:20:52Z,[],2088,Germany,DEU,https://crests.football-data.org/759.svg,2002,Bundesliga,BL1,LEAGUE,https://crests.football-data.org/BL1.png,2414,2025-08-22,2026-05-16,1,,5,FC Bayern München,Bayern,FCB,https://crests.football-data.org/5.png,15,1. FSV Mainz 05,Mainz,M05,https://crests.football-data.org/15.png,,REGULAR,,,,,Activate Odds-Package in User-Panel to retrieve odds.
540524,2025-12-13T00:00:00Z,SCHEDULED,14,REGULAR_SEASON,,2025-08-23T00:20:52Z,[],2088,Germany,DEU,https://crests.football-data.org/759.svg,2002,Bundesliga,BL1,LEAGUE,https://crests.football-data.org/BL1.png,2414,2025-08-22,2026-05-16,1,,3,Bayer 04 Leverkusen,Leverkusen,B04,https://crests.football-data.org/3.png,1,1. FC Köln,1. FC Köln,KOE,https://crests.football-data.org/1.png,,REGULAR,,,,,Activate Odds-Package in User-Panel to retrieve odds.
540525,2025-12-13T00:00:00Z,SCHEDULED,14,REGULAR_SEASON,,2025-06-27T16:59:45Z,[],2088,Germany,DEU,https://crests.football-data.org/759.svg,2002,Bundesliga,BL1,LEAGUE,https://crests.football-data.org/BL1.png,2414,2025-08-22,2026-05-16,1,,19,Eintracht Frankfurt,Frankfurt,SGE,https://crests.football-data.org/19.png,16,FC Augsburg,Augsburg,FCA,https://crests.football-data.org/16.png,,REGULAR,,,,,Activate Odds-Package in User-Panel to retrieve odds.
540526,2025-12-13T00:00:00Z,SCHEDULED,14,REGULAR_SEASON,,2025-08-23T00:20:52Z,[],2088,Germany,DEU,https://crests.football-data.org/759.svg,2002,Bundesliga,BL1,LEAGUE,https://crests.football-data.org/BL1.png,2414,2025-08-22,2026-05-16,1,,17,SC Freiburg,Freiburg,SCF,https://crests.football-data.org/17.png,4,Borussia Dortmund,Dortmund,BVB,https://crests.football-data.org/4.png,,REGULAR,,,,,Activate Odds-Package in User-Panel to retrieve odds.
540527,2025-12-13T00:00:00Z,SCHEDULED,14,REGULAR_SEASON,,2025-08-23T00:20:52Z,[],2088,Germany,DEU,https://crests.football-data.org/759.svg,2002,Bundesliga,BL1,LEAGUE,https://crests.football-data.org/BL1.png,2414,2025-08-22,2026-05-16,1,,12,SV Werder Bremen,Bremen,SVW,https://crests.football-data.org/12.png,10,VfB Stuttgart,Stuttgart,VFB,https://crests.football-data.org/10.png,,REGULAR,,,,,Activate Odds-Package in User-Panel to retrieve odds.
540528,2025-12-13T00:00:00Z,SCHEDULED,14,REGULAR_SEASON,,2025-08-23T00:20:52Z,[],2088,Germany,DEU,https://crests.football-data.org/759.svg,2002,Bundesliga,BL1,LEAGUE,https://crests.football-data.org/BL1.png,2414,2025-08-22,2026-05-16,1,,18,Borussia Mönchengladbach,M'gladbach,BMG,https://crests.football-data.org/18.png,11,VfL Wolfsburg,Wolfsburg,WOB,https://crests.football-data.org/11.png,,REGULAR,,,,,Activate Odds-Package in User-Panel to retrieve odds.
540529,2025-12-13T00:00:00Z,SCHEDULED,14,REGULAR_SEASON,,2025-06-27T16:59:45Z,[],2088,Germany,DEU,https://crests.football-data.org/759.svg,2002,Bundesliga,BL1,LEAGUE,https://crests.football-data.org/BL1.png,2414,2025-08-22,2026-05-16,1,,28,1. FC Union Berlin,Union Berlin,UNB,https://crests.football-data.org/28.png,721,RB Leipzig,RB Leipzig,RBL,https://crests.football-data.org/721.png,,REGULAR,,,,,Activate Odds-Package in User-Panel to retrieve odds.
540530,2025-12-13T00:00:00Z,SCHEDULED,14,REGULAR_SEASON,,2025-06-27T16:59:45Z,[],2088,Germany,DEU,https://crests.football-data.org/759.svg,2002,Bundesliga,BL1,LEAGUE,https://crests.football-data.org/BL1.png,2414,2025-08-22,2026-05-16,1,,20,FC St. Pauli 1910,St. Pauli,STP,https://crests.football-data.org/20.png,44,1. FC Heidenheim 1846,Heidenheim,HEI,https://crests.football-data.org/44.png,,REGULAR,,,,,Activate Odds-Package in User-Panel to retrieve odds.
540531,2025-12-13T00:00:00Z,SCHEDULED,14,REGULAR_SEASON,,2025-06-27T16:59:45Z,[],2088,Germany,DEU,https://crests.football-data.org/759.svg,2002,Bundesliga,BL1,LEAGUE,https://crests.football-data.org/BL1.png,2414,2025-08-22,2026-05-16,1,,2,TSG 1899 Hoffenheim,Hoffenheim,TSG,https://crests.football-data.org/2.png,7,Hamburger SV,HSV,HSV,https://crests.football-data.org/7.png,,REGULAR,,,,,Activate Odds-Package in User-Panel to retrieve odds.
540532,2025-12-20T00:00:00Z,SCHEDULED,15,REGULAR_SEASON,,2025-08-23T00:20:52Z,[],2088,Germany,DEU,https://crests.football-data.org/759.svg,2002,Bundesliga,BL1,LEAGUE,https://crests.football-data.org/BL1.png,2414,2025-08-22,2026-05-16,1,,4,Borussia Dortmund,Dortmund,BVB,https://crests.football-data.org/4.png,18,Borussia Mönchengladbach,M'gladbach,BMG,https://crests.football-data.org/18.png,,REGULAR,,,,,Activate Odds-Package in User-Panel to retrieve odds.
540533,2025-12-20T00:00:00Z,SCHEDULED,15,REGULAR_SEASON,,2025-06-27T16:59:45Z,[],2088,Germany,DEU,https://crests.football-data.org/759.svg,2002,Bundesliga,BL1,LEAGUE,https://crests.football-data.org/BL1.png,2414,2025-08-22,2026-05-16,1,,15,1. FSV Mainz 05,Mainz,M05,https://crests.football-data.org/15.png,20,FC St. Pauli 1910,St. Pauli,STP,https://crests.football-data.org/20.png,,REGULAR,,,,,Activate Odds-Package in User-Panel to retrieve odds.
540534,2025-12-20T00:00:00Z,SCHEDULED,15,REGULAR_SEASON,,2025-08-23T00:20:52Z,[],2088,Germany,DEU,https://crests.football-data.org/759.svg,2002,Bundesliga,BL1,LEAGUE,https://crests.football-data.org/BL1.png,2414,2025-08-22,2026-05-16,1,,721,RB Leipzig,RB Leipzig,RBL,https://crests.football-data.org/721.png,3,Bayer 04 Leverkusen,Leverkusen,B04,https://crests.football-data.org/3.png,,REGULAR,,,,,Activate Odds-Package in User-Panel to retrieve odds.
540535,2025-12-20T00:00:00Z,SCHEDULED,15,REGULAR_SEASON,,2025-08-23T00:20:52Z,[],2088,Germany,DEU,https://crests.football-data.org/759.svg,2002,Bundesliga,BL1,LEAGUE,https://crests.football-data.org/BL1.png,2414,2025-08-22,2026-05-16,1,,10,VfB Stuttgart,Stuttgart,VFB,https://crests.football-data.org/10.png,2,TSG 1899 Hoffenheim,Hoffenheim,TSG,https://crests.football-data.org/2.png,,REGULAR,,,,,Activate Odds-Package in User-Panel to retrieve odds.
540536,2025-12-20T00:00:00Z,SCHEDULED,15,REGULAR_SEASON,,2025-08-23T00:20:52Z,[],2088,Germany,DEU,https://crests.football-data.org/759.svg,2002,Bundesliga,BL1,LEAGUE,https://crests.football-data.org/BL1.png,2414,2025-08-22,2026-05-16,1,,11,VfL Wolfsburg,Wolfsburg,WOB,https://crests.football-data.org/11.png,17,SC Freiburg,Freiburg,SCF,https://crests.football-data.org/17.png,,REGULAR,,,,,Activate Odds-Package in User-Panel to retrieve odds.
540537,2025-12-20T00:00:00Z,SCHEDULED,15,REGULAR_SEASON,,2025-08-23T00:20:52Z,[],2088,Germany,DEU,https://crests.football-data.org/759.svg,2002,Bundesliga,BL1,LEAGUE,https://crests.football-data.org/BL1.png,2414,2025-08-22,2026-05-16,1,,16,FC Augsburg,Augsburg,FCA,https://crests.football-data.org/16.png,12,SV Werder Bremen,Bremen,SVW,https://crests.football-data.org/12.png,,REGULAR,,,,,Activate Odds-Package in User-Panel to retrieve odds.
540538,2025-12-20T00:00:00Z,SCHEDULED,15,REGULAR_SEASON,,2025-08-23T00:20:52Z,[],2088,Germany,DEU,https://crests.football-data.org/759.svg,2002,Bundesliga,BL1,LEAGUE,https://crests.football-data.org/BL1.png,2414,2025-08-22,2026-05-16,1,,44,1. FC Heidenheim 1846,Heidenheim,HEI,https://crests.football-data.org/44.png,5,FC Bayern München,Bayern,FCB,https://crests.football-data.org/5.png,,REGULAR,,,,,Activate Odds-Package in User-Panel to retrieve odds.
540539,2025-12-20T00:00:00Z,SCHEDULED,15,REGULAR_SEASON,,2025-06-27T16:59:45Z,[],2088,Germany,DEU,https://crests.football-data.org/759.svg,2002,Bundesliga,BL1,LEAGUE,https://crests.football-data.org/BL1.png,2414,2025-08-22,2026-05-16,1,,1,1. FC Köln,1. FC Köln,KOE,https://crests.football-data.org/1.png,28,1. FC Union Berlin,Union Berlin,UNB,https://crests.football-data.org/28.png,,REGULAR,,,,,Activate Odds-Package in User-Panel to retrieve odds.
540540,2025-12-20T00:00:00Z,SCHEDULED,15,REGULAR_SEASON,,2025-06-27T16:59:45Z,[],2088,Germany,DEU,https://crests.football-data.org/759.svg,2002,Bundesliga,BL1,LEAGUE,https://crests.football-data.org/BL1.png,2414,2025-08-22,2026-05-16,1,,7,Hamburger SV,HSV,HSV,https://crests.football-data.org/7.png,19,Eintracht Frankfurt,Frankfurt,SGE,https://crests.football-data.org/19.png,,REGULAR,,,,,Activate Odds-Package in User-Panel to retrieve odds.
540541,2026-01-10T00:00:00Z,SCHEDULED,16,REGULAR_SEASON,,2025-08-23T00:20:52Z,[],2088,Germany,DEU,https://crests.football-data.org/759.svg,2002,Bundesliga,BL1,LEAGUE,https://crests.football-data.org/BL1.png,2414,2025-08-22,2026-05-16,1,,5,FC Bayern München,Bayern,FCB,https://crests.football-data.org/5.png,11,VfL Wolfsburg,Wolfsburg,WOB,https://crests.football-data.org/11.png,,REGULAR,,,,,Activate Odds-Package in User-Panel to retrieve odds.
540542,2026-01-10T00:00:00Z,SCHEDULED,16,REGULAR_SEASON,,2025-08-23T00:20:52Z,[],2088,Germany,DEU,https://crests.football-data.org/759.svg,2002,Bundesliga,BL1,LEAGUE,https://crests.football-data.org/BL1.png,2414,2025-08-22,2026-05-16,1,,3,Bayer 04 Leverkusen,Leverkusen,B04,https://crests.football-data.org/3.png,10,VfB Stuttgart,Stuttgart,VFB,https://crests.football-data.org/10.png,,REGULAR,,,,,Activate Odds-Package in User-Panel to retrieve odds.
540543,2026-01-10T00:00:00Z,SCHEDULED,16,REGULAR_SEASON,,2025-08-23T00:20:52Z,[],2088,Germany,DEU,https://crests.football-data.org/759.svg,2002,Bundesliga,BL1,LEAGUE,https://crests.football-data.org/BL1.png,2414,2025-08-22,2026-05-16,1,,19,Eintracht Frankfurt,Frankfurt,SGE,https://crests.football-data.org/19.png,4,Borussia Dortmund,Dortmund,BVB,https://crests.football-data.org/4.png,,REGULAR,,,,,Activate Odds-Package in User-Panel to retrieve odds.
540544,2026-01-10T00:00:00Z,SCHEDULED,16,REGULAR_SEASON,,2025-06-27T16:59:45Z,[],2088,Germany,DEU,https://crests.football-data.org/759.svg,2002,Bundesliga,BL1,LEAGUE,https://crests.football-data.org/BL1.png,2414,2025-08-22,2026-05-16,1,,17,SC Freiburg,Freiburg,SCF,https://crests.football-data.org/17.png,7,Hamburger SV,HSV,HSV,https://crests.football-data.org/7.png,,REGULAR,,,,,Activate Odds-Package in User-Panel to retrieve odds.
540545,2026-01-10T00:00:00Z,SCHEDULED,16,REGULAR_SEASON,,2025-08-23T00:20:52Z,[],2088,Germany,DEU,https://crests.football-data.org/759.svg,2002,Bundesliga,BL1,LEAGUE,https://crests.football-data.org/BL1.png,2414,2025-08-22,2026-05-16,1,,12,SV Werder Bremen,Bremen,SVW,https://crests.football-data.org/12.png,2,TSG 1899 Hoffenheim,Hoffenheim,TSG,https://crests.football-data.org/2.png,,REGULAR,,,,,Activate Odds-Package in User-Panel to retrieve odds.
540546,2026-01-10T00:00:00Z,SCHEDULED,16,REGULAR_SEASON,,2025-06-27T16:59:45Z,[],2088,Germany,DEU,https://crests.football-data.org/759.svg,2002,Bundesliga,BL1,LEAGUE,https://crests.football-data.org/BL1.png,2414,2025-08-22,2026-05-16,1,,18,Borussia Mönchengladbach,M'gladbach,BMG,https://crests.football-data.org/18.png,16,FC Augsburg,Augsburg,FCA,https://crests.football-data.org/16.png,,REGULAR,,,,,Activate Odds-Package in User-Panel to retrieve odds.
540547,2026-01-10T00:00:00Z,SCHEDULED,16,REGULAR_SEASON,,2025-06-27T16:59:45Z,[],2088,Germany,DEU,https://crests.football-data.org/759.svg,2002,Bundesliga,BL1,LEAGUE,https://crests.football-data.org/BL1.png,2414,2025-08-22,2026-05-16,1,,28,1. FC Union Berlin,Union Berlin,UNB,https://crests.football-data.org/28.png,15,1. FSV Mainz 05,Mainz,M05,https://crests.football-data.org/15.png,,REGULAR,,,,,Activate Odds-Package in User-Panel to retrieve odds.
540548,2026-01-10T00:00:00Z,SCHEDULED,16,REGULAR_SEASON,,2025-06-27T16:59:45Z,[],2088,Germany,DEU,https://crests.football-data.org/759.svg,2002,Bundesliga,BL1,LEAGUE,https://crests.football-data.org/BL1.png,2414,2025-08-22,2026-05-16,1,,20,FC St. Pauli 1910,St. Pauli,STP,https://crests.football-data.org/20.png,721,RB Leipzig,RB Leipzig,RBL,https://crests.football-data.org/721.png,,REGULAR,,,,,Activate Odds-Package in User-Panel to retrieve odds.
540549,2026-01-10T00:00:00Z,SCHEDULED,16,REGULAR_SEASON,,2025-06-27T16:59:46Z,[],2088,Germany,DEU,https://crests.football-data.org/759.svg,2002,Bundesliga,BL1,LEAGUE,https://crests.football-data.org/BL1.png,2414,2025-08-22,2026-05-16,1,,44,1. FC Heidenheim 1846,Heidenheim,HEI,https://crests.football-data.org/44.png,1,1. FC Köln,1. FC Köln,KOE,https://crests.football-data.org/1.png,,REGULAR,,,,,Activate Odds-Package in User-Panel to retrieve odds.
540550,2026-01-13T00:00:00Z,SCHEDULED,17,REGULAR_SEASON,,2025-08-23T00:20:52Z,[],2088,Germany,DEU,https://crests.football-data.org/759.svg,2002,Bundesliga,BL1,LEAGUE,https://crests.football-data.org/BL1.png,2414,2025-08-22,2026-05-16,1,,4,Borussia Dortmund,Dortmund,BVB,https://crests.football-data.org/4.png,12,SV Werder Bremen,Bremen,SVW,https://crests.football-data.org/12.png,,REGULAR,,,,,Activate Odds-Package in User-Panel to retrieve odds.
540551,2026-01-13T00:00:00Z,SCHEDULED,17,REGULAR_SEASON,,2025-08-01T20:20:47Z,[],2088,Germany,DEU,https://crests.football-data.org/759.svg,2002,Bundesliga,BL1,LEAGUE,https://crests.football-data.org/BL1.png,2414,2025-08-22,2026-05-16,1,,15,1. FSV Mainz 05,Mainz,M05,https://crests.football-data.org/15.png,44,1. FC Heidenheim 1846,Heidenheim,HEI,https://crests.football-data.org/44.png,,REGULAR,,,,,Activate Odds-Package in User-Panel to retrieve odds.
540552,2026-01-13T00:00:00Z,SCHEDULED,17,REGULAR_SEASON,,2025-08-01T20:20:47Z,[],2088,Germany,DEU,https://crests.football-data.org/759.svg,2002,Bundesliga,BL1,LEAGUE,https://crests.football-data.org/BL1.png,2414,2025-08-22,2026-05-16,1,,721,RB Leipzig,RB Leipzig,RBL,https://crests.football-data.org/721.png,17,SC Freiburg,Freiburg,SCF,https://crests.football-data.org/17.png,,REGULAR,,,,,Activate Odds-Package in User-Panel to retrieve odds.
540553,2026-01-13T00:00:00Z,SCHEDULED,17,REGULAR_SEASON,,2025-08-23T00:20:52Z,[],2088,Germany,DEU,https://crests.football-data.org/759.svg,2002,Bundesliga,BL1,LEAGUE,https://crests.football-data.org/BL1.png,2414,2025-08-22,2026-05-16,1,,10,VfB Stuttgart,Stuttgart,VFB,https://crests.football-data.org/10.png,19,Eintracht Frankfurt,Frankfurt,SGE,https://crests.football-data.org/19.png,,REGULAR,,,,,Activate Odds-Package in User-Panel to retrieve odds.
540554,2026-01-13T00:00:00Z,SCHEDULED,17,REGULAR_SEASON,,2025-08-23T00:20:52Z,[],2088,Germany,DEU,https://crests.football-data.org/759.svg,2002,Bundesliga,BL1,LEAGUE,https://crests.football-data.org/BL1.png,2414,2025-08-22,2026-05-16,1,,11,VfL Wolfsburg,Wolfsburg,WOB,https://crests.football-data.org/11.png,20,FC St. Pauli 1910,St. Pauli,STP,https://crests.football-data.org/20.png,,REGULAR,,,,,Activate Odds-Package in User-Panel to retrieve odds.
540555,2026-01-13T00:00:00Z,SCHEDULED,17,REGULAR_SEASON,,2025-08-01T20:20:47Z,[],2088,Germany,DEU,https://crests.football-data.org/759.svg,2002,Bundesliga,BL1,LEAGUE,https://crests.football-data.org/BL1.png,2414,2025-08-22,2026-05-16,1,,16,FC Augsburg,Augsburg,FCA,https://crests.football-data.org/16.png,28,1. FC Union Berlin,Union Berlin,UNB,https://crests.football-data.org/28.png,,REGULAR,,,,,Activate Odds-Package in User-Panel to retrieve odds.
540556,2026-01-13T00:00:00Z,SCHEDULED,17,REGULAR_SEASON,,2025-08-01T20:20:47Z,[],2088,Germany,DEU,https://crests.football-data.org/759.svg,2002,Bundesliga,BL1,LEAGUE,https://crests.football-data.org/BL1.png,2414,2025-08-22,2026-05-16,1,,2,TSG 1899 Hoffenheim,Hoffenheim,TSG,https://crests.football-data.org/2.png,18,Borussia Mönchengladbach,M'gladbach,BMG,https://crests.football-data.org/18.png,,REGULAR,,,,,Activate Odds-Package in User-Panel to retrieve odds.
540557,2026-01-13T00:00:00Z,SCHEDULED,17,REGULAR_SEASON,,2025-08-23T00:20:52Z,[],2088,Germany,DEU,https://crests.football-data.org/759.svg,2002,Bundesliga,BL1,LEAGUE,https://crests.football-data.org/BL1.png,2414,2025-08-22,2026-05-16,1,,1,1. FC Köln,1. FC Köln,KOE,https://crests.football-data.org/1.png,5,FC Bayern München,Bayern,FCB,https://crests.football-data.org/5.png,,REGULAR,,,,,Activate Odds-Package in User-Panel to retrieve odds.
540558,2026-01-13T00:00:00Z,SCHEDULED,17,REGULAR_SEASON,,2025-08-23T00:20:52Z,[],2088,Germany,DEU,https://crests.football-data.org/759.svg,2002,Bundesliga,BL1,LEAGUE,https://crests.football-data.org/BL1.png,2414,2025-08-22,2026-05-16,1,,7,Hamburger SV,HSV,HSV,https://crests.football-data.org/7.png,3,Bayer 04 Leverkusen,Leverkusen,B04,https://crests.football-data.org/3.png,,REGULAR,,,,,Activate Odds-Package in User-Panel to retrieve odds.
540559,2026-01-17T00:00:00Z,SCHEDULED,18,REGULAR_SEASON,,2025-08-23T00:20:52Z,[],2088,Germany,DEU,https://crests.football-data.org/759.svg,2002,Bundesliga,BL1,LEAGUE,https://crests.football-data.org/BL1.png,2414,2025-08-22,2026-05-16,1,,721,RB Leipzig,RB Leipzig,RBL,https://crests.football-data.org/721.png,5,FC Bayern München,Bayern,FCB,https://crests.football-data.org/5.png,,REGULAR,,,,,Activate Odds-Package in User-Panel to retrieve odds.
540560,2026-01-17T00:00:00Z,SCHEDULED,18,REGULAR_SEASON,,2025-08-23T00:20:52Z,[],2088,Germany,DEU,https://crests.football-data.org/759.svg,2002,Bundesliga,BL1,LEAGUE,https://crests.football-data.org/BL1.png,2414,2025-08-22,2026-05-16,1,,12,SV Werder Bremen,Bremen,SVW,https://crests.football-data.org/12.png,19,Eintracht Frankfurt,Frankfurt,SGE,https://crests.football-data.org/19.png,,REGULAR,,,,,Activate Odds-Package in User-Panel to retrieve odds.
540561,2026-01-17T00:00:00Z,SCHEDULED,18,REGULAR_SEASON,,2025-08-23T00:20:52Z,[],2088,Germany,DEU,https://crests.football-data.org/759.svg,2002,Bundesliga,BL1,LEAGUE,https://crests.football-data.org/BL1.png,2414,2025-08-22,2026-05-16,1,,2,TSG 1899 Hoffenheim,Hoffenheim,TSG,https://crests.football-data.org/2.png,3,Bayer 04 Leverkusen,Leverkusen,B04,https://crests.football-data.org/3.png,,REGULAR,,,,,Activate Odds-Package in User-Panel to retrieve odds.
540562,2026-01-17T00:00:00Z,SCHEDULED,18,REGULAR_SEASON,,2025-06-27T16:59:46Z,[],2088,Germany,DEU,https://crests.football-data.org/759.svg,2002,Bundesliga,BL1,LEAGUE,https://crests.football-data.org/BL1.png,2414,2025-08-22,2026-05-16,1,,16,FC Augsburg,Augsburg,FCA,https://crests.football-data.org/16.png,17,SC Freiburg,Freiburg,SCF,https://crests.football-data.org/17.png,,REGULAR,,,,,Activate Odds-Package in User-Panel to retrieve odds.
540563,2026-01-17T00:00:00Z,SCHEDULED,18,REGULAR_SEASON,,2025-06-27T16:59:46Z,[],2088,Germany,DEU,https://crests.football-data.org/759.svg,2002,Bundesliga,BL1,LEAGUE,https://crests.football-data.org/BL1.png,2414,2025-08-22,2026-05-16,1,,1,1. FC Köln,1. FC Köln,KOE,https://crests.football-data.org/1.png,15,1. FSV Mainz 05,Mainz,M05,https://crests.football-data.org/15.png,,REGULAR,,,,,Activate Odds-Package in User-Panel to retrieve odds.
540564,2026-01-17T00:00:00Z,SCHEDULED,18,REGULAR_SEASON,,2025-06-27T16:59:46Z,[],2088,Germany,DEU,https://crests.football-data.org/759.svg,2002,Bundesliga,BL1,LEAGUE,https://crests.football-data.org/BL1.png,2414,2025-08-22,2026-05-16,1,,7,Hamburger SV,HSV,HSV,https://crests.football-data.org/7.png,18,Borussia Mönchengladbach,M'gladbach,BMG,https://crests.football-data.org/18.png,,REGULAR,,,,,Activate Odds-Package in User-Panel to retrieve odds.
540565,2026-01-17T00:00:00Z,SCHEDULED,18,REGULAR_SEASON,,2025-08-23T00:20:52Z,[],2088,Germany,DEU,https://crests.football-data.org/759.svg,2002,Bundesliga,BL1,LEAGUE,https://crests.football-data.org/BL1.png,2414,2025-08-22,2026-05-16,1,,10,VfB Stuttgart,Stuttgart,VFB,https://crests.football-data.org/10.png,28,1. FC Union Berlin,Union Berlin,UNB,https://crests.football-data.org/28.png,,REGULAR,,,,,Activate Odds-Package in User-Panel to retrieve odds.
540566,2026-01-17T00:00:00Z,SCHEDULED,18,REGULAR_SEASON,,2025-08-23T00:20:52Z,[],2088,Germany,DEU,https://crests.football-data.org/759.svg,2002,Bundesliga,BL1,LEAGUE,https://crests.football-data.org/BL1.png,2414,2025-08-22,2026-05-16,1,,4,Borussia Dortmund,Dortmund,BVB,https://crests.football-data.org/4.png,20,FC St. Pauli 1910,St. Pauli,STP,https://crests.football-data.org/20.png,,REGULAR,,,,,Activate Odds-Package in User-Panel to retrieve odds.
540567,2026-01-17T00:00:00Z,SCHEDULED,18,REGULAR_SEASON,,2025-08-23T00:20:52Z,[],2088,Germany,DEU,https://crests.football-data.org/759.svg,2002,Bundesliga,BL1,LEAGUE,https://crests.football-data.org/BL1.png,2414,2025-08-22,2026-05-16,1,,11,VfL Wolfsburg,Wolfsburg,WOB,https://crests.football-data.org/11.png,44,1. FC Heidenheim 1846,Heidenheim,HEI,https://crests.football-data.org/44.png,,REGULAR,,,,,Activate Odds-Package in User-Panel to retrieve odds.
540568,2026-01-24T00:00:00Z,SCHEDULED,19,REGULAR_SEASON,,2025-08-23T00:20:52Z,[],2088,Germany,DEU,https://crests.football-data.org/759.svg,2002,Bundesliga,BL1,LEAGUE,https://crests.football-data.org/BL1.png,2414,2025-08-22,2026-05-16,1,,28,1. FC Union Berlin,Union Berlin,UNB,https://crests.football-data.org/28.png,4,Borussia Dortmund,Dortmund,BVB,https://crests.football-data.org/4.png,,REGULAR,,,,,Activate Odds-Package in User-Panel to retrieve odds.
540569,2026-01-24T00:00:00Z,SCHEDULED,19,REGULAR_SEASON,,2025-06-27T16:59:46Z,[],2088,Germany,DEU,https://crests.football-data.org/759.svg,2002,Bundesliga,BL1,LEAGUE,https://crests.football-data.org/BL1.png,2414,2025-08-22,2026-05-16,1,,44,1. FC Heidenheim 1846,Heidenheim,HEI,https://crests.football-data.org/44.png,721,RB Leipzig,RB Leipzig,RBL,https://crests.football-data.org/721.png,,REGULAR,,,,,Activate Odds-Package in User-Panel to retrieve odds.
540570,2026-01-24T00:00:00Z,SCHEDULED,19,REGULAR_SEASON,,2025-08-23T00:20:52Z,[],2088,Germany,DEU,https://crests.football-data.org/759.svg,2002,Bundesliga,BL1,LEAGUE,https://crests.football-data.org/BL1.png,2414,2025-08-22,2026-05-16,1,,3,Bayer 04 Leverkusen,Leverkusen,B04,https://crests.football-data.org/3.png,12,SV Werder Bremen,Bremen,SVW,https://crests.football-data.org/12.png,,REGULAR,,,,,Activate Odds-Package in User-Panel to retrieve odds.
540571,2026-01-24T00:00:00Z,SCHEDULED,19,REGULAR_SEASON,,2025-08-23T00:20:52Z,[],2088,Germany,DEU,https://crests.football-data.org/759.svg,2002,Bundesliga,BL1,LEAGUE,https://crests.football-data.org/BL1.png,2414,2025-08-22,2026-05-16,1,,18,Borussia Mönchengladbach,M'gladbach,BMG,https://crests.football-data.org/18.png,10,VfB Stuttgart,Stuttgart,VFB,https://crests.football-data.org/10.png,,REGULAR,,,,,Activate Odds-Package in User-Panel to retrieve odds.
540572,2026-01-24T00:00:00Z,SCHEDULED,19,REGULAR_SEASON,,2025-08-23T00:20:52Z,[],2088,Germany,DEU,https://crests.football-data.org/759.svg,2002,Bundesliga,BL1,LEAGUE,https://crests.football-data.org/BL1.png,2414,2025-08-22,2026-05-16,1,,15,1. FSV Mainz 05,Mainz,M05,https://crests.football-data.org/15.png,11,VfL Wolfsburg,Wolfsburg,WOB,https://crests.football-data.org/11.png,,REGULAR,,,,,Activate Odds-Package in User-Panel to retrieve odds.
540573,2026-01-24T00:00:00Z,SCHEDULED,19,REGULAR_SEASON,,2025-08-23T00:20:52Z,[],2088,Germany,DEU,https://crests.football-data.org/759.svg,2002,Bundesliga,BL1,LEAGUE,https://crests.football-data.org/BL1.png,2414,2025-08-22,2026-05-16,1,,5,FC Bayern München,Bayern,FCB,https://crests.football-data.org/5.png,16,FC Augsburg,Augsburg,FCA,https://crests.football-data.org/16.png,,REGULAR,,,,,Activate Odds-Package in User-Panel to retrieve odds.
540574,2026-01-24T00:00:00Z,SCHEDULED,19,REGULAR_SEASON,,2025-06-27T16:59:46Z,[],2088,Germany,DEU,https://crests.football-data.org/759.svg,2002,Bundesliga,BL1,LEAGUE,https://crests.football-data.org/BL1.png,2414,2025-08-22,2026-05-16,1,,19,Eintracht Frankfurt,Frankfurt,SGE,https://crests.football-data.org/19.png,2,TSG 1899 Hoffenheim,Hoffenheim,TSG,https://crests.football-data.org/2.png,,REGULAR,,,,,Activate Odds-Package in User-Panel to retrieve odds.
540575,2026-01-24T00:00:00Z,SCHEDULED,19,REGULAR_SEASON,,2025-06-27T16:59:46Z,[],2088,Germany,DEU,https://crests.football-data.org/759.svg,2002,Bundesliga,BL1,LEAGUE,https://crests.football-data.org/BL1.png,2414,2025-08-22,2026-05-16,1,,17,SC Freiburg,Freiburg,SCF,https://crests.football-data.org/17.png,1,1. FC Köln,1. FC Köln,KOE,https://crests.football-data.org/1.png,,REGULAR,,,,,Activate Odds-Package in User-Panel to retrieve odds.
540576,2026-01-24T00:00:00Z,SCHEDULED,19,REGULAR_SEASON,,2025-06-27T16:59:46Z,[],2088,Germany,DEU,https://crests.football-data.org/759.svg,2002,Bundesliga,BL1,LEAGUE,https://crests.football-data.org/BL1.png,2414,2025-08-22,2026-05-16,1,,20,FC St. Pauli 1910,St. Pauli,STP,https://crests.football-data.org/20.png,7,Hamburger SV,HSV,HSV,https://crests.football-data.org/7.png,,REGULAR,,,,,Activate Odds-Package in User-Panel to retrieve odds.
540577,2026-01-31T00:00:00Z,SCHEDULED,20,REGULAR_SEASON,,2025-08-23T00:20:52Z,[],2088,Germany,DEU,https://crests.football-data.org/759.svg,2002,Bundesliga,BL1,LEAGUE,https://crests.football-data.org/BL1.png,2414,2025-08-22,2026-05-16,1,,7,Hamburger SV,HSV,HSV,https://crests.football-data.org/7.png,5,FC Bayern München,Bayern,FCB,https://crests.football-data.org/5.png,,REGULAR,,,,,Activate Odds-Package in User-Panel to retrieve odds.
540578,2026-01-31T00:00:00Z,SCHEDULED,20,REGULAR_SEASON,,2025-08-23T00:20:52Z,[],2088,Germany,DEU,https://crests.football-data.org/759.svg,2002,Bundesliga,BL1,LEAGUE,https://crests.football-data.org/BL1.png,2414,2025-08-22,2026-05-16,1,,19,Eintracht Frankfurt,Frankfurt,SGE,https://crests.football-data.org/19.png,3,Bayer 04 Leverkusen,Leverkusen,B04,https://crests.football-data.org/3.png,,REGULAR,,,,,Activate Odds-Package in User-Panel to retrieve odds.
540579,2026-01-31T00:00:00Z,SCHEDULED,20,REGULAR_SEASON,,2025-08-23T00:20:52Z,[],2088,Germany,DEU,https://crests.football-data.org/759.svg,2002,Bundesliga,BL1,LEAGUE,https://crests.football-data.org/BL1.png,2414,2025-08-22,2026-05-16,1,,10,VfB Stuttgart,Stuttgart,VFB,https://crests.football-data.org/10.png,17,SC Freiburg,Freiburg,SCF,https://crests.football-data.org/17.png,,REGULAR,,,,,Activate Odds-Package in User-Panel to retrieve odds.
540580,2026-01-31T00:00:00Z,SCHEDULED,20,REGULAR_SEASON,,2025-06-27T16:59:46Z,[],2088,Germany,DEU,https://crests.football-data.org/759.svg,2002,Bundesliga,BL1,LEAGUE,https://crests.football-data.org/BL1.png,2414,2025-08-22,2026-05-16,1,,721,RB Leipzig,RB Leipzig,RBL,https://crests.football-data.org/721.png,15,1. FSV Mainz 05,Mainz,M05,https://crests.football-data.org/15.png,,REGULAR,,,,,Activate Odds-Package in User-Panel to retrieve odds.
540581,2026-01-31T00:00:00Z,SCHEDULED,20,REGULAR_SEASON,,2025-08-23T00:20:52Z,[],2088,Germany,DEU,https://crests.football-data.org/759.svg,2002,Bundesliga,BL1,LEAGUE,https://crests.football-data.org/BL1.png,2414,2025-08-22,2026-05-16,1,,12,SV Werder Bremen,Bremen,SVW,https://crests.football-data.org/12.png,18,Borussia Mönchengladbach,M'gladbach,BMG,https://crests.football-data.org/18.png,,REGULAR,,,,,Activate Odds-Package in User-Panel to retrieve odds.
540582,2026-01-31T00:00:00Z,SCHEDULED,20,REGULAR_SEASON,,2025-08-23T00:20:52Z,[],2088,Germany,DEU,https://crests.football-data.org/759.svg,2002,Bundesliga,BL1,LEAGUE,https://crests.football-data.org/BL1.png,2414,2025-08-22,2026-05-16,1,,1,1. FC Köln,1. FC Köln,KOE,https://crests.football-data.org/1.png,11,VfL Wolfsburg,Wolfsburg,WOB,https://crests.football-data.org/11.png,,REGULAR,,,,,Activate Odds-Package in User-Panel to retrieve odds.
540583,2026-01-31T00:00:00Z,SCHEDULED,20,REGULAR_SEASON,,2025-06-27T16:59:46Z,[],2088,Germany,DEU,https://crests.football-data.org/759.svg,2002,Bundesliga,BL1,LEAGUE,https://crests.football-data.org/BL1.png,2414,2025-08-22,2026-05-16,1,,2,TSG 1899 Hoffenheim,Hoffenheim,TSG,https://crests.football-data.org/2.png,28,1. FC Union Berlin,Union Berlin,UNB,https://crests.football-data.org/28.png,,REGULAR,,,,,Activate Odds-Package in User-Panel to retrieve odds.
540584,2026-01-31T00:00:00Z,SCHEDULED,20,REGULAR_SEASON,,2025-06-27T16:59:46Z,[],2088,Germany,DEU,https://crests.football-data.org/759.svg,2002,Bundesliga,BL1,LEAGUE,https://crests.football-data.org/BL1.png,2414,2025-08-22,2026-05-16,1,,16,FC Augsburg,Augsburg,FCA,https://crests.football-data.org/16.png,20,FC St. Pauli 1910,St. Pauli,STP,https://crests.football-data.org/20.png,,REGULAR,,,,,Activate Odds-Package in User-Panel to retrieve odds.
540585,2026-01-31T00:00:00Z,SCHEDULED,20,REGULAR_SEASON,,2025-08-23T00:20:52Z,[],2088,Germany,DEU,https://crests.football-data.org/759.svg,2002,Bundesliga,BL1,LEAGUE,https://crests.football-data.org/BL1.png,2414,2025-08-22,2026-05-16,1,,4,Borussia Dortmund,Dortmund,BVB,https://crests.football-data.org/4.png,44,1. FC Heidenheim 1846,Heidenheim,HEI,https://crests.football-data.org/44.png,,REGULAR,,,,,Activate Odds-Package in User-Panel to retrieve odds.
540586,2026-02-07T00:00:00Z,SCHEDULED,21,REGULAR_SEASON,,2025-08-23T00:20:52Z,[],2088,Germany,DEU,https://crests.football-data.org/759.svg,2002,Bundesliga,BL1,LEAGUE,https://crests.football-data.org/BL1.png,2414,2025-08-22,2026-05-16,1,,18,Borussia Mönchengladbach,M'gladbach,BMG,https://crests.football-data.org/18.png,3,Bayer 04 Leverkusen,Leverkusen,B04,https://crests.football-data.org/3.png,,REGULAR,,,,,Activate Odds-Package in User-Panel to retrieve odds.
540587,2026-02-07T00:00:00Z,SCHEDULED,21,REGULAR_SEASON,,2025-06-27T16:59:46Z,[],2088,Germany,DEU,https://crests.football-data.org/759.svg,2002,Bundesliga,BL1,LEAGUE,https://crests.football-data.org/BL1.png,2414,2025-08-22,2026-05-16,1,,28,1. FC Union Berlin,Union Berlin,UNB,https://crests.football-data.org/28.png,19,Eintracht Frankfurt,Frankfurt,SGE,https://crests.football-data.org/19.png,,REGULAR,,,,,Activate Odds-Package in User-Panel to retrieve odds.
540588,2026-02-07T00:00:00Z,SCHEDULED,21,REGULAR_SEASON,,2025-08-23T00:20:52Z,[],2088,Germany,DEU,https://crests.football-data.org/759.svg,2002,Bundesliga,BL1,LEAGUE,https://crests.football-data.org/BL1.png,2414,2025-08-22,2026-05-16,1,,11,VfL Wolfsburg,Wolfsburg,WOB,https://crests.football-data.org/11.png,4,Borussia Dortmund,Dortmund,BVB,https://crests.football-data.org/4.png,,REGULAR,,,,,Activate Odds-Package in User-Panel to retrieve odds.
540589,2026-02-07T00:00:00Z,SCHEDULED,21,REGULAR_SEASON,,2025-06-27T16:59:46Z,[],2088,Germany,DEU,https://crests.football-data.org/759.svg,2002,Bundesliga,BL1,LEAGUE,https://crests.football-data.org/BL1.png,2414,2025-08-22,2026-05-16,1,,1,1. FC Köln,1. FC Köln,KOE,https://crests.football-data.org/1.png,721,RB Leipzig,RB Leipzig,RBL,https://crests.football-data.org/721.png,,REGULAR,,,,,Activate Odds-Package in User-Panel to retrieve odds.
540590,2026-02-07T00:00:00Z,SCHEDULED,21,REGULAR_SEASON,,2025-08-23T00:20:52Z,[],2088,Germany,DEU,https://crests.football-data.org/759.svg,2002,Bundesliga,BL1,LEAGUE,https://crests.football-data.org/BL1.png,2414,2025-08-22,2026-05-16,1,,17,SC Freiburg,Freiburg,SCF,https://crests.football-data.org/17.png,12,SV Werder Bremen,Bremen,SVW,https://crests.football-data.org/12.png,,REGULAR,,,,,Activate Odds-Package in User-Panel to retrieve odds.
540591,2026-02-07T00:00:00Z,SCHEDULED,21,REGULAR_SEASON,,2025-08-23T00:20:52Z,[],2088,Germany,DEU,https://crests.football-data.org/759.svg,2002,Bundesliga,BL1,LEAGUE,https://crests.football-data.org/BL1.png,2414,2025-08-22,2026-05-16,1,,20,FC St. Pauli 1910,St. Pauli,STP,https://crests.football-data.org/20.png,10,VfB Stuttgart,Stuttgart,VFB,https://crests.football-data.org/10.png,,REGULAR,,,,,Activate Odds-Package in User-Panel to retrieve odds.
540592,2026-02-07T00:00:00Z,SCHEDULED,21,REGULAR_SEASON,,2025-06-27T16:59:47Z,[],2088,Germany,DEU,https://crests.football-data.org/759.svg,2002,Bundesliga,BL1,LEAGUE,https://crests.football-data.org/BL1.png,2414,2025-08-22,2026-05-16,1,,15,1. FSV Mainz 05,Mainz,M05,https://crests.football-data.org/15.png,16,FC Augsburg,Augsburg,FCA,https://crests.football-data.org/16.png,,REGULAR,,,,,Activate Odds-Package in User-Panel to retrieve odds.
540593,2026-02-07T00:00:00Z,SCHEDULED,21,REGULAR_SEASON,,2025-08-23T00:20:52Z,[],2088,Germany,DEU,https://crests.football-data.org/759.svg,2002,Bundesliga,BL1,LEAGUE,https://crests.football-data.org/BL1.png,2414,2025-08-22,2026-05-16,1,,5,FC Bayern München,Bayern,FCB,https://crests.football-data.org/5.png,2,TSG 1899 Hoffenheim,Hoffenheim,TSG,https://crests.football-data.org/2.png,,REGULAR,,,,,Activate Odds-Package in User-Panel to retrieve odds.
540594,2026-02-07T00:00:00Z,SCHEDULED,21,REGULAR_SEASON,,2025-06-27T16:59:47Z,[],2088,Germany,DEU,https://crests.football-data.org/759.svg,2002,Bundesliga,BL1,LEAGUE,https://crests.football-data.org/BL1.png,2414,2025-08-22,2026-05-16,1,,44,1. FC Heidenheim 1846,Heidenheim,HEI,https://crests.football-data.org/44.png,7,Hamburger SV,HSV,HSV,https://crests.football-data.org/7.png,,REGULAR,,,,,Activate Odds-Package in User-Panel to retrieve odds.
540595,2026-02-14T00:00:00Z,SCHEDULED,22,REGULAR_SEASON,,2025-08-23T00:20:52Z,[],2088,Germany,DEU,https://crests.football-data.org/759.svg,2002,Bundesliga,BL1,LEAGUE,https://crests.football-data.org/BL1.png,2414,2025-08-22,2026-05-16,1,,12,SV Werder Bremen,Bremen,SVW,https://crests.football-data.org/12.png,5,FC Bayern München,Bayern,FCB,https://crests.football-data.org/5.png,,REGULAR,,,,,Activate Odds-Package in User-Panel to retrieve odds.
540596,2026-02-14T00:00:00Z,SCHEDULED,22,REGULAR_SEASON,,2025-06-27T16:59:47Z,[],2088,Germany,DEU,https://crests.football-data.org/759.svg,2002,Bundesliga,BL1,LEAGUE,https://crests.football-data.org/BL1.png,2414,2025-08-22,2026-05-16,1,,2,TSG 1899 Hoffenheim,Hoffenheim,TSG,https://crests.football-data.org/2.png,17,SC Freiburg,Freiburg,SCF,https://crests.football-data.org/17.png,,REGULAR,,,,,Activate Odds-Package in User-Panel to retrieve odds.
540597,2026-02-14T00:00:00Z,SCHEDULED,22,REGULAR_SEASON,,2025-08-23T00:20:52Z,[],2088,Germany,DEU,https://crests.football-data.org/759.svg,2002,Bundesliga,BL1,LEAGUE,https://crests.football-data.org/BL1.png,2414,2025-08-22,2026-05-16,1,,4,Borussia Dortmund,Dortmund,BVB,https://crests.football-data.org/4.png,15,1. FSV Mainz 05,Mainz,M05,https://crests.football-data.org/15.png,,REGULAR,,,,,Activate Odds-Package in User-Panel to retrieve odds.
540598,2026-02-14T00:00:00Z,SCHEDULED,22,REGULAR_SEASON,,2025-06-27T16:59:47Z,[],2088,Germany,DEU,https://crests.football-data.org/759.svg,2002,Bundesliga,BL1,LEAGUE,https://crests.football-data.org/BL1.png,2414,2025-08-22,2026-05-16,1,,19,Eintracht Frankfurt,Frankfurt,SGE,https://crests.football-data.org/19.png,18,Borussia Mönchengladbach,M'gladbach,BMG,https://crests.football-data.org/18.png,,REGULAR,,,,,Activate Odds-Package in User-Panel to retrieve odds.
540599,2026-02-14T00:00:00Z,SCHEDULED,22,REGULAR_SEASON,,2025-08-23T00:20:52Z,[],2088,Germany,DEU,https://crests.football-data.org/759.svg,2002,Bundesliga,BL1,LEAGUE,https://crests.football-data.org/BL1.png,2414,2025-08-22,2026-05-16,1,,721,RB Leipzig,RB Leipzig,RBL,https://crests.football-data.org/721.png,11,VfL Wolfsburg,Wolfsburg,WOB,https://crests.football-data.org/11.png,,REGULAR,,,,,Activate Odds-Package in User-Panel to retrieve odds.
540600,2026-02-14T00:00:00Z,SCHEDULED,22,REGULAR_SEASON,,2025-06-27T16:59:47Z,[],2088,Germany,DEU,https://crests.football-data.org/759.svg,2002,Bundesliga,BL1,LEAGUE,https://crests.football-data.org/BL1.png,2414,2025-08-22,2026-05-16,1,,7,Hamburger SV,HSV,HSV,https://crests.football-data.org/7.png,28,1. FC Union Berlin,Union Berlin,UNB,https://crests.football-data.org/28.png,,REGULAR,,,,,Activate Odds-Package in User-Panel to retrieve odds.
540601,2026-02-14T00:00:00Z,SCHEDULED,22,REGULAR_SEASON,,2025-08-23T00:20:52Z,[],2088,Germany,DEU,https://crests.football-data.org/759.svg,2002,Bundesliga,BL1,LEAGUE,https://crests.football-data.org/BL1.png,2414,2025-08-22,2026-05-16,1,,3,Bayer 04 Leverkusen,Leverkusen,B04,https://crests.football-data.org/3.png,20,FC St. Pauli 1910,St. Pauli,STP,https://crests.football-data.org/20.png,,REGULAR,,,,,Activate Odds-Package in User-Panel to retrieve odds.
540602,2026-02-14T00:00:00Z,SCHEDULED,22,REGULAR_SEASON,,2025-06-27T16:59:47Z,[],2088,Germany,DEU,https://crests.football-data.org/759.svg,2002,Bundesliga,BL1,LEAGUE,https://crests.football-data.org/BL1.png,2414,2025-08-22,2026-05-16,1,,16,FC Augsburg,Augsburg,FCA,https://crests.football-data.org/16.png,44,1. FC Heidenheim 1846,Heidenheim,HEI,https://crests.football-data.org/44.png,,REGULAR,,,,,Activate Odds-Package in User-Panel to retrieve odds.
540603,2026-02-14T00:00:00Z,SCHEDULED,22,REGULAR_SEASON,,2025-08-23T00:20:52Z,[],2088,Germany,DEU,https://crests.football-data.org/759.svg,2002,Bundesliga,BL1,LEAGUE,https://crests.football-data.org/BL1.png,2414,2025-08-22,2026-05-16,1,,10,VfB Stuttgart,Stuttgart,VFB,https://crests.football-data.org/10.png,1,1. FC Köln,1. FC Köln,KOE,https://crests.football-data.org/1.png,,REGULAR,,,,,Activate Odds-Package in User-Panel to retrieve odds.
540604,2026-02-21T00:00:00Z,SCHEDULED,23,REGULAR_SEASON,,2025-08-23T00:20:52Z,[],2088,Germany,DEU,https://crests.football-data.org/759.svg,2002,Bundesliga,BL1,LEAGUE,https://crests.football-data.org/BL1.png,2414,2025-08-22,2026-05-16,1,,28,1. FC Union Berlin,Union Berlin,UNB,https://crests.football-data.org/28.png,3,Bayer 04 Leverkusen,Leverkusen,B04,https://crests.football-data.org/3.png,,REGULAR,,,,,Activate Odds-Package in User-Panel to retrieve odds.
540605,2026-02-21T00:00:00Z,SCHEDULED,23,REGULAR_SEASON,,2025-08-23T00:20:52Z,[],2088,Germany,DEU,https://crests.football-data.org/759.svg,2002,Bundesliga,BL1,LEAGUE,https://crests.football-data.org/BL1.png,2414,2025-08-22,2026-05-16,1,,5,FC Bayern München,Bayern,FCB,https://crests.football-data.org/5.png,19,Eintracht Frankfurt,Frankfurt,SGE,https://crests.football-data.org/19.png,,REGULAR,,,,,Activate Odds-Package in User-Panel to retrieve odds.
540606,2026-02-21T00:00:00Z,SCHEDULED,23,REGULAR_SEASON,,2025-08-23T00:20:52Z,[],2088,Germany,DEU,https://crests.football-data.org/759.svg,2002,Bundesliga,BL1,LEAGUE,https://crests.football-data.org/BL1.png,2414,2025-08-22,2026-05-16,1,,721,RB Leipzig,RB Leipzig,RBL,https://crests.football-data.org/721.png,4,Borussia Dortmund,Dortmund,BVB,https://crests.football-data.org/4.png,,REGULAR,,,,,Activate Odds-Package in User-Panel to retrieve odds.
540607,2026-02-21T00:00:00Z,SCHEDULED,23,REGULAR_SEASON,,2025-08-23T00:20:52Z,[],2088,Germany,DEU,https://crests.football-data.org/759.svg,2002,Bundesliga,BL1,LEAGUE,https://crests.football-data.org/BL1.png,2414,2025-08-22,2026-05-16,1,,20,FC St. Pauli 1910,St. Pauli,STP,https://crests.football-data.org/20.png,12,SV Werder Bremen,Bremen,SVW,https://crests.football-data.org/12.png,,REGULAR,,,,,Activate Odds-Package in User-Panel to retrieve odds.
540608,2026-02-21T00:00:00Z,SCHEDULED,23,REGULAR_SEASON,,2025-08-23T00:20:52Z,[],2088,Germany,DEU,https://crests.football-data.org/759.svg,2002,Bundesliga,BL1,LEAGUE,https://crests.football-data.org/BL1.png,2414,2025-08-22,2026-05-16,1,,44,1. FC Heidenheim 1846,Heidenheim,HEI,https://crests.football-data.org/44.png,10,VfB Stuttgart,Stuttgart,VFB,https://crests.football-data.org/10.png,,REGULAR,,,,,Activate Odds-Package in User-Panel to retrieve odds.
540609,2026-02-21T00:00:00Z,SCHEDULED,23,REGULAR_SEASON,,2025-06-27T16:59:47Z,[],2088,Germany,DEU,https://crests.football-data.org/759.svg,2002,Bundesliga,BL1,LEAGUE,https://crests.football-data.org/BL1.png,2414,2025-08-22,2026-05-16,1,,17,SC Freiburg,Freiburg,SCF,https://crests.football-data.org/17.png,18,Borussia Mönchengladbach,M'gladbach,BMG,https://crests.football-data.org/18.png,,REGULAR,,,,,Activate Odds-Package in User-Panel to retrieve odds.
540610,2026-02-21T00:00:00Z,SCHEDULED,23,REGULAR_SEASON,,2025-08-23T00:20:52Z,[],2088,Germany,DEU,https://crests.football-data.org/759.svg,2002,Bundesliga,BL1,LEAGUE,https://crests.football-data.org/BL1.png,2414,2025-08-22,2026-05-16,1,,11,VfL Wolfsburg,Wolfsburg,WOB,https://crests.football-data.org/11.png,16,FC Augsburg,Augsburg,FCA,https://crests.football-data.org/16.png,,REGULAR,,,,,Activate Odds-Package in User-Panel to retrieve odds.
540611,2026-02-21T00:00:00Z,SCHEDULED,23,REGULAR_SEASON,,2025-06-27T16:59:47Z,[],2088,Germany,DEU,https://crests.football-data.org/759.svg,2002,Bundesliga,BL1,LEAGUE,https://crests.football-data.org/BL1.png,2414,2025-08-22,2026-05-16,1,,1,1. FC Köln,1. FC Köln,KOE,https://crests.football-data.org/1.png,2,TSG 1899 Hoffenheim,Hoffenheim,TSG,https://crests.football-data.org/2.png,,REGULAR,,,,,Activate Odds-Package in User-Panel to retrieve odds.
540612,2026-02-21T00:00:00Z,SCHEDULED,23,REGULAR_SEASON,,2025-06-27T16:59:47Z,[],2088,Germany,DEU,https://crests.football-data.org/759.svg,2002,Bundesliga,BL1,LEAGUE,https://crests.football-data.org/BL1.png,2414,2025-08-22,2026-05-16,1,,15,1. FSV Mainz 05,Mainz,M05,https://crests.football-data.org/15.png,7,Hamburger SV,HSV,HSV,https://crests.football-data.org/7.png,,REGULAR,,,,,Activate Odds-Package in User-Panel to retrieve odds.
540613,2026-02-28T00:00:00Z,SCHEDULED,24,REGULAR_SEASON,,2025-08-23T00:20:52Z,[],2088,Germany,DEU,https://crests.football-data.org/759.svg,2002,Bundesliga,BL1,LEAGUE,https://crests.football-data.org/BL1.png,2414,2025-08-22,2026-05-16,1,,4,Borussia Dortmund,Dortmund,BVB,https://crests.football-data.org/4.png,5,FC Bayern München,Bayern,FCB,https://crests.football-data.org/5.png,,REGULAR,,,,,Activate Odds-Package in User-Panel to retrieve odds.
540614,2026-02-28T00:00:00Z,SCHEDULED,24,REGULAR_SEASON,,2025-06-27T16:59:47Z,[],2088,Germany,DEU,https://crests.football-data.org/759.svg,2002,Bundesliga,BL1,LEAGUE,https://crests.football-data.org/BL1.png,2414,2025-08-22,2026-05-16,1,,19,Eintracht Frankfurt,Frankfurt,SGE,https://crests.football-data.org/19.png,17,SC Freiburg,Freiburg,SCF,https://crests.football-data.org/17.png,,REGULAR,,,,,Activate Odds-Package in User-Panel to retrieve odds.
540615,2026-02-28T00:00:00Z,SCHEDULED,24,REGULAR_SEASON,,2025-08-23T00:20:52Z,[],2088,Germany,DEU,https://crests.football-data.org/759.svg,2002,Bundesliga,BL1,LEAGUE,https://crests.football-data.org/BL1.png,2414,2025-08-22,2026-05-16,1,,3,Bayer 04 Leverkusen,Leverkusen,B04,https://crests.football-data.org/3.png,15,1. FSV Mainz 05,Mainz,M05,https://crests.football-data.org/15.png,,REGULAR,,,,,Activate Odds-Package in User-Panel to retrieve odds.
540616,2026-02-28T00:00:00Z,SCHEDULED,24,REGULAR_SEASON,,2025-06-27T16:59:47Z,[],2088,Germany,DEU,https://crests.football-data.org/759.svg,2002,Bundesliga,BL1,LEAGUE,https://crests.football-data.org/BL1.png,2414,2025-08-22,2026-05-16,1,,7,Hamburger SV,HSV,HSV,https://crests.football-data.org/7.png,721,RB Leipzig,RB Leipzig,RBL,https://crests.football-data.org/721.png,,REGULAR,,,,,Activate Odds-Package in User-Panel to retrieve odds.
540617,2026-02-28T00:00:00Z,SCHEDULED,24,REGULAR_SEASON,,2025-08-23T00:20:52Z,[],2088,Germany,DEU,https://crests.football-data.org/759.svg,2002,Bundesliga,BL1,LEAGUE,https://crests.football-data.org/BL1.png,2414,2025-08-22,2026-05-16,1,,10,VfB Stuttgart,Stuttgart,VFB,https://crests.football-data.org/10.png,11,VfL Wolfsburg,Wolfsburg,WOB,https://crests.football-data.org/11.png,,REGULAR,,,,,Activate Odds-Package in User-Panel to retrieve odds.
540618,2026-02-28T00:00:00Z,SCHEDULED,24,REGULAR_SEASON,,2025-06-27T16:59:47Z,[],2088,Germany,DEU,https://crests.football-data.org/759.svg,2002,Bundesliga,BL1,LEAGUE,https://crests.football-data.org/BL1.png,2414,2025-08-22,2026-05-16,1,,18,Borussia Mönchengladbach,M'gladbach,BMG,https://crests.football-data.org/18.png,28,1. FC Union Berlin,Union Berlin,UNB,https://crests.football-data.org/28.png,,REGULAR,,,,,Activate Odds-Package in User-Panel to retrieve odds.
540619,2026-02-28T00:00:00Z,SCHEDULED,24,REGULAR_SEASON,,2025-06-27T16:59:47Z,[],2088,Germany,DEU,https://crests.football-data.org/759.svg,2002,Bundesliga,BL1,LEAGUE,https://crests.football-data.org/BL1.png,2414,2025-08-22,2026-05-16,1,,2,TSG 1899 Hoffenheim,Hoffenheim,TSG,https://crests.football-data.org/2.png,20,FC St. Pauli 1910,St. Pauli,STP,https://crests.football-data.org/20.png,,REGULAR,,,,,Activate Odds-Package in User-Panel to retrieve odds.
540620,2026-02-28T00:00:00Z,SCHEDULED,24,REGULAR_SEASON,,2025-08-23T00:20:52Z,[],2088,Germany,DEU,https://crests.football-data.org/759.svg,2002,Bundesliga,BL1,LEAGUE,https://crests.football-data.org/BL1.png,2414,2025-08-22,2026-05-16,1,,12,SV Werder Bremen,Bremen,SVW,https://crests.football-data.org/12.png,44,1. FC Heidenheim 1846,Heidenheim,HEI,https://crests.football-data.org/44.png,,REGULAR,,,,,Activate Odds-Package in User-Panel to retrieve odds.
540621,2026-02-28T00:00:00Z,SCHEDULED,24,REGULAR_SEASON,,2025-06-27T16:59:47Z,[],2088,Germany,DEU,https://crests.football-data.org/759.svg,2002,Bundesliga,BL1,LEAGUE,https://crests.football-data.org/BL1.png,2414,2025-08-22,2026-05-16,1,,16,FC Augsburg,Augsburg,FCA,https://crests.football-data.org/16.png,1,1. FC Köln,1. FC Köln,KOE,https://crests.football-data.org/1.png,,REGULAR,,,,,Activate Odds-Package in User-Panel to retrieve odds.
540622,2026-03-07T00:00:00Z,SCHEDULED,25,REGULAR_SEASON,,2025-08-23T00:20:52Z,[],2088,Germany,DEU,https://crests.football-data.org/759.svg,2002,Bundesliga,BL1,LEAGUE,https://crests.football-data.org/BL1.png,2414,2025-08-22,2026-05-16,1,,17,SC Freiburg,Freiburg,SCF,https://crests.football-data.org/17.png,3,Bayer 04 Leverkusen,Leverkusen,B04,https://crests.football-data.org/3.png,,REGULAR,,,,,Activate Odds-Package in User-Panel to retrieve odds.
540623,2026-03-07T00:00:00Z,SCHEDULED,25,REGULAR_SEASON,,2025-06-27T16:59:47Z,[],2088,Germany,DEU,https://crests.football-data.org/759.svg,2002,Bundesliga,BL1,LEAGUE,https://crests.football-data.org/BL1.png,2414,2025-08-22,2026-05-16,1,,20,FC St. Pauli 1910,St. Pauli,STP,https://crests.football-data.org/20.png,19,Eintracht Frankfurt,Frankfurt,SGE,https://crests.football-data.org/19.png,,REGULAR,,,,,Activate Odds-Package in User-Panel to retrieve odds.
540624,2026-03-07T00:00:00Z,SCHEDULED,25,REGULAR_SEASON,,2025-08-23T00:20:52Z,[],2088,Germany,DEU,https://crests.football-data.org/759.svg,2002,Bundesliga,BL1,LEAGUE,https://crests.football-data.org/BL1.png,2414,2025-08-22,2026-05-16,1,,1,1. FC Köln,1. FC Köln,KOE,https://crests.football-data.org/1.png,4,Borussia Dortmund,Dortmund,BVB,https://crests.football-data.org/4.png,,REGULAR,,,,,Activate Odds-Package in User-Panel to retrieve odds.
540625,2026-03-07T00:00:00Z,SCHEDULED,25,REGULAR_SEASON,,2025-08-23T00:20:52Z,[],2088,Germany,DEU,https://crests.football-data.org/759.svg,2002,Bundesliga,BL1,LEAGUE,https://crests.football-data.org/BL1.png,2414,2025-08-22,2026-05-16,1,,28,1. FC Union Berlin,Union Berlin,UNB,https://crests.football-data.org/28.png,12,SV Werder Bremen,Bremen,SVW,https://crests.football-data.org/12.png,,REGULAR,,,,,Activate Odds-Package in User-Panel to retrieve odds.
540626,2026-03-07T00:00:00Z,SCHEDULED,25,REGULAR_SEASON,,2025-08-23T00:20:52Z,[],2088,Germany,DEU,https://crests.football-data.org/759.svg,2002,Bundesliga,BL1,LEAGUE,https://crests.football-data.org/BL1.png,2414,2025-08-22,2026-05-16,1,,15,1. FSV Mainz 05,Mainz,M05,https://crests.football-data.org/15.png,10,VfB Stuttgart,Stuttgart,VFB,https://crests.football-data.org/10.png,,REGULAR,,,,,Activate Odds-Package in User-Panel to retrieve odds.
540627,2026-03-07T00:00:00Z,SCHEDULED,25,REGULAR_SEASON,,2025-08-23T00:20:52Z,[],2088,Germany,DEU,https://crests.football-data.org/759.svg,2002,Bundesliga,BL1,LEAGUE,https://crests.football-data.org/BL1.png,2414,2025-08-22,2026-05-16,1,,5,FC Bayern München,Bayern,FCB,https://crests.football-data.org/5.png,18,Borussia Mönchengladbach,M'gladbach,BMG,https://crests.football-data.org/18.png,,REGULAR,,,,,Activate Odds-Package in User-Panel to retrieve odds.
540628,2026-03-07T00:00:00Z,SCHEDULED,25,REGULAR_SEASON,,2025-06-27T16:59:47Z,[],2088,Germany,DEU,https://crests.football-data.org/759.svg,2002,Bundesliga,BL1,LEAGUE,https://crests.football-data.org/BL1.png,2414,2025-08-22,2026-05-16,1,,721,RB Leipzig,RB Leipzig,RBL,https://crests.football-data.org/721.png,16,FC Augsburg,Augsburg,FCA,https://crests.football-data.org/16.png,,REGULAR,,,,,Activate Odds-Package in User-Panel to retrieve odds.
540629,2026-03-07T00:00:00Z,SCHEDULED,25,REGULAR_SEASON,,2025-06-27T16:59:48Z,[],2088,Germany,DEU,https://crests.football-data.org/759.svg,2002,Bundesliga,BL1,LEAGUE,https://crests.football-data.org/BL1.png,2414,2025-08-22,2026-05-16,1,,44,1. FC Heidenheim 1846,Heidenheim,HEI,https://crests.football-data.org/44.png,2,TSG 1899 Hoffenheim,Hoffenheim,TSG,https://crests.football-data.org/2.png,,REGULAR,,,,,Activate Odds-Package in User-Panel to retrieve odds.
540630,2026-03-07T00:00:00Z,SCHEDULED,25,REGULAR_SEASON,,2025-08-23T00:20:52Z,[],2088,Germany,DEU,https://crests.football-data.org/759.svg,2002,Bundesliga,BL1,LEAGUE,https://crests.football-data.org/BL1.png,2414,2025-08-22,2026-05-16,1,,11,VfL Wolfsburg,Wolfsburg,WOB,https://crests.football-data.org/11.png,7,Hamburger SV,HSV,HSV,https://crests.football-data.org/7.png,,REGULAR,,,,,Activate Odds-Package in User-Panel to retrieve odds.
540631,2026-03-14T00:00:00Z,SCHEDULED,26,REGULAR_SEASON,,2025-08-23T00:20:52Z,[],2088,Germany,DEU,https://crests.football-data.org/759.svg,2002,Bundesliga,BL1,LEAGUE,https://crests.football-data.org/BL1.png,2414,2025-08-22,2026-05-16,1,,3,Bayer 04 Leverkusen,Leverkusen,B04,https://crests.football-data.org/3.png,5,FC Bayern München,Bayern,FCB,https://crests.football-data.org/5.png,,REGULAR,,,,,Activate Odds-Package in User-Panel to retrieve odds.
540632,2026-03-14T00:00:00Z,SCHEDULED,26,REGULAR_SEASON,,2025-08-23T00:20:52Z,[],2088,Germany,DEU,https://crests.football-data.org/759.svg,2002,Bundesliga,BL1,LEAGUE,https://crests.football-data.org/BL1.png,2414,2025-08-22,2026-05-16,1,,12,SV Werder Bremen,Bremen,SVW,https://crests.football-data.org/12.png,15,1. FSV Mainz 05,Mainz,M05,https://crests.football-data.org/15.png,,REGULAR,,,,,Activate Odds-Package in User-Panel to retrieve odds.
540633,2026-03-14T00:00:00Z,SCHEDULED,26,REGULAR_SEASON,,2025-08-23T00:20:52Z,[],2088,Germany,DEU,https://crests.football-data.org/759.svg,2002,Bundesliga,BL1,LEAGUE,https://crests.football-data.org/BL1.png,2414,2025-08-22,2026-05-16,1,,10,VfB Stuttgart,Stuttgart,VFB,https://crests.football-data.org/10.png,721,RB Leipzig,RB Leipzig,RBL,https://crests.football-data.org/721.png,,REGULAR,,,,,Activate Odds-Package in User-Panel to retrieve odds.
540634,2026-03-14T00:00:00Z,SCHEDULED,26,REGULAR_SEASON,,2025-08-23T00:20:52Z,[],2088,Germany,DEU,https://crests.football-data.org/759.svg,2002,Bundesliga,BL1,LEAGUE,https://crests.football-data.org/BL1.png,2414,2025-08-22,2026-05-16,1,,2,TSG 1899 Hoffenheim,Hoffenheim,TSG,https://crests.football-data.org/2.png,11,VfL Wolfsburg,Wolfsburg,WOB,https://crests.football-data.org/11.png,,REGULAR,,,,,Activate Odds-Package in User-Panel to retrieve odds.
540635,2026-03-14T00:00:00Z,SCHEDULED,26,REGULAR_SEASON,,2025-08-23T00:20:52Z,[],2088,Germany,DEU,https://crests.football-data.org/759.svg,2002,Bundesliga,BL1,LEAGUE,https://crests.football-data.org/BL1.png,2414,2025-08-22,2026-05-16,1,,4,Borussia Dortmund,Dortmund,BVB,https://crests.football-data.org/4.png,16,FC Augsburg,Augsburg,FCA,https://crests.football-data.org/16.png,,REGULAR,,,,,Activate Odds-Package in User-Panel to retrieve odds.
540636,2026-03-14T00:00:00Z,SCHEDULED,26,REGULAR_SEASON,,2025-06-27T16:59:48Z,[],2088,Germany,DEU,https://crests.football-data.org/759.svg,2002,Bundesliga,BL1,LEAGUE,https://crests.football-data.org/BL1.png,2414,2025-08-22,2026-05-16,1,,17,SC Freiburg,Freiburg,SCF,https://crests.football-data.org/17.png,28,1. FC Union Berlin,Union Berlin,UNB,https://crests.football-data.org/28.png,,REGULAR,,,,,Activate Odds-Package in User-Panel to retrieve odds.
540637,2026-03-14T00:00:00Z,SCHEDULED,26,REGULAR_SEASON,,2025-06-27T16:59:48Z,[],2088,Germany,DEU,https://crests.football-data.org/759.svg,2002,Bundesliga,BL1,LEAGUE,https://crests.football-data.org/BL1.png,2414,2025-08-22,2026-05-16,1,,18,Borussia Mönchengladbach,M'gladbach,BMG,https://crests.football-data.org/18.png,20,FC St. Pauli 1910,St. Pauli,STP,https://crests.football-data.org/20.png,,REGULAR,,,,,Activate Odds-Package in User-Panel to retrieve odds.
540638,2026-03-14T00:00:00Z,SCHEDULED,26,REGULAR_SEASON,,2025-06-27T16:59:48Z,[],2088,Germany,DEU,https://crests.football-data.org/759.svg,2002,Bundesliga,BL1,LEAGUE,https://crests.football-data.org/BL1.png,2414,2025-08-22,2026-05-16,1,,19,Eintracht Frankfurt,Frankfurt,SGE,https://crests.football-data.org/19.png,44,1. FC Heidenheim 1846,Heidenheim,HEI,https://crests.football-data.org/44.png,,REGULAR,,,,,Activate Odds-Package in User-Panel to retrieve odds.
540639,2026-03-14T00:00:00Z,SCHEDULED,26,REGULAR_SEASON,,2025-06-27T16:59:48Z,[],2088,Germany,DEU,https://crests.football-data.org/759.svg,2002,Bundesliga,BL1,LEAGUE,https://crests.football-data.org/BL1.png,2414,2025-08-22,2026-05-16,1,,7,Hamburger SV,HSV,HSV,https://crests.football-data.org/7.png,1,1. FC Köln,1. FC Köln,KOE,https://crests.football-data.org/1.png,,REGULAR,,,,,Activate Odds-Package in User-Panel to retrieve odds.
540640,2026-03-21T00:00:00Z,SCHEDULED,27,REGULAR_SEASON,,2025-08-23T00:20:52Z,[],2088,Germany,DEU,https://crests.football-data.org/759.svg,2002,Bundesliga,BL1,LEAGUE,https://crests.football-data.org/BL1.png,2414,2025-08-22,2026-05-16,1,,44,1. FC Heidenheim 1846,Heidenheim,HEI,https://crests.football-data.org/44.png,3,Bayer 04 Leverkusen,Leverkusen,B04,https://crests.football-data.org/3.png,,REGULAR,,,,,Activate Odds-Package in User-Panel to retrieve odds.
540641,2026-03-21T00:00:00Z,SCHEDULED,27,REGULAR_SEASON,,2025-06-27T16:59:48Z,[],2088,Germany,DEU,https://crests.football-data.org/759.svg,2002,Bundesliga,BL1,LEAGUE,https://crests.football-data.org/BL1.png,2414,2025-08-22,2026-05-16,1,,15,1. FSV Mainz 05,Mainz,M05,https://crests.football-data.org/15.png,19,Eintracht Frankfurt,Frankfurt,SGE,https://crests.football-data.org/19.png,,REGULAR,,,,,Activate Odds-Package in User-Panel to retrieve odds.
540642,2026-03-21T00:00:00Z,SCHEDULED,27,REGULAR_SEASON,,2025-06-27T16:59:48Z,[],2088,Germany,DEU,https://crests.football-data.org/759.svg,2002,Bundesliga,BL1,LEAGUE,https://crests.football-data.org/BL1.png,2414,2025-08-22,2026-05-16,1,,20,FC St. Pauli 1910,St. Pauli,STP,https://crests.football-data.org/20.png,17,SC Freiburg,Freiburg,SCF,https://crests.football-data.org/17.png,,REGULAR,,,,,Activate Odds-Package in User-Panel to retrieve odds.
540643,2026-03-21T00:00:00Z,SCHEDULED,27,REGULAR_SEASON,,2025-08-23T00:20:52Z,[],2088,Germany,DEU,https://crests.football-data.org/759.svg,2002,Bundesliga,BL1,LEAGUE,https://crests.football-data.org/BL1.png,2414,2025-08-22,2026-05-16,1,,11,VfL Wolfsburg,Wolfsburg,WOB,https://crests.football-data.org/11.png,12,SV Werder Bremen,Bremen,SVW,https://crests.football-data.org/12.png,,REGULAR,,,,,Activate Odds-Package in User-Panel to retrieve odds.
540644,2026-03-21T00:00:00Z,SCHEDULED,27,REGULAR_SEASON,,2025-08-23T00:20:52Z,[],2088,Germany,DEU,https://crests.football-data.org/759.svg,2002,Bundesliga,BL1,LEAGUE,https://crests.football-data.org/BL1.png,2414,2025-08-22,2026-05-16,1,,16,FC Augsburg,Augsburg,FCA,https://crests.football-data.org/16.png,10,VfB Stuttgart,Stuttgart,VFB,https://crests.football-data.org/10.png,,REGULAR,,,,,Activate Odds-Package in User-Panel to retrieve odds.
540645,2026-03-21T00:00:00Z,SCHEDULED,27,REGULAR_SEASON,,2025-06-27T16:59:48Z,[],2088,Germany,DEU,https://crests.football-data.org/759.svg,2002,Bundesliga,BL1,LEAGUE,https://crests.football-data.org/BL1.png,2414,2025-08-22,2026-05-16,1,,1,1. FC Köln,1. FC Köln,KOE,https://crests.football-data.org/1.png,18,Borussia Mönchengladbach,M'gladbach,BMG,https://crests.football-data.org/18.png,,REGULAR,,,,,Activate Odds-Package in User-Panel to retrieve odds.
540646,2026-03-21T00:00:00Z,SCHEDULED,27,REGULAR_SEASON,,2025-08-23T00:20:52Z,[],2088,Germany,DEU,https://crests.football-data.org/759.svg,2002,Bundesliga,BL1,LEAGUE,https://crests.football-data.org/BL1.png,2414,2025-08-22,2026-05-16,1,,5,FC Bayern München,Bayern,FCB,https://crests.football-data.org/5.png,28,1. FC Union Berlin,Union Berlin,UNB,https://crests.football-data.org/28.png,,REGULAR,,,,,Activate Odds-Package in User-Panel to retrieve odds.
540647,2026-03-21T00:00:00Z,SCHEDULED,27,REGULAR_SEASON,,2025-06-27T16:59:48Z,[],2088,Germany,DEU,https://crests.football-data.org/759.svg,2002,Bundesliga,BL1,LEAGUE,https://crests.football-data.org/BL1.png,2414,2025-08-22,2026-05-16,1,,721,RB Leipzig,RB Leipzig,RBL,https://crests.football-data.org/721.png,2,TSG 1899 Hoffenheim,Hoffenheim,TSG,https://crests.football-data.org/2.png,,REGULAR,,,,,Activate Odds-Package in User-Panel to retrieve odds.
540648,2026-03-21T00:00:00Z,SCHEDULED,27,REGULAR_SEASON,,2025-08-23T00:20:52Z,[],2088,Germany,DEU,https://crests.football-data.org/759.svg,2002,Bundesliga,BL1,LEAGUE,https://crests.football-data.org/BL1.png,2414,2025-08-22,2026-05-16,1,,4,Borussia Dortmund,Dortmund,BVB,https://crests.football-data.org/4.png,7,Hamburger SV,HSV,HSV,https://crests.football-data.org/7.png,,REGULAR,,,,,Activate Odds-Package in User-Panel to retrieve odds.
540649,2026-04-05T00:00:00Z,SCHEDULED,28,REGULAR_SEASON,,2025-08-23T00:20:52Z,[],2088,Germany,DEU,https://crests.football-data.org/759.svg,2002,Bundesliga,BL1,LEAGUE,https://crests.football-data.org/BL1.png,2414,2025-08-22,2026-05-16,1,,17,SC Freiburg,Freiburg,SCF,https://crests.football-data.org/17.png,5,FC Bayern München,Bayern,FCB,https://crests.football-data.org/5.png,,REGULAR,,,,,Activate Odds-Package in User-Panel to retrieve odds.
540650,2026-04-05T00:00:00Z,SCHEDULED,28,REGULAR_SEASON,,2025-08-23T00:20:52Z,[],2088,Germany,DEU,https://crests.football-data.org/759.svg,2002,Bundesliga,BL1,LEAGUE,https://crests.football-data.org/BL1.png,2414,2025-08-22,2026-05-16,1,,10,VfB Stuttgart,Stuttgart,VFB,https://crests.football-data.org/10.png,4,Borussia Dortmund,Dortmund,BVB,https://crests.football-data.org/4.png,,REGULAR,,,,,Activate Odds-Package in User-Panel to retrieve odds.
540651,2026-04-05T00:00:00Z,SCHEDULED,28,REGULAR_SEASON,,2025-06-27T16:59:48Z,[],2088,Germany,DEU,https://crests.football-data.org/759.svg,2002,Bundesliga,BL1,LEAGUE,https://crests.football-data.org/BL1.png,2414,2025-08-22,2026-05-16,1,,2,TSG 1899 Hoffenheim,Hoffenheim,TSG,https://crests.football-data.org/2.png,15,1. FSV Mainz 05,Mainz,M05,https://crests.football-data.org/15.png,,REGULAR,,,,,Activate Odds-Package in User-Panel to retrieve odds.
540652,2026-04-05T00:00:00Z,SCHEDULED,28,REGULAR_SEASON,,2025-08-23T00:20:52Z,[],2088,Germany,DEU,https://crests.football-data.org/759.svg,2002,Bundesliga,BL1,LEAGUE,https://crests.football-data.org/BL1.png,2414,2025-08-22,2026-05-16,1,,12,SV Werder Bremen,Bremen,SVW,https://crests.football-data.org/12.png,721,RB Leipzig,RB Leipzig,RBL,https://crests.football-data.org/721.png,,REGULAR,,,,,Activate Odds-Package in User-Panel to retrieve odds.
540653,2026-04-05T00:00:00Z,SCHEDULED,28,REGULAR_SEASON,,2025-08-23T00:20:52Z,[],2088,Germany,DEU,https://crests.football-data.org/759.svg,2002,Bundesliga,BL1,LEAGUE,https://crests.football-data.org/BL1.png,2414,2025-08-22,2026-05-16,1,,3,Bayer 04 Leverkusen,Leverkusen,B04,https://crests.football-data.org/3.png,11,VfL Wolfsburg,Wolfsburg,WOB,https://crests.football-data.org/11.png,,REGULAR,,,,,Activate Odds-Package in User-Panel to retrieve odds.
540654,2026-04-05T00:00:00Z,SCHEDULED,28,REGULAR_SEASON,,2025-06-27T16:59:48Z,[],2088,Germany,DEU,https://crests.football-data.org/759.svg,2002,Bundesliga,BL1,LEAGUE,https://crests.football-data.org/BL1.png,2414,2025-08-22,2026-05-16,1,,7,Hamburger SV,HSV,HSV,https://crests.football-data.org/7.png,16,FC Augsburg,Augsburg,FCA,https://crests.football-data.org/16.png,,REGULAR,,,,,Activate Odds-Package in User-Panel to retrieve odds.
540655,2026-04-05T00:00:00Z,SCHEDULED,28,REGULAR_SEASON,,2025-06-27T16:59:48Z,[],2088,Germany,DEU,https://crests.football-data.org/759.svg,2002,Bundesliga,BL1,LEAGUE,https://crests.football-data.org/BL1.png,2414,2025-08-22,2026-05-16,1,,28,1. FC Union Berlin,Union Berlin,UNB,https://crests.football-data.org/28.png,20,FC St. Pauli 1910,St. Pauli,STP,https://crests.football-data.org/20.png,,REGULAR,,,,,Activate Odds-Package in User-Panel to retrieve odds.
540656,2026-04-05T00:00:00Z,SCHEDULED,28,REGULAR_SEASON,,2025-06-27T16:59:48Z,[],2088,Germany,DEU,https://crests.football-data.org/759.svg,2002,Bundesliga,BL1,LEAGUE,https://crests.football-data.org/BL1.png,2414,2025-08-22,2026-05-16,1,,18,Borussia Mönchengladbach,M'gladbach,BMG,https://crests.football-data.org/18.png,44,1. FC Heidenheim 1846,Heidenheim,HEI,https://crests.football-data.org/44.png,,REGULAR,,,,,Activate Odds-Package in User-Panel to retrieve odds.
540657,2026-04-05T00:00:00Z,SCHEDULED,28,REGULAR_SEASON,,2025-06-27T16:59:48Z,[],2088,Germany,DEU,https://crests.football-data.org/759.svg,2002,Bundesliga,BL1,LEAGUE,https://crests.football-data.org/BL1.png,2414,2025-08-22,2026-05-16,1,,19,Eintracht Frankfurt,Frankfurt,SGE,https://crests.football-data.org/19.png,1,1. FC Köln,1. FC Köln,KOE,https://crests.football-data.org/1.png,,REGULAR,,,,,Activate Odds-Package in User-Panel to retrieve odds.
540658,2026-04-11T00:00:00Z,SCHEDULED,29,REGULAR_SEASON,,2025-08-23T00:20:52Z,[],2088,Germany,DEU,https://crests.football-data.org/759.svg,2002,Bundesliga,BL1,LEAGUE,https://crests.football-data.org/BL1.png,2414,2025-08-22,2026-05-16,1,,20,FC St. Pauli 1910,St. Pauli,STP,https://crests.football-data.org/20.png,5,FC Bayern München,Bayern,FCB,https://crests.football-data.org/5.png,,REGULAR,,,,,Activate Odds-Package in User-Panel to retrieve odds.
540659,2026-04-11T00:00:00Z,SCHEDULED,29,REGULAR_SEASON,,2025-08-23T00:20:52Z,[],2088,Germany,DEU,https://crests.football-data.org/759.svg,2002,Bundesliga,BL1,LEAGUE,https://crests.football-data.org/BL1.png,2414,2025-08-22,2026-05-16,1,,4,Borussia Dortmund,Dortmund,BVB,https://crests.football-data.org/4.png,3,Bayer 04 Leverkusen,Leverkusen,B04,https://crests.football-data.org/3.png,,REGULAR,,,,,Activate Odds-Package in User-Panel to retrieve odds.
540660,2026-04-11T00:00:00Z,SCHEDULED,29,REGULAR_SEASON,,2025-08-23T00:20:52Z,[],2088,Germany,DEU,https://crests.football-data.org/759.svg,2002,Bundesliga,BL1,LEAGUE,https://crests.football-data.org/BL1.png,2414,2025-08-22,2026-05-16,1,,11,VfL Wolfsburg,Wolfsburg,WOB,https://crests.football-data.org/11.png,19,Eintracht Frankfurt,Frankfurt,SGE,https://crests.football-data.org/19.png,,REGULAR,,,,,Activate Odds-Package in User-Panel to retrieve odds.
540661,2026-04-11T00:00:00Z,SCHEDULED,29,REGULAR_SEASON,,2025-06-27T16:59:48Z,[],2088,Germany,DEU,https://crests.football-data.org/759.svg,2002,Bundesliga,BL1,LEAGUE,https://crests.football-data.org/BL1.png,2414,2025-08-22,2026-05-16,1,,15,1. FSV Mainz 05,Mainz,M05,https://crests.football-data.org/15.png,17,SC Freiburg,Freiburg,SCF,https://crests.football-data.org/17.png,,REGULAR,,,,,Activate Odds-Package in User-Panel to retrieve odds.
540662,2026-04-11T00:00:00Z,SCHEDULED,29,REGULAR_SEASON,,2025-08-23T00:20:52Z,[],2088,Germany,DEU,https://crests.football-data.org/759.svg,2002,Bundesliga,BL1,LEAGUE,https://crests.football-data.org/BL1.png,2414,2025-08-22,2026-05-16,1,,1,1. FC Köln,1. FC Köln,KOE,https://crests.football-data.org/1.png,12,SV Werder Bremen,Bremen,SVW,https://crests.football-data.org/12.png,,REGULAR,,,,,Activate Odds-Package in User-Panel to retrieve odds.
540663,2026-04-11T00:00:00Z,SCHEDULED,29,REGULAR_SEASON,,2025-06-27T16:59:48Z,[],2088,Germany,DEU,https://crests.football-data.org/759.svg,2002,Bundesliga,BL1,LEAGUE,https://crests.football-data.org/BL1.png,2414,2025-08-22,2026-05-16,1,,721,RB Leipzig,RB Leipzig,RBL,https://crests.football-data.org/721.png,18,Borussia Mönchengladbach,M'gladbach,BMG,https://crests.football-data.org/18.png,,REGULAR,,,,,Activate Odds-Package in User-Panel to retrieve odds.
540664,2026-04-11T00:00:00Z,SCHEDULED,29,REGULAR_SEASON,,2025-06-27T16:59:48Z,[],2088,Germany,DEU,https://crests.football-data.org/759.svg,2002,Bundesliga,BL1,LEAGUE,https://crests.football-data.org/BL1.png,2414,2025-08-22,2026-05-16,1,,44,1. FC Heidenheim 1846,Heidenheim,HEI,https://crests.football-data.org/44.png,28,1. FC Union Berlin,Union Berlin,UNB,https://crests.football-data.org/28.png,,REGULAR,,,,,Activate Odds-Package in User-Panel to retrieve odds.
540665,2026-04-11T00:00:00Z,SCHEDULED,29,REGULAR_SEASON,,2025-06-27T16:59:49Z,[],2088,Germany,DEU,https://crests.football-data.org/759.svg,2002,Bundesliga,BL1,LEAGUE,https://crests.football-data.org/BL1.png,2414,2025-08-22,2026-05-16,1,,16,FC Augsburg,Augsburg,FCA,https://crests.football-data.org/16.png,2,TSG 1899 Hoffenheim,Hoffenheim,TSG,https://crests.football-data.org/2.png,,REGULAR,,,,,Activate Odds-Package in User-Panel to retrieve odds.
540666,2026-04-11T00:00:00Z,SCHEDULED,29,REGULAR_SEASON,,2025-08-23T00:20:52Z,[],2088,Germany,DEU,https://crests.football-data.org/759.svg,2002,Bundesliga,BL1,LEAGUE,https://crests.football-data.org/BL1.png,2414,2025-08-22,2026-05-16,1,,10,VfB Stuttgart,Stuttgart,VFB,https://crests.football-data.org/10.png,7,Hamburger SV,HSV,HSV,https://crests.football-data.org/7.png,,REGULAR,,,,,Activate Odds-Package in User-Panel to retrieve odds.
540672,2026-04-18T00:00:00Z,SCHEDULED,30,REGULAR_SEASON,,2025-06-27T16:59:49Z,[],2088,Germany,DEU,https://crests.football-data.org/759.svg,2002,Bundesliga,BL1,LEAGUE,https://crests.football-data.org/BL1.png,2414,2025-08-22,2026-05-16,1,,17,SC Freiburg,Freiburg,SCF,https://crests.football-data.org/17.png,44,1. FC Heidenheim 1846,Heidenheim,HEI,https://crests.football-data.org/44.png,,REGULAR,,,,,Activate Odds-Package in User-Panel to retrieve odds.
540673,2026-04-18T00:00:00Z,SCHEDULED,30,REGULAR_SEASON,,2025-06-27T16:59:49Z,[],2088,Germany,DEU,https://crests.football-data.org/759.svg,2002,Bundesliga,BL1,LEAGUE,https://crests.football-data.org/BL1.png,2414,2025-08-22,2026-05-16,1,,20,FC St. Pauli 1910,St. Pauli,STP,https://crests.football-data.org/20.png,1,1. FC Köln,1. FC Köln,KOE,https://crests.football-data.org/1.png,,REGULAR,,,,,Activate Odds-Package in User-Panel to retrieve odds.
540674,2026-04-18T00:00:00Z,SCHEDULED,30,REGULAR_SEASON,,2025-08-23T00:20:52Z,[],2088,Germany,DEU,https://crests.football-data.org/759.svg,2002,Bundesliga,BL1,LEAGUE,https://crests.football-data.org/BL1.png,2414,2025-08-22,2026-05-16,1,,12,SV Werder Bremen,Bremen,SVW,https://crests.football-data.org/12.png,7,Hamburger SV,HSV,HSV,https://crests.football-data.org/7.png,,REGULAR,,,,,Activate Odds-Package in User-Panel to retrieve odds.
540675,2026-04-18T00:00:00Z,SCHEDULED,30,REGULAR_SEASON,,2025-08-23T00:20:52Z,[],2088,Germany,DEU,https://crests.football-data.org/759.svg,2002,Bundesliga,BL1,LEAGUE,https://crests.football-data.org/BL1.png,2414,2025-08-22,2026-05-16,1,,3,Bayer 04 Leverkusen,Leverkusen,B04,https://crests.football-data.org/3.png,16,FC Augsburg,Augsburg,FCA,https://crests.football-data.org/16.png,,REGULAR,,,,,Activate Odds-Package in User-Panel to retrieve odds.
540667,2026-04-18T00:00:00Z,SCHEDULED,30,REGULAR_SEASON,,2025-08-23T00:20:52Z,[],2088,Germany,DEU,https://crests.football-data.org/759.svg,2002,Bundesliga,BL1,LEAGUE,https://crests.football-data.org/BL1.png,2414,2025-08-22,2026-05-16,1,,2,TSG 1899 Hoffenheim,Hoffenheim,TSG,https://crests.football-data.org/2.png,4,Borussia Dortmund,Dortmund,BVB,https://crests.football-data.org/4.png,,REGULAR,,,,,Activate Odds-Package in User-Panel to retrieve odds.
540668,2026-04-18T00:00:00Z,SCHEDULED,30,REGULAR_SEASON,,2025-06-27T16:59:49Z,[],2088,Germany,DEU,https://crests.football-data.org/759.svg,2002,Bundesliga,BL1,LEAGUE,https://crests.football-data.org/BL1.png,2414,2025-08-22,2026-05-16,1,,18,Borussia Mönchengladbach,M'gladbach,BMG,https://crests.football-data.org/18.png,15,1. FSV Mainz 05,Mainz,M05,https://crests.football-data.org/15.png,,REGULAR,,,,,Activate Odds-Package in User-Panel to retrieve odds.
540669,2026-04-18T00:00:00Z,SCHEDULED,30,REGULAR_SEASON,,2025-06-27T16:59:49Z,[],2088,Germany,DEU,https://crests.football-data.org/759.svg,2002,Bundesliga,BL1,LEAGUE,https://crests.football-data.org/BL1.png,2414,2025-08-22,2026-05-16,1,,19,Eintracht Frankfurt,Frankfurt,SGE,https://crests.football-data.org/19.png,721,RB Leipzig,RB Leipzig,RBL,https://crests.football-data.org/721.png,,REGULAR,,,,,Activate Odds-Package in User-Panel to retrieve odds.
540670,2026-04-18T00:00:00Z,SCHEDULED,30,REGULAR_SEASON,,2025-08-23T00:20:52Z,[],2088,Germany,DEU,https://crests.football-data.org/759.svg,2002,Bundesliga,BL1,LEAGUE,https://crests.football-data.org/BL1.png,2414,2025-08-22,2026-05-16,1,,5,FC Bayern München,Bayern,FCB,https://crests.football-data.org/5.png,10,VfB Stuttgart,Stuttgart,VFB,https://crests.football-data.org/10.png,,REGULAR,,,,,Activate Odds-Package in User-Panel to retrieve odds.
540671,2026-04-18T00:00:00Z,SCHEDULED,30,REGULAR_SEASON,,2025-08-23T00:20:52Z,[],2088,Germany,DEU,https://crests.football-data.org/759.svg,2002,Bundesliga,BL1,LEAGUE,https://crests.football-data.org/BL1.png,2414,2025-08-22,2026-05-16,1,,28,1. FC Union Berlin,Union Berlin,UNB,https://crests.football-data.org/28.png,11,VfL Wolfsburg,Wolfsburg,WOB,https://crests.football-data.org/11.png,,REGULAR,,,,,Activate Odds-Package in User-Panel to retrieve odds.
540676,2026-04-25T00:00:00Z,SCHEDULED,31,REGULAR_SEASON,,2025-08-23T00:20:52Z,[],2088,Germany,DEU,https://crests.football-data.org/759.svg,2002,Bundesliga,BL1,LEAGUE,https://crests.football-data.org/BL1.png,2414,2025-08-22,2026-05-16,1,,15,1. FSV Mainz 05,Mainz,M05,https://crests.football-data.org/15.png,5,FC Bayern München,Bayern,FCB,https://crests.football-data.org/5.png,,REGULAR,,,,,Activate Odds-Package in User-Panel to retrieve odds.
540677,2026-04-25T00:00:00Z,SCHEDULED,31,REGULAR_SEASON,,2025-08-23T00:20:52Z,[],2088,Germany,DEU,https://crests.football-data.org/759.svg,2002,Bundesliga,BL1,LEAGUE,https://crests.football-data.org/BL1.png,2414,2025-08-22,2026-05-16,1,,1,1. FC Köln,1. FC Köln,KOE,https://crests.football-data.org/1.png,3,Bayer 04 Leverkusen,Leverkusen,B04,https://crests.football-data.org/3.png,,REGULAR,,,,,Activate Odds-Package in User-Panel to retrieve odds.
540678,2026-04-25T00:00:00Z,SCHEDULED,31,REGULAR_SEASON,,2025-06-27T16:59:49Z,[],2088,Germany,DEU,https://crests.football-data.org/759.svg,2002,Bundesliga,BL1,LEAGUE,https://crests.football-data.org/BL1.png,2414,2025-08-22,2026-05-16,1,,16,FC Augsburg,Augsburg,FCA,https://crests.football-data.org/16.png,19,Eintracht Frankfurt,Frankfurt,SGE,https://crests.football-data.org/19.png,,REGULAR,,,,,Activate Odds-Package in User-Panel to retrieve odds.
540679,2026-04-25T00:00:00Z,SCHEDULED,31,REGULAR_SEASON,,2025-08-23T00:20:52Z,[],2088,Germany,DEU,https://crests.football-data.org/759.svg,2002,Bundesliga,BL1,LEAGUE,https://crests.football-data.org/BL1.png,2414,2025-08-22,2026-05-16,1,,4,Borussia Dortmund,Dortmund,BVB,https://crests.football-data.org/4.png,17,SC Freiburg,Freiburg,SCF,https://crests.football-data.org/17.png,,REGULAR,,,,,Activate Odds-Package in User-Panel to retrieve odds.
540680,2026-04-25T00:00:00Z,SCHEDULED,31,REGULAR_SEASON,,2025-08-23T00:20:52Z,[],2088,Germany,DEU,https://crests.football-data.org/759.svg,2002,Bundesliga,BL1,LEAGUE,https://crests.football-data.org/BL1.png,2414,2025-08-22,2026-05-16,1,,10,VfB Stuttgart,Stuttgart,VFB,https://crests.football-data.org/10.png,12,SV Werder Bremen,Bremen,SVW,https://crests.football-data.org/12.png,,REGULAR,,,,,Activate Odds-Package in User-Panel to retrieve odds.
540681,2026-04-25T00:00:00Z,SCHEDULED,31,REGULAR_SEASON,,2025-08-23T00:20:52Z,[],2088,Germany,DEU,https://crests.football-data.org/759.svg,2002,Bundesliga,BL1,LEAGUE,https://crests.football-data.org/BL1.png,2414,2025-08-22,2026-05-16,1,,11,VfL Wolfsburg,Wolfsburg,WOB,https://crests.football-data.org/11.png,18,Borussia Mönchengladbach,M'gladbach,BMG,https://crests.football-data.org/18.png,,REGULAR,,,,,Activate Odds-Package in User-Panel to retrieve odds.
540682,2026-04-25T00:00:00Z,SCHEDULED,31,REGULAR_SEASON,,2025-06-27T16:59:49Z,[],2088,Germany,DEU,https://crests.football-data.org/759.svg,2002,Bundesliga,BL1,LEAGUE,https://crests.football-data.org/BL1.png,2414,2025-08-22,2026-05-16,1,,721,RB Leipzig,RB Leipzig,RBL,https://crests.football-data.org/721.png,28,1. FC Union Berlin,Union Berlin,UNB,https://crests.football-data.org/28.png,,REGULAR,,,,,Activate Odds-Package in User-Panel to retrieve odds.
540683,2026-04-25T00:00:00Z,SCHEDULED,31,REGULAR_SEASON,,2025-06-27T16:59:49Z,[],2088,Germany,DEU,https://crests.football-data.org/759.svg,2002,Bundesliga,BL1,LEAGUE,https://crests.football-data.org/BL1.png,2414,2025-08-22,2026-05-16,1,,44,1. FC Heidenheim 1846,Heidenheim,HEI,https://crests.football-data.org/44.png,20,FC St. Pauli 1910,St. Pauli,STP,https://crests.football-data.org/20.png,,REGULAR,,,,,Activate Odds-Package in User-Panel to retrieve odds.
540684,2026-04-25T00:00:00Z,SCHEDULED,31,REGULAR_SEASON,,2025-06-27T16:59:49Z,[],2088,Germany,DEU,https://crests.football-data.org/759.svg,2002,Bundesliga,BL1,LEAGUE,https://crests.football-data.org/BL1.png,2414,2025-08-22,2026-05-16,1,,7,Hamburger SV,HSV,HSV,https://crests.football-data.org/7.png,2,TSG 1899 Hoffenheim,Hoffenheim,TSG,https://crests.football-data.org/2.png,,REGULAR,,,,,Activate Odds-Package in User-Panel to retrieve odds.
540685,2026-05-03T00:00:00Z,SCHEDULED,32,REGULAR_SEASON,,2025-08-23T00:20:52Z,[],2088,Germany,DEU,https://crests.football-data.org/759.svg,2002,Bundesliga,BL1,LEAGUE,https://crests.football-data.org/BL1.png,2414,2025-08-22,2026-05-16,1,,18,Borussia Mönchengladbach,M'gladbach,BMG,https://crests.football-data.org/18.png,4,Borussia Dortmund,Dortmund,BVB,https://crests.football-data.org/4.png,,REGULAR,,,,,Activate Odds-Package in User-Panel to retrieve odds.
540686,2026-05-03T00:00:00Z,SCHEDULED,32,REGULAR_SEASON,,2025-06-27T16:59:49Z,[],2088,Germany,DEU,https://crests.football-data.org/759.svg,2002,Bundesliga,BL1,LEAGUE,https://crests.football-data.org/BL1.png,2414,2025-08-22,2026-05-16,1,,20,FC St. Pauli 1910,St. Pauli,STP,https://crests.football-data.org/20.png,15,1. FSV Mainz 05,Mainz,M05,https://crests.football-data.org/15.png,,REGULAR,,,,,Activate Odds-Package in User-Panel to retrieve odds.
540687,2026-05-03T00:00:00Z,SCHEDULED,32,REGULAR_SEASON,,2025-08-23T00:20:52Z,[],2088,Germany,DEU,https://crests.football-data.org/759.svg,2002,Bundesliga,BL1,LEAGUE,https://crests.football-data.org/BL1.png,2414,2025-08-22,2026-05-16,1,,3,Bayer 04 Leverkusen,Leverkusen,B04,https://crests.football-data.org/3.png,721,RB Leipzig,RB Leipzig,RBL,https://crests.football-data.org/721.png,,REGULAR,,,,,Activate Odds-Package in User-Panel to retrieve odds.
540688,2026-05-03T00:00:00Z,SCHEDULED,32,REGULAR_SEASON,,2025-08-23T00:20:52Z,[],2088,Germany,DEU,https://crests.football-data.org/759.svg,2002,Bundesliga,BL1,LEAGUE,https://crests.football-data.org/BL1.png,2414,2025-08-22,2026-05-16,1,,2,TSG 1899 Hoffenheim,Hoffenheim,TSG,https://crests.football-data.org/2.png,10,VfB Stuttgart,Stuttgart,VFB,https://crests.football-data.org/10.png,,REGULAR,,,,,Activate Odds-Package in User-Panel to retrieve odds.
540689,2026-05-03T00:00:00Z,SCHEDULED,32,REGULAR_SEASON,,2025-08-23T00:20:52Z,[],2088,Germany,DEU,https://crests.football-data.org/759.svg,2002,Bundesliga,BL1,LEAGUE,https://crests.football-data.org/BL1.png,2414,2025-08-22,2026-05-16,1,,17,SC Freiburg,Freiburg,SCF,https://crests.football-data.org/17.png,11,VfL Wolfsburg,Wolfsburg,WOB,https://crests.football-data.org/11.png,,REGULAR,,,,,Activate Odds-Package in User-Panel to retrieve odds.
540690,2026-05-03T00:00:00Z,SCHEDULED,32,REGULAR_SEASON,,2025-08-23T00:20:52Z,[],2088,Germany,DEU,https://crests.football-data.org/759.svg,2002,Bundesliga,BL1,LEAGUE,https://crests.football-data.org/BL1.png,2414,2025-08-22,2026-05-16,1,,12,SV Werder Bremen,Bremen,SVW,https://crests.football-data.org/12.png,16,FC Augsburg,Augsburg,FCA,https://crests.football-data.org/16.png,,REGULAR,,,,,Activate Odds-Package in User-Panel to retrieve odds.
540691,2026-05-03T00:00:00Z,SCHEDULED,32,REGULAR_SEASON,,2025-08-23T00:20:52Z,[],2088,Germany,DEU,https://crests.football-data.org/759.svg,2002,Bundesliga,BL1,LEAGUE,https://crests.football-data.org/BL1.png,2414,2025-08-22,2026-05-16,1,,5,FC Bayern München,Bayern,FCB,https://crests.football-data.org/5.png,44,1. FC Heidenheim 1846,Heidenheim,HEI,https://crests.football-data.org/44.png,,REGULAR,,,,,Activate Odds-Package in User-Panel to retrieve odds.
540692,2026-05-03T00:00:00Z,SCHEDULED,32,REGULAR_SEASON,,2025-06-27T16:59:49Z,[],2088,Germany,DEU,https://crests.football-data.org/759.svg,2002,Bundesliga,BL1,LEAGUE,https://crests.football-data.org/BL1.png,2414,2025-08-22,2026-05-16,1,,28,1. FC Union Berlin,Union Berlin,UNB,https://crests.football-data.org/28.png,1,1. FC Köln,1. FC Köln,KOE,https://crests.football-data.org/1.png,,REGULAR,,,,,Activate Odds-Package in User-Panel to retrieve odds.
540693,2026-05-03T00:00:00Z,SCHEDULED,32,REGULAR_SEASON,,2025-06-27T16:59:49Z,[],2088,Germany,DEU,https://crests.football-data.org/759.svg,2002,Bundesliga,BL1,LEAGUE,https://crests.football-data.org/BL1.png,2414,2025-08-22,2026-05-16,1,,19,Eintracht Frankfurt,Frankfurt,SGE,https://crests.football-data.org/19.png,7,Hamburger SV,HSV,HSV,https://crests.football-data.org/7.png,,REGULAR,,,,,Activate Odds-Package in User-Panel to retrieve odds.
540694,2026-05-09T00:00:00Z,SCHEDULED,33,REGULAR_SEASON,,2025-08-23T00:20:52Z,[],2088,Germany,DEU,https://crests.football-data.org/759.svg,2002,Bundesliga,BL1,LEAGUE,https://crests.football-data.org/BL1.png,2414,2025-08-22,2026-05-16,1,,11,VfL Wolfsburg,Wolfsburg,WOB,https://crests.football-data.org/11.png,5,FC Bayern München,Bayern,FCB,https://crests.football-data.org/5.png,,REGULAR,,,,,Activate Odds-Package in User-Panel to retrieve odds.
540695,2026-05-09T00:00:00Z,SCHEDULED,33,REGULAR_SEASON,,2025-08-23T00:20:52Z,[],2088,Germany,DEU,https://crests.football-data.org/759.svg,2002,Bundesliga,BL1,LEAGUE,https://crests.football-data.org/BL1.png,2414,2025-08-22,2026-05-16,1,,10,VfB Stuttgart,Stuttgart,VFB,https://crests.football-data.org/10.png,3,Bayer 04 Leverkusen,Leverkusen,B04,https://crests.football-data.org/3.png,,REGULAR,,,,,Activate Odds-Package in User-Panel to retrieve odds.
540696,2026-05-09T00:00:00Z,SCHEDULED,33,REGULAR_SEASON,,2025-08-23T00:20:52Z,[],2088,Germany,DEU,https://crests.football-data.org/759.svg,2002,Bundesliga,BL1,LEAGUE,https://crests.football-data.org/BL1.png,2414,2025-08-22,2026-05-16,1,,4,Borussia Dortmund,Dortmund,BVB,https://crests.football-data.org/4.png,19,Eintracht Frankfurt,Frankfurt,SGE,https://crests.football-data.org/19.png,,REGULAR,,,,,Activate Odds-Package in User-Panel to retrieve odds.
540697,2026-05-09T00:00:00Z,SCHEDULED,33,REGULAR_SEASON,,2025-06-27T16:59:49Z,[],2088,Germany,DEU,https://crests.football-data.org/759.svg,2002,Bundesliga,BL1,LEAGUE,https://crests.football-data.org/BL1.png,2414,2025-08-22,2026-05-16,1,,7,Hamburger SV,HSV,HSV,https://crests.football-data.org/7.png,17,SC Freiburg,Freiburg,SCF,https://crests.football-data.org/17.png,,REGULAR,,,,,Activate Odds-Package in User-Panel to retrieve odds.
540698,2026-05-09T00:00:00Z,SCHEDULED,33,REGULAR_SEASON,,2025-08-23T00:20:52Z,[],2088,Germany,DEU,https://crests.football-data.org/759.svg,2002,Bundesliga,BL1,LEAGUE,https://crests.football-data.org/BL1.png,2414,2025-08-22,2026-05-16,1,,2,TSG 1899 Hoffenheim,Hoffenheim,TSG,https://crests.football-data.org/2.png,12,SV Werder Bremen,Bremen,SVW,https://crests.football-data.org/12.png,,REGULAR,,,,,Activate Odds-Package in User-Panel to retrieve odds.
540699,2026-05-09T00:00:00Z,SCHEDULED,33,REGULAR_SEASON,,2025-06-27T16:59:49Z,[],2088,Germany,DEU,https://crests.football-data.org/759.svg,2002,Bundesliga,BL1,LEAGUE,https://crests.football-data.org/BL1.png,2414,2025-08-22,2026-05-16,1,,16,FC Augsburg,Augsburg,FCA,https://crests.football-data.org/16.png,18,Borussia Mönchengladbach,M'gladbach,BMG,https://crests.football-data.org/18.png,,REGULAR,,,,,Activate Odds-Package in User-Panel to retrieve odds.
540700,2026-05-09T00:00:00Z,SCHEDULED,33,REGULAR_SEASON,,2025-06-27T16:59:49Z,[],2088,Germany,DEU,https://crests.football-data.org/759.svg,2002,Bundesliga,BL1,LEAGUE,https://crests.football-data.org/BL1.png,2414,2025-08-22,2026-05-16,1,,15,1. FSV Mainz 05,Mainz,M05,https://crests.football-data.org/15.png,28,1. FC Union Berlin,Union Berlin,UNB,https://crests.football-data.org/28.png,,REGULAR,,,,,Activate Odds-Package in User-Panel to retrieve odds.
540701,2026-05-09T00:00:00Z,SCHEDULED,33,REGULAR_SEASON,,2025-06-27T16:59:50Z,[],2088,Germany,DEU,https://crests.football-data.org/759.svg,2002,Bundesliga,BL1,LEAGUE,https://crests.football-data.org/BL1.png,2414,2025-08-22,2026-05-16,1,,721,RB Leipzig,RB Leipzig,RBL,https://crests.football-data.org/721.png,20,FC St. Pauli 1910,St. Pauli,STP,https://crests.football-data.org/20.png,,REGULAR,,,,,Activate Odds-Package in User-Panel to retrieve odds.
540702,2026-05-09T00:00:00Z,SCHEDULED,33,REGULAR_SEASON,,2025-06-27T16:59:50Z,[],2088,Germany,DEU,https://crests.football-data.org/759.svg,2002,Bundesliga,BL1,LEAGUE,https://crests.football-data.org/BL1.png,2414,2025-08-22,2026-05-16,1,,1,1. FC Köln,1. FC Köln,KOE,https://crests.football-data.org/1.png,44,1. FC Heidenheim 1846,Heidenheim,HEI,https://crests.football-data.org/44.png,,REGULAR,,,,,Activate Odds-Package in User-Panel to retrieve odds.
540703,2026-05-16T13:30:00Z,TIMED,34,REGULAR_SEASON,,2025-08-23T00:20:52Z,[],2088,Germany,DEU,https://crests.football-data.org/759.svg,2002,Bundesliga,BL1,LEAGUE,https://crests.football-data.org/BL1.png,2414,2025-08-22,2026-05-16,1,,12,SV Werder Bremen,Bremen,SVW,https://crests.football-data.org/12.png,4,Borussia Dortmund,Dortmund,BVB,https://crests.football-data.org/4.png,,REGULAR,,,,,Activate Odds-Package in User-Panel to retrieve odds.
540704,2026-05-16T13:30:00Z,TIMED,34,REGULAR_SEASON,,2025-06-27T16:59:50Z,[],2088,Germany,DEU,https://crests.football-data.org/759.svg,2002,Bundesliga,BL1,LEAGUE,https://crests.football-data.org/BL1.png,2414,2025-08-22,2026-05-16,1,,44,1. FC Heidenheim 1846,Heidenheim,HEI,https://crests.football-data.org/44.png,15,1. FSV Mainz 05,Mainz,M05,https://crests.football-data.org/15.png,,REGULAR,,,,,Activate Odds-Package in User-Panel to retrieve odds.
540705,2026-05-16T13:30:00Z,TIMED,34,REGULAR_SEASON,,2025-06-27T16:59:50Z,[],2088,Germany,DEU,https://crests.football-data.org/759.svg,2002,Bundesliga,BL1,LEAGUE,https://crests.football-data.org/BL1.png,2414,2025-08-22,2026-05-16,1,,17,SC Freiburg,Freiburg,SCF,https://crests.football-data.org/17.png,721,RB Leipzig,RB Leipzig,RBL,https://crests.football-data.org/721.png,,REGULAR,,,,,Activate Odds-Package in User-Panel to retrieve odds.
540706,2026-05-16T13:30:00Z,TIMED,34,REGULAR_SEASON,,2025-08-23T00:20:52Z,[],2088,Germany,DEU,https://crests.football-data.org/759.svg,2002,Bundesliga,BL1,LEAGUE,https://crests.football-data.org/BL1.png,2414,2025-08-22,2026-05-16,1,,19,Eintracht Frankfurt,Frankfurt,SGE,https://crests.football-data.org/19.png,10,VfB Stuttgart,Stuttgart,VFB,https://crests.football-data.org/10.png,,REGULAR,,,,,Activate Odds-Package in User-Panel to retrieve odds.
540707,2026-05-16T13:30:00Z,TIMED,34,REGULAR_SEASON,,2025-08-23T00:20:52Z,[],2088,Germany,DEU,https://crests.football-data.org/759.svg,2002,Bundesliga,BL1,LEAGUE,https://crests.football-data.org/BL1.png,2414,2025-08-22,2026-05-16,1,,20,FC St. Pauli 1910,St. Pauli,STP,https://crests.football-data.org/20.png,11,VfL Wolfsburg,Wolfsburg,WOB,https://crests.football-data.org/11.png,,REGULAR,,,,,Activate Odds-Package in User-Panel to retrieve odds.
540708,2026-05-16T13:30:00Z,TIMED,34,REGULAR_SEASON,,2025-06-27T16:59:50Z,[],2088,Germany,DEU,https://crests.football-data.org/759.svg,2002,Bundesliga,BL1,LEAGUE,https://crests.football-data.org/BL1.png,2414,2025-08-22,2026-05-16,1,,28,1. FC Union Berlin,Union Berlin,UNB,https://crests.football-data.org/28.png,16,FC Augsburg,Augsburg,FCA,https://crests.football-data.org/16.png,,REGULAR,,,,,Activate Odds-Package in User-Panel to retrieve odds.
540709,2026-05-16T13:30:00Z,TIMED,34,REGULAR_SEASON,,2025-06-27T16:59:50Z,[],2088,Germany,DEU,https://crests.football-data.org/759.svg,2002,Bundesliga,BL1,LEAGUE,https://crests.football-data.org/BL1.png,2414,2025-08-22,2026-05-16,1,,18,Borussia Mönchengladbach,M'gladbach,BMG,https://crests.football-data.org/18.png,2,TSG 1899 Hoffenheim,Hoffenheim,TSG,https://crests.football-data.org/2.png,,REGULAR,,,,,Activate Odds-Package in User-Panel to retrieve odds.
540710,2026-05-16T13:30:00Z,TIMED,34,REGULAR_SEASON,,2025-08-23T00:20:52Z,[],2088,Germany,DEU,https://crests.football-data.org/759.svg,2002,Bundesliga,BL1,LEAGUE,https://crests.football-data.org/BL1.png,2414,2025-08-22,2026-05-16,1,,5,FC Bayern München,Bayern,FCB,https://crests.football-data.org/5.png,1,1. FC Köln,1. FC Köln,KOE,https://crests.football-data.org/1.png,,REGULAR,,,,,Activate Odds-Package in User-Panel to retrieve odds.
540711,2026-05-16T13:30:00Z,TIMED,34,REGULAR_SEASON,,2025-08-23T00:20:52Z,[],2088,Germany,DEU,https://crests.football-data.org/759.svg,2002,Bundesliga,BL1,LEAGUE,https://crests.football-data.org/BL1.png,2414,2025-08-22,2026-05-16,1,,3,Bayer 04 Leverkusen,Leverkusen,B04,https://crests.football-data.org/3.png,7,Hamburger SV,HSV,HSV,https://crests.football-data.org/7.png,,REGULAR,,,,,Activate Odds-Package in User-Panel to retrieve odds.
