id,utcDate,status,matchday,stage,group,lastUpdated,referees,area_id,area_name,area_code,area_flag,competition_id,competition_name,competition_code,competition_type,competition_emblem,season_id,season_startDate,season_endDate,season_currentMatchday,season_winner,homeTeam_id,homeTeam_name,homeTeam_shortName,homeTeam_tla,homeTeam_crest,awayTeam_id,awayTeam_name,awayTeam_shortName,awayTeam_tla,awayTeam_crest,score_winner,score_duration,score_fullTime_home,score_fullTime_away,score_halfTime_home,score_halfTime_away,odds_msg
544214,2025-08-15T17:00:00Z,FINISHED,1,REGULAR_SEASON,,2025-08-23T00:20:52Z,"[{'id': 80747, 'name': 'Javier Alberola Rojas', 'type': 'REFEREE', 'nationality': None}]",2224,Spain,ESP,https://crests.football-data.org/760.svg,2014,Primera Division,PD,LEAGUE,https://crests.football-data.org/laliga.png,2429,2025-08-17,2026-05-24,2,,298,Girona FC,Girona,GIR,https://crests.football-data.org/298.png,87,Rayo Vallecano de Madrid,Rayo Vallecano,RAY,https://crests.football-data.org/87.png,AWAY_TEAM,REGULAR,1.0,3.0,0.0,3.0,Activate Odds-Package in User-Panel to retrieve odds.
544220,2025-08-15T19:30:00Z,FINISHED,1,REGULAR_SEASON,,2025-08-23T00:20:52Z,"[{'id': 215569, 'name': 'Alejandro Muñiz Ruiz', 'type': 'REFEREE', 'nationality': 'Spain'}]",2224,Spain,ESP,https://crests.football-data.org/760.svg,2014,Primera Division,PD,LEAGUE,https://crests.football-data.org/laliga.png,2429,2025-08-17,2026-05-24,2,,94,Villarreal CF,Villarreal,VIL,https://crests.football-data.org/94.png,1048,Real Oviedo,Real Oviedo,OVI,https://crests.football-data.org/1048.png,HOME_TEAM,REGULAR,2.0,0.0,2.0,0.0,Activate Odds-Package in User-Panel to retrieve odds.
544216,2025-08-16T17:30:00Z,FINISHED,1,REGULAR_SEASON,,2025-08-23T00:20:52Z,"[{'id': 206223, 'name': 'José Munuera Montero', 'type': 'REFEREE', 'nationality': 'Spain'}]",2224,Spain,ESP,https://crests.football-data.org/760.svg,2014,Primera Division,PD,LEAGUE,https://crests.football-data.org/laliga.png,2429,2025-08-17,2026-05-24,2,,89,RCD Mallorca,Mallorca,MAL,https://crests.football-data.org/89.png,81,FC Barcelona,Barça,FCB,https://crests.football-data.org/81.png,AWAY_TEAM,REGULAR,0.0,3.0,0.0,2.0,Activate Odds-Package in User-Panel to retrieve odds.
544211,2025-08-16T19:30:00Z,FINISHED,1,REGULAR_SEASON,,2025-08-23T00:20:52Z,"[{'id': 214573, 'name': 'Miguel Sesma Espinosa', 'type': 'REFEREE', 'nationality': 'Spain'}]",2224,Spain,ESP,https://crests.football-data.org/760.svg,2014,Primera Division,PD,LEAGUE,https://crests.football-data.org/laliga.png,2429,2025-08-17,2026-05-24,2,,263,Deportivo Alavés,Alavés,ALA,https://crests.football-data.org/263.png,88,Levante UD,Levante,LEV,https://crests.football-data.org/88.png,HOME_TEAM,REGULAR,2.0,1.0,1.0,0.0,Activate Odds-Package in User-Panel to retrieve odds.
544219,2025-08-16T19:30:00Z,FINISHED,1,REGULAR_SEASON,,2025-08-23T00:20:52Z,"[{'id': 207080, 'name': 'José Sánchez Martínez', 'type': 'REFEREE', 'nationality': 'Spain'}]",2224,Spain,ESP,https://crests.football-data.org/760.svg,2014,Primera Division,PD,LEAGUE,https://crests.football-data.org/laliga.png,2429,2025-08-17,2026-05-24,2,,95,Valencia CF,Valencia,VAL,https://crests.football-data.org/95.png,92,Real Sociedad de Fútbol,Real Sociedad,RSO,https://crests.football-data.org/92.png,DRAW,REGULAR,1.0,1.0,0.0,0.0,Activate Odds-Package in User-Panel to retrieve odds.
544213,2025-08-17T15:00:00Z,FINISHED,1,REGULAR_SEASON,,2025-08-23T00:20:52Z,[],2224,Spain,ESP,https://crests.football-data.org/760.svg,2014,Primera Division,PD,LEAGUE,https://crests.football-data.org/laliga.png,2429,2025-08-17,2026-05-24,2,,558,RC Celta de Vigo,Celta,CEL,https://crests.football-data.org/558.png,82,Getafe CF,Getafe,GET,https://crests.football-data.org/82.png,AWAY_TEAM,REGULAR,0.0,2.0,0.0,0.0,Activate Odds-Package in User-Panel to retrieve odds.
544212,2025-08-17T17:30:00Z,FINISHED,1,REGULAR_SEASON,,2025-08-23T00:20:52Z,[],2224,Spain,ESP,https://crests.football-data.org/760.svg,2014,Primera Division,PD,LEAGUE,https://crests.football-data.org/laliga.png,2429,2025-08-17,2026-05-24,2,,77,Athletic Club,Athletic,ATH,https://crests.football-data.org/77.png,559,Sevilla FC,Sevilla FC,SEV,https://crests.football-data.org/559.png,HOME_TEAM,REGULAR,3.0,2.0,2.0,0.0,Activate Odds-Package in User-Panel to retrieve odds.
544215,2025-08-17T19:30:00Z,FINISHED,1,REGULAR_SEASON,,2025-08-23T00:20:52Z,[],2224,Spain,ESP,https://crests.football-data.org/760.svg,2014,Primera Division,PD,LEAGUE,https://crests.football-data.org/laliga.png,2429,2025-08-17,2026-05-24,2,,80,RCD Espanyol de Barcelona,Espanyol,ESP,https://crests.football-data.org/80.png,78,Club Atlético de Madrid,Atleti,ATL,https://crests.football-data.org/78.png,HOME_TEAM,REGULAR,2.0,1.0,0.0,1.0,Activate Odds-Package in User-Panel to retrieve odds.
544217,2025-08-18T19:00:00Z,FINISHED,1,REGULAR_SEASON,,2025-08-23T00:20:52Z,"[{'id': 56995, 'name': 'Víctor García Verdura', 'type': 'REFEREE', 'nationality': 'Spain'}]",2224,Spain,ESP,https://crests.football-data.org/760.svg,2014,Primera Division,PD,LEAGUE,https://crests.football-data.org/laliga.png,2429,2025-08-17,2026-05-24,2,,285,Elche CF,Elche,ELC,https://crests.football-data.org/285.png,90,Real Betis Balompié,Real Betis,BET,https://crests.football-data.org/90.png,DRAW,REGULAR,1.0,1.0,0.0,1.0,Activate Odds-Package in User-Panel to retrieve odds.
544218,2025-08-19T19:00:00Z,FINISHED,1,REGULAR_SEASON,,2025-08-23T00:20:52Z,"[{'id': 206205, 'name': 'Adrián Cordero Vega', 'type': 'REFEREE', 'nationality': 'Spain'}]",2224,Spain,ESP,https://crests.football-data.org/760.svg,2014,Primera Division,PD,LEAGUE,https://crests.football-data.org/laliga.png,2429,2025-08-17,2026-05-24,2,,86,Real Madrid CF,Real Madrid,RMA,https://crests.football-data.org/86.png,79,CA Osasuna,Osasuna,OSA,https://crests.football-data.org/79.png,HOME_TEAM,REGULAR,1.0,0.0,0.0,0.0,Activate Odds-Package in User-Panel to retrieve odds.
544225,2025-08-22T19:30:00Z,FINISHED,2,REGULAR_SEASON,,2025-08-23T00:20:52Z,"[{'id': 207048, 'name': 'Miguel Ortiz Arias', 'type': 'REFEREE', 'nationality': 'Spain'}]",2224,Spain,ESP,https://crests.football-data.org/760.svg,2014,Primera Division,PD,LEAGUE,https://crests.football-data.org/laliga.png,2429,2025-08-17,2026-05-24,2,,90,Real Betis Balompié,Real Betis,BET,https://crests.football-data.org/90.png,263,Deportivo Alavés,Alavés,ALA,https://crests.football-data.org/263.png,HOME_TEAM,REGULAR,1.0,0.0,1.0,0.0,Activate Odds-Package in User-Panel to retrieve odds.
544227,2025-08-23T15:00:00Z,TIMED,2,REGULAR_SEASON,,2025-08-18T01:32:03Z,"[{'id': 215507, 'name': 'José Luis Guzmán Mansilla', 'type': 'REFEREE', 'nationality': 'Spain'}]",2224,Spain,ESP,https://crests.football-data.org/760.svg,2014,Primera Division,PD,LEAGUE,https://crests.football-data.org/laliga.png,2429,2025-08-17,2026-05-24,2,,89,RCD Mallorca,Mallorca,MAL,https://crests.football-data.org/89.png,558,RC Celta de Vigo,Celta,CEL,https://crests.football-data.org/558.png,,REGULAR,,,,,Activate Odds-Package in User-Panel to retrieve odds.
544222,2025-08-23T17:30:00Z,TIMED,2,REGULAR_SEASON,,2025-08-23T01:32:01Z,"[{'id': 207113, 'name': 'César Soto Grado', 'type': 'REFEREE', 'nationality': 'Spain'}]",2224,Spain,ESP,https://crests.football-data.org/760.svg,2014,Primera Division,PD,LEAGUE,https://crests.football-data.org/laliga.png,2429,2025-08-17,2026-05-24,2,,78,Club Atlético de Madrid,Atleti,ATL,https://crests.football-data.org/78.png,285,Elche CF,Elche,ELC,https://crests.football-data.org/285.png,,REGULAR,,,,,Activate Odds-Package in User-Panel to retrieve odds.
544226,2025-08-23T19:30:00Z,TIMED,2,REGULAR_SEASON,,2025-08-23T01:32:01Z,[],2224,Spain,ESP,https://crests.football-data.org/760.svg,2014,Primera Division,PD,LEAGUE,https://crests.football-data.org/laliga.png,2429,2025-08-17,2026-05-24,2,,88,Levante UD,Levante,LEV,https://crests.football-data.org/88.png,81,FC Barcelona,Barça,FCB,https://crests.football-data.org/81.png,,REGULAR,,,,,Activate Odds-Package in User-Panel to retrieve odds.
544223,2025-08-24T15:00:00Z,TIMED,2,REGULAR_SEASON,,2025-08-23T01:32:02Z,[],2224,Spain,ESP,https://crests.football-data.org/760.svg,2014,Primera Division,PD,LEAGUE,https://crests.football-data.org/laliga.png,2429,2025-08-17,2026-05-24,2,,79,CA Osasuna,Osasuna,OSA,https://crests.football-data.org/79.png,95,Valencia CF,Valencia,VAL,https://crests.football-data.org/95.png,,REGULAR,,,,,Activate Odds-Package in User-Panel to retrieve odds.
544228,2025-08-24T17:30:00Z,TIMED,2,REGULAR_SEASON,,2025-08-23T01:32:02Z,[],2224,Spain,ESP,https://crests.football-data.org/760.svg,2014,Primera Division,PD,LEAGUE,https://crests.football-data.org/laliga.png,2429,2025-08-17,2026-05-24,2,,92,Real Sociedad de Fútbol,Real Sociedad,RSO,https://crests.football-data.org/92.png,80,RCD Espanyol de Barcelona,Espanyol,ESP,https://crests.football-data.org/80.png,,REGULAR,,,,,Activate Odds-Package in User-Panel to retrieve odds.
544230,2025-08-24T17:30:00Z,TIMED,2,REGULAR_SEASON,,2025-08-23T01:32:02Z,[],2224,Spain,ESP,https://crests.football-data.org/760.svg,2014,Primera Division,PD,LEAGUE,https://crests.football-data.org/laliga.png,2429,2025-08-17,2026-05-24,2,,94,Villarreal CF,Villarreal,VIL,https://crests.football-data.org/94.png,298,Girona FC,Girona,GIR,https://crests.football-data.org/298.png,,REGULAR,,,,,Activate Odds-Package in User-Panel to retrieve odds.
544224,2025-08-24T19:30:00Z,TIMED,2,REGULAR_SEASON,,2025-08-23T00:20:52Z,[],2224,Spain,ESP,https://crests.football-data.org/760.svg,2014,Primera Division,PD,LEAGUE,https://crests.football-data.org/laliga.png,2429,2025-08-17,2026-05-24,2,,1048,Real Oviedo,Real Oviedo,OVI,https://crests.football-data.org/1048.png,86,Real Madrid CF,Real Madrid,RMA,https://crests.football-data.org/86.png,,REGULAR,,,,,Activate Odds-Package in User-Panel to retrieve odds.
544221,2025-08-25T17:30:00Z,TIMED,2,REGULAR_SEASON,,2025-08-23T01:32:03Z,[],2224,Spain,ESP,https://crests.football-data.org/760.svg,2014,Primera Division,PD,LEAGUE,https://crests.football-data.org/laliga.png,2429,2025-08-17,2026-05-24,2,,77,Athletic Club,Athletic,ATH,https://crests.football-data.org/77.png,87,Rayo Vallecano de Madrid,Rayo Vallecano,RAY,https://crests.football-data.org/87.png,,REGULAR,,,,,Activate Odds-Package in User-Panel to retrieve odds.
544229,2025-08-25T19:30:00Z,TIMED,2,REGULAR_SEASON,,2025-08-23T01:32:03Z,[],2224,Spain,ESP,https://crests.football-data.org/760.svg,2014,Primera Division,PD,LEAGUE,https://crests.football-data.org/laliga.png,2429,2025-08-17,2026-05-24,2,,559,Sevilla FC,Sevilla FC,SEV,https://crests.football-data.org/559.png,82,Getafe CF,Getafe,GET,https://crests.football-data.org/82.png,,REGULAR,,,,,Activate Odds-Package in User-Panel to retrieve odds.
544268,2025-08-27T19:00:00Z,TIMED,6,REGULAR_SEASON,,2025-08-23T01:32:04Z,[],2224,Spain,ESP,https://crests.football-data.org/760.svg,2014,Primera Division,PD,LEAGUE,https://crests.football-data.org/laliga.png,2429,2025-08-17,2026-05-24,2,,558,RC Celta de Vigo,Celta,CEL,https://crests.football-data.org/558.png,90,Real Betis Balompié,Real Betis,BET,https://crests.football-data.org/90.png,,REGULAR,,,,,Activate Odds-Package in User-Panel to retrieve odds.
544233,2025-08-29T17:30:00Z,TIMED,3,REGULAR_SEASON,,2025-08-23T01:32:04Z,[],2224,Spain,ESP,https://crests.football-data.org/760.svg,2014,Primera Division,PD,LEAGUE,https://crests.football-data.org/laliga.png,2429,2025-08-17,2026-05-24,2,,285,Elche CF,Elche,ELC,https://crests.football-data.org/285.png,88,Levante UD,Levante,LEV,https://crests.football-data.org/88.png,,REGULAR,,,,,Activate Odds-Package in User-Panel to retrieve odds.
544239,2025-08-29T19:30:00Z,TIMED,3,REGULAR_SEASON,,2025-08-23T01:32:04Z,[],2224,Spain,ESP,https://crests.football-data.org/760.svg,2014,Primera Division,PD,LEAGUE,https://crests.football-data.org/laliga.png,2429,2025-08-17,2026-05-24,2,,95,Valencia CF,Valencia,VAL,https://crests.football-data.org/95.png,82,Getafe CF,Getafe,GET,https://crests.football-data.org/82.png,,REGULAR,,,,,Activate Odds-Package in User-Panel to retrieve odds.
544231,2025-08-30T15:00:00Z,TIMED,3,REGULAR_SEASON,,2025-08-23T00:20:52Z,[],2224,Spain,ESP,https://crests.football-data.org/760.svg,2014,Primera Division,PD,LEAGUE,https://crests.football-data.org/laliga.png,2429,2025-08-17,2026-05-24,2,,263,Deportivo Alavés,Alavés,ALA,https://crests.football-data.org/263.png,78,Club Atlético de Madrid,Atleti,ATL,https://crests.football-data.org/78.png,,REGULAR,,,,,Activate Odds-Package in User-Panel to retrieve odds.
544236,2025-08-30T17:00:00Z,TIMED,3,REGULAR_SEASON,,2025-07-15T15:20:49Z,[],2224,Spain,ESP,https://crests.football-data.org/760.svg,2014,Primera Division,PD,LEAGUE,https://crests.football-data.org/laliga.png,2429,2025-08-17,2026-05-24,2,,1048,Real Oviedo,Real Oviedo,OVI,https://crests.football-data.org/1048.png,92,Real Sociedad de Fútbol,Real Sociedad,RSO,https://crests.football-data.org/92.png,,REGULAR,,,,,Activate Odds-Package in User-Panel to retrieve odds.
544235,2025-08-30T17:30:00Z,TIMED,3,REGULAR_SEASON,,2025-07-15T15:20:49Z,[],2224,Spain,ESP,https://crests.football-data.org/760.svg,2014,Primera Division,PD,LEAGUE,https://crests.football-data.org/laliga.png,2429,2025-08-17,2026-05-24,2,,298,Girona FC,Girona,GIR,https://crests.football-data.org/298.png,559,Sevilla FC,Sevilla FC,SEV,https://crests.football-data.org/559.png,,REGULAR,,,,,Activate Odds-Package in User-Panel to retrieve odds.
544240,2025-08-30T19:30:00Z,TIMED,3,REGULAR_SEASON,,2025-08-23T00:20:52Z,[],2224,Spain,ESP,https://crests.football-data.org/760.svg,2014,Primera Division,PD,LEAGUE,https://crests.football-data.org/laliga.png,2429,2025-08-17,2026-05-24,2,,86,Real Madrid CF,Real Madrid,RMA,https://crests.football-data.org/86.png,89,RCD Mallorca,Mallorca,MAL,https://crests.football-data.org/89.png,,REGULAR,,,,,Activate Odds-Package in User-Panel to retrieve odds.
544232,2025-08-31T15:00:00Z,TIMED,3,REGULAR_SEASON,,2025-07-15T15:20:49Z,[],2224,Spain,ESP,https://crests.football-data.org/760.svg,2014,Primera Division,PD,LEAGUE,https://crests.football-data.org/laliga.png,2429,2025-08-17,2026-05-24,2,,558,RC Celta de Vigo,Celta,CEL,https://crests.football-data.org/558.png,94,Villarreal CF,Villarreal,VIL,https://crests.football-data.org/94.png,,REGULAR,,,,,Activate Odds-Package in User-Panel to retrieve odds.
544237,2025-08-31T17:00:00Z,TIMED,3,REGULAR_SEASON,,2025-07-15T15:20:49Z,[],2224,Spain,ESP,https://crests.football-data.org/760.svg,2014,Primera Division,PD,LEAGUE,https://crests.football-data.org/laliga.png,2429,2025-08-17,2026-05-24,2,,90,Real Betis Balompié,Real Betis,BET,https://crests.football-data.org/90.png,77,Athletic Club,Athletic,ATH,https://crests.football-data.org/77.png,,REGULAR,,,,,Activate Odds-Package in User-Panel to retrieve odds.
544234,2025-08-31T17:30:00Z,TIMED,3,REGULAR_SEASON,,2025-07-15T15:20:49Z,[],2224,Spain,ESP,https://crests.football-data.org/760.svg,2014,Primera Division,PD,LEAGUE,https://crests.football-data.org/laliga.png,2429,2025-08-17,2026-05-24,2,,80,RCD Espanyol de Barcelona,Espanyol,ESP,https://crests.football-data.org/80.png,79,CA Osasuna,Osasuna,OSA,https://crests.football-data.org/79.png,,REGULAR,,,,,Activate Odds-Package in User-Panel to retrieve odds.
544238,2025-08-31T19:30:00Z,TIMED,3,REGULAR_SEASON,,2025-08-23T00:20:52Z,[],2224,Spain,ESP,https://crests.football-data.org/760.svg,2014,Primera Division,PD,LEAGUE,https://crests.football-data.org/laliga.png,2429,2025-08-17,2026-05-24,2,,87,Rayo Vallecano de Madrid,Rayo Vallecano,RAY,https://crests.football-data.org/87.png,81,FC Barcelona,Barça,FCB,https://crests.football-data.org/81.png,,REGULAR,,,,,Activate Odds-Package in User-Panel to retrieve odds.
544249,2025-09-12T19:00:00Z,TIMED,4,REGULAR_SEASON,,2025-08-15T15:20:33Z,[],2224,Spain,ESP,https://crests.football-data.org/760.svg,2014,Primera Division,PD,LEAGUE,https://crests.football-data.org/laliga.png,2429,2025-08-17,2026-05-24,2,,559,Sevilla FC,Sevilla FC,SEV,https://crests.football-data.org/559.png,285,Elche CF,Elche,ELC,https://crests.football-data.org/285.png,,REGULAR,,,,,Activate Odds-Package in User-Panel to retrieve odds.
544245,2025-09-13T12:00:00Z,TIMED,4,REGULAR_SEASON,,2025-08-15T15:20:33Z,[],2224,Spain,ESP,https://crests.football-data.org/760.svg,2014,Primera Division,PD,LEAGUE,https://crests.football-data.org/laliga.png,2429,2025-08-17,2026-05-24,2,,82,Getafe CF,Getafe,GET,https://crests.football-data.org/82.png,1048,Real Oviedo,Real Oviedo,OVI,https://crests.football-data.org/1048.png,,REGULAR,,,,,Activate Odds-Package in User-Panel to retrieve odds.
544248,2025-09-13T14:15:00Z,TIMED,4,REGULAR_SEASON,,2025-08-15T15:20:33Z,[],2224,Spain,ESP,https://crests.football-data.org/760.svg,2014,Primera Division,PD,LEAGUE,https://crests.football-data.org/laliga.png,2429,2025-08-17,2026-05-24,2,,88,Levante UD,Levante,LEV,https://crests.football-data.org/88.png,90,Real Betis Balompié,Real Betis,BET,https://crests.football-data.org/90.png,,REGULAR,,,,,Activate Odds-Package in User-Panel to retrieve odds.
544243,2025-09-14T12:00:00Z,TIMED,4,REGULAR_SEASON,,2025-08-15T15:20:33Z,[],2224,Spain,ESP,https://crests.football-data.org/760.svg,2014,Primera Division,PD,LEAGUE,https://crests.football-data.org/laliga.png,2429,2025-08-17,2026-05-24,2,,558,RC Celta de Vigo,Celta,CEL,https://crests.football-data.org/558.png,298,Girona FC,Girona,GIR,https://crests.football-data.org/298.png,,REGULAR,,,,,Activate Odds-Package in User-Panel to retrieve odds.
544241,2025-09-14T16:00:00Z,TIMED,4,REGULAR_SEASON,,2025-08-23T00:20:52Z,[],2224,Spain,ESP,https://crests.football-data.org/760.svg,2014,Primera Division,PD,LEAGUE,https://crests.football-data.org/laliga.png,2429,2025-08-17,2026-05-24,2,,78,Club Atlético de Madrid,Atleti,ATL,https://crests.football-data.org/78.png,94,Villarreal CF,Villarreal,VIL,https://crests.football-data.org/94.png,,REGULAR,,,,,Activate Odds-Package in User-Panel to retrieve odds.
544242,2025-09-14T16:00:00Z,TIMED,4,REGULAR_SEASON,,2025-08-23T00:20:52Z,[],2224,Spain,ESP,https://crests.football-data.org/760.svg,2014,Primera Division,PD,LEAGUE,https://crests.football-data.org/laliga.png,2429,2025-08-17,2026-05-24,2,,81,FC Barcelona,Barça,FCB,https://crests.football-data.org/81.png,95,Valencia CF,Valencia,VAL,https://crests.football-data.org/95.png,,REGULAR,,,,,Activate Odds-Package in User-Panel to retrieve odds.
544247,2025-09-14T16:00:00Z,TIMED,4,REGULAR_SEASON,,2025-08-15T15:20:33Z,[],2224,Spain,ESP,https://crests.football-data.org/760.svg,2014,Primera Division,PD,LEAGUE,https://crests.football-data.org/laliga.png,2429,2025-08-17,2026-05-24,2,,77,Athletic Club,Athletic,ATH,https://crests.football-data.org/77.png,263,Deportivo Alavés,Alavés,ALA,https://crests.football-data.org/263.png,,REGULAR,,,,,Activate Odds-Package in User-Panel to retrieve odds.
544250,2025-09-14T16:00:00Z,TIMED,4,REGULAR_SEASON,,2025-08-23T00:20:52Z,[],2224,Spain,ESP,https://crests.football-data.org/760.svg,2014,Primera Division,PD,LEAGUE,https://crests.football-data.org/laliga.png,2429,2025-08-17,2026-05-24,2,,92,Real Sociedad de Fútbol,Real Sociedad,RSO,https://crests.football-data.org/92.png,86,Real Madrid CF,Real Madrid,RMA,https://crests.football-data.org/86.png,,REGULAR,,,,,Activate Odds-Package in User-Panel to retrieve odds.
544246,2025-09-14T16:30:00Z,TIMED,4,REGULAR_SEASON,,2025-08-15T15:20:33Z,[],2224,Spain,ESP,https://crests.football-data.org/760.svg,2014,Primera Division,PD,LEAGUE,https://crests.football-data.org/laliga.png,2429,2025-08-17,2026-05-24,2,,79,CA Osasuna,Osasuna,OSA,https://crests.football-data.org/79.png,87,Rayo Vallecano de Madrid,Rayo Vallecano,RAY,https://crests.football-data.org/87.png,,REGULAR,,,,,Activate Odds-Package in User-Panel to retrieve odds.
544244,2025-09-15T19:00:00Z,TIMED,4,REGULAR_SEASON,,2025-08-15T15:20:33Z,[],2224,Spain,ESP,https://crests.football-data.org/760.svg,2014,Primera Division,PD,LEAGUE,https://crests.football-data.org/laliga.png,2429,2025-08-17,2026-05-24,2,,80,RCD Espanyol de Barcelona,Espanyol,ESP,https://crests.football-data.org/80.png,89,RCD Mallorca,Mallorca,MAL,https://crests.football-data.org/89.png,,REGULAR,,,,,Activate Odds-Package in User-Panel to retrieve odds.
544256,2025-09-21T00:00:00Z,SCHEDULED,5,REGULAR_SEASON,,2025-07-04T12:10:39Z,[],2224,Spain,ESP,https://crests.football-data.org/760.svg,2014,Primera Division,PD,LEAGUE,https://crests.football-data.org/laliga.png,2429,2025-08-17,2026-05-24,2,,95,Valencia CF,Valencia,VAL,https://crests.football-data.org/95.png,77,Athletic Club,Athletic,ATH,https://crests.football-data.org/77.png,,REGULAR,,,,,Activate Odds-Package in User-Panel to retrieve odds.
544257,2025-09-21T00:00:00Z,SCHEDULED,5,REGULAR_SEASON,,2025-08-23T00:20:52Z,[],2224,Spain,ESP,https://crests.football-data.org/760.svg,2014,Primera Division,PD,LEAGUE,https://crests.football-data.org/laliga.png,2429,2025-08-17,2026-05-24,2,,89,RCD Mallorca,Mallorca,MAL,https://crests.football-data.org/89.png,78,Club Atlético de Madrid,Atleti,ATL,https://crests.football-data.org/78.png,,REGULAR,,,,,Activate Odds-Package in User-Panel to retrieve odds.
544258,2025-09-21T00:00:00Z,SCHEDULED,5,REGULAR_SEASON,,2025-07-04T12:10:40Z,[],2224,Spain,ESP,https://crests.football-data.org/760.svg,2014,Primera Division,PD,LEAGUE,https://crests.football-data.org/laliga.png,2429,2025-08-17,2026-05-24,2,,87,Rayo Vallecano de Madrid,Rayo Vallecano,RAY,https://crests.football-data.org/87.png,558,RC Celta de Vigo,Celta,CEL,https://crests.football-data.org/558.png,,REGULAR,,,,,Activate Odds-Package in User-Panel to retrieve odds.
544259,2025-09-21T00:00:00Z,SCHEDULED,5,REGULAR_SEASON,,2025-08-23T00:20:52Z,[],2224,Spain,ESP,https://crests.football-data.org/760.svg,2014,Primera Division,PD,LEAGUE,https://crests.football-data.org/laliga.png,2429,2025-08-17,2026-05-24,2,,86,Real Madrid CF,Real Madrid,RMA,https://crests.football-data.org/86.png,80,RCD Espanyol de Barcelona,Espanyol,ESP,https://crests.football-data.org/80.png,,REGULAR,,,,,Activate Odds-Package in User-Panel to retrieve odds.
544260,2025-09-21T00:00:00Z,SCHEDULED,5,REGULAR_SEASON,,2025-07-04T12:10:40Z,[],2224,Spain,ESP,https://crests.football-data.org/760.svg,2014,Primera Division,PD,LEAGUE,https://crests.football-data.org/laliga.png,2429,2025-08-17,2026-05-24,2,,94,Villarreal CF,Villarreal,VIL,https://crests.football-data.org/94.png,79,CA Osasuna,Osasuna,OSA,https://crests.football-data.org/79.png,,REGULAR,,,,,Activate Odds-Package in User-Panel to retrieve odds.
544251,2025-09-21T00:00:00Z,SCHEDULED,5,REGULAR_SEASON,,2025-07-04T12:10:40Z,[],2224,Spain,ESP,https://crests.football-data.org/760.svg,2014,Primera Division,PD,LEAGUE,https://crests.football-data.org/laliga.png,2429,2025-08-17,2026-05-24,2,,263,Deportivo Alavés,Alavés,ALA,https://crests.football-data.org/263.png,559,Sevilla FC,Sevilla FC,SEV,https://crests.football-data.org/559.png,,REGULAR,,,,,Activate Odds-Package in User-Panel to retrieve odds.
544252,2025-09-21T00:00:00Z,SCHEDULED,5,REGULAR_SEASON,,2025-08-23T00:20:52Z,[],2224,Spain,ESP,https://crests.football-data.org/760.svg,2014,Primera Division,PD,LEAGUE,https://crests.football-data.org/laliga.png,2429,2025-08-17,2026-05-24,2,,81,FC Barcelona,Barça,FCB,https://crests.football-data.org/81.png,82,Getafe CF,Getafe,GET,https://crests.football-data.org/82.png,,REGULAR,,,,,Activate Odds-Package in User-Panel to retrieve odds.
544253,2025-09-21T00:00:00Z,SCHEDULED,5,REGULAR_SEASON,,2025-07-04T12:10:57Z,[],2224,Spain,ESP,https://crests.football-data.org/760.svg,2014,Primera Division,PD,LEAGUE,https://crests.football-data.org/laliga.png,2429,2025-08-17,2026-05-24,2,,90,Real Betis Balompié,Real Betis,BET,https://crests.football-data.org/90.png,92,Real Sociedad de Fútbol,Real Sociedad,RSO,https://crests.football-data.org/92.png,,REGULAR,,,,,Activate Odds-Package in User-Panel to retrieve odds.
544254,2025-09-21T00:00:00Z,SCHEDULED,5,REGULAR_SEASON,,2025-07-04T12:10:39Z,[],2224,Spain,ESP,https://crests.football-data.org/760.svg,2014,Primera Division,PD,LEAGUE,https://crests.football-data.org/laliga.png,2429,2025-08-17,2026-05-24,2,,285,Elche CF,Elche,ELC,https://crests.football-data.org/285.png,1048,Real Oviedo,Real Oviedo,OVI,https://crests.football-data.org/1048.png,,REGULAR,,,,,Activate Odds-Package in User-Panel to retrieve odds.
544255,2025-09-21T00:00:00Z,SCHEDULED,5,REGULAR_SEASON,,2025-07-04T12:10:39Z,[],2224,Spain,ESP,https://crests.football-data.org/760.svg,2014,Primera Division,PD,LEAGUE,https://crests.football-data.org/laliga.png,2429,2025-08-17,2026-05-24,2,,298,Girona FC,Girona,GIR,https://crests.football-data.org/298.png,88,Levante UD,Levante,LEV,https://crests.football-data.org/88.png,,REGULAR,,,,,Activate Odds-Package in User-Panel to retrieve odds.
544261,2025-09-24T00:00:00Z,SCHEDULED,6,REGULAR_SEASON,,2025-07-04T12:10:39Z,[],2224,Spain,ESP,https://crests.football-data.org/760.svg,2014,Primera Division,PD,LEAGUE,https://crests.football-data.org/laliga.png,2429,2025-08-17,2026-05-24,2,,77,Athletic Club,Athletic,ATH,https://crests.football-data.org/77.png,298,Girona FC,Girona,GIR,https://crests.football-data.org/298.png,,REGULAR,,,,,Activate Odds-Package in User-Panel to retrieve odds.
544262,2025-09-24T00:00:00Z,SCHEDULED,6,REGULAR_SEASON,,2025-08-23T00:20:52Z,[],2224,Spain,ESP,https://crests.football-data.org/760.svg,2014,Primera Division,PD,LEAGUE,https://crests.football-data.org/laliga.png,2429,2025-08-17,2026-05-24,2,,78,Club Atlético de Madrid,Atleti,ATL,https://crests.football-data.org/78.png,87,Rayo Vallecano de Madrid,Rayo Vallecano,RAY,https://crests.football-data.org/87.png,,REGULAR,,,,,Activate Odds-Package in User-Panel to retrieve odds.
544263,2025-09-24T00:00:00Z,SCHEDULED,6,REGULAR_SEASON,,2025-07-04T12:10:40Z,[],2224,Spain,ESP,https://crests.football-data.org/760.svg,2014,Primera Division,PD,LEAGUE,https://crests.football-data.org/laliga.png,2429,2025-08-17,2026-05-24,2,,80,RCD Espanyol de Barcelona,Espanyol,ESP,https://crests.football-data.org/80.png,95,Valencia CF,Valencia,VAL,https://crests.football-data.org/95.png,,REGULAR,,,,,Activate Odds-Package in User-Panel to retrieve odds.
544264,2025-09-24T00:00:00Z,SCHEDULED,6,REGULAR_SEASON,,2025-08-23T00:20:52Z,[],2224,Spain,ESP,https://crests.football-data.org/760.svg,2014,Primera Division,PD,LEAGUE,https://crests.football-data.org/laliga.png,2429,2025-08-17,2026-05-24,2,,88,Levante UD,Levante,LEV,https://crests.football-data.org/88.png,86,Real Madrid CF,Real Madrid,RMA,https://crests.football-data.org/86.png,,REGULAR,,,,,Activate Odds-Package in User-Panel to retrieve odds.
544265,2025-09-24T00:00:00Z,SCHEDULED,6,REGULAR_SEASON,,2025-07-04T12:10:40Z,[],2224,Spain,ESP,https://crests.football-data.org/760.svg,2014,Primera Division,PD,LEAGUE,https://crests.football-data.org/laliga.png,2429,2025-08-17,2026-05-24,2,,559,Sevilla FC,Sevilla FC,SEV,https://crests.football-data.org/559.png,94,Villarreal CF,Villarreal,VIL,https://crests.football-data.org/94.png,,REGULAR,,,,,Activate Odds-Package in User-Panel to retrieve odds.
544266,2025-09-24T00:00:00Z,SCHEDULED,6,REGULAR_SEASON,,2025-07-04T12:10:39Z,[],2224,Spain,ESP,https://crests.football-data.org/760.svg,2014,Primera Division,PD,LEAGUE,https://crests.football-data.org/laliga.png,2429,2025-08-17,2026-05-24,2,,82,Getafe CF,Getafe,GET,https://crests.football-data.org/82.png,263,Deportivo Alavés,Alavés,ALA,https://crests.football-data.org/263.png,,REGULAR,,,,,Activate Odds-Package in User-Panel to retrieve odds.
544267,2025-09-24T00:00:00Z,SCHEDULED,6,REGULAR_SEASON,,2025-08-23T00:20:52Z,[],2224,Spain,ESP,https://crests.football-data.org/760.svg,2014,Primera Division,PD,LEAGUE,https://crests.football-data.org/laliga.png,2429,2025-08-17,2026-05-24,2,,1048,Real Oviedo,Real Oviedo,OVI,https://crests.football-data.org/1048.png,81,FC Barcelona,Barça,FCB,https://crests.football-data.org/81.png,,REGULAR,,,,,Activate Odds-Package in User-Panel to retrieve odds.
544269,2025-09-24T00:00:00Z,SCHEDULED,6,REGULAR_SEASON,,2025-07-04T12:10:40Z,[],2224,Spain,ESP,https://crests.football-data.org/760.svg,2014,Primera Division,PD,LEAGUE,https://crests.football-data.org/laliga.png,2429,2025-08-17,2026-05-24,2,,79,CA Osasuna,Osasuna,OSA,https://crests.football-data.org/79.png,285,Elche CF,Elche,ELC,https://crests.football-data.org/285.png,,REGULAR,,,,,Activate Odds-Package in User-Panel to retrieve odds.
544270,2025-09-24T00:00:00Z,SCHEDULED,6,REGULAR_SEASON,,2025-07-04T12:10:40Z,[],2224,Spain,ESP,https://crests.football-data.org/760.svg,2014,Primera Division,PD,LEAGUE,https://crests.football-data.org/laliga.png,2429,2025-08-17,2026-05-24,2,,92,Real Sociedad de Fútbol,Real Sociedad,RSO,https://crests.football-data.org/92.png,89,RCD Mallorca,Mallorca,MAL,https://crests.football-data.org/89.png,,REGULAR,,,,,Activate Odds-Package in User-Panel to retrieve odds.
544271,2025-09-28T00:00:00Z,SCHEDULED,7,REGULAR_SEASON,,2025-08-23T00:20:52Z,[],2224,Spain,ESP,https://crests.football-data.org/760.svg,2014,Primera Division,PD,LEAGUE,https://crests.football-data.org/laliga.png,2429,2025-08-17,2026-05-24,2,,78,Club Atlético de Madrid,Atleti,ATL,https://crests.football-data.org/78.png,86,Real Madrid CF,Real Madrid,RMA,https://crests.football-data.org/86.png,,REGULAR,,,,,Activate Odds-Package in User-Panel to retrieve odds.
544272,2025-09-28T00:00:00Z,SCHEDULED,7,REGULAR_SEASON,,2025-08-23T00:20:52Z,[],2224,Spain,ESP,https://crests.football-data.org/760.svg,2014,Primera Division,PD,LEAGUE,https://crests.football-data.org/laliga.png,2429,2025-08-17,2026-05-24,2,,81,FC Barcelona,Barça,FCB,https://crests.football-data.org/81.png,92,Real Sociedad de Fútbol,Real Sociedad,RSO,https://crests.football-data.org/92.png,,REGULAR,,,,,Activate Odds-Package in User-Panel to retrieve odds.
544273,2025-09-28T00:00:00Z,SCHEDULED,7,REGULAR_SEASON,,2025-07-04T12:10:57Z,[],2224,Spain,ESP,https://crests.football-data.org/760.svg,2014,Primera Division,PD,LEAGUE,https://crests.football-data.org/laliga.png,2429,2025-08-17,2026-05-24,2,,90,Real Betis Balompié,Real Betis,BET,https://crests.football-data.org/90.png,79,CA Osasuna,Osasuna,OSA,https://crests.football-data.org/79.png,,REGULAR,,,,,Activate Odds-Package in User-Panel to retrieve odds.
544274,2025-09-28T00:00:00Z,SCHEDULED,7,REGULAR_SEASON,,2025-07-04T12:10:40Z,[],2224,Spain,ESP,https://crests.football-data.org/760.svg,2014,Primera Division,PD,LEAGUE,https://crests.football-data.org/laliga.png,2429,2025-08-17,2026-05-24,2,,82,Getafe CF,Getafe,GET,https://crests.football-data.org/82.png,88,Levante UD,Levante,LEV,https://crests.football-data.org/88.png,,REGULAR,,,,,Activate Odds-Package in User-Panel to retrieve odds.
544275,2025-09-28T00:00:00Z,SCHEDULED,7,REGULAR_SEASON,,2025-07-04T12:10:40Z,[],2224,Spain,ESP,https://crests.football-data.org/760.svg,2014,Primera Division,PD,LEAGUE,https://crests.football-data.org/laliga.png,2429,2025-08-17,2026-05-24,2,,87,Rayo Vallecano de Madrid,Rayo Vallecano,RAY,https://crests.football-data.org/87.png,559,Sevilla FC,Sevilla FC,SEV,https://crests.football-data.org/559.png,,REGULAR,,,,,Activate Odds-Package in User-Panel to retrieve odds.
544276,2025-09-28T00:00:00Z,SCHEDULED,7,REGULAR_SEASON,,2025-07-04T12:10:40Z,[],2224,Spain,ESP,https://crests.football-data.org/760.svg,2014,Primera Division,PD,LEAGUE,https://crests.football-data.org/laliga.png,2429,2025-08-17,2026-05-24,2,,89,RCD Mallorca,Mallorca,MAL,https://crests.football-data.org/89.png,263,Deportivo Alavés,Alavés,ALA,https://crests.football-data.org/263.png,,REGULAR,,,,,Activate Odds-Package in User-Panel to retrieve odds.
544277,2025-09-28T00:00:00Z,SCHEDULED,7,REGULAR_SEASON,,2025-07-04T12:10:40Z,[],2224,Spain,ESP,https://crests.football-data.org/760.svg,2014,Primera Division,PD,LEAGUE,https://crests.football-data.org/laliga.png,2429,2025-08-17,2026-05-24,2,,94,Villarreal CF,Villarreal,VIL,https://crests.football-data.org/94.png,77,Athletic Club,Athletic,ATH,https://crests.football-data.org/77.png,,REGULAR,,,,,Activate Odds-Package in User-Panel to retrieve odds.
544278,2025-09-28T00:00:00Z,SCHEDULED,7,REGULAR_SEASON,,2025-07-04T12:10:39Z,[],2224,Spain,ESP,https://crests.football-data.org/760.svg,2014,Primera Division,PD,LEAGUE,https://crests.football-data.org/laliga.png,2429,2025-08-17,2026-05-24,2,,285,Elche CF,Elche,ELC,https://crests.football-data.org/285.png,558,RC Celta de Vigo,Celta,CEL,https://crests.football-data.org/558.png,,REGULAR,,,,,Activate Odds-Package in User-Panel to retrieve odds.
544279,2025-09-28T00:00:00Z,SCHEDULED,7,REGULAR_SEASON,,2025-07-04T12:10:39Z,[],2224,Spain,ESP,https://crests.football-data.org/760.svg,2014,Primera Division,PD,LEAGUE,https://crests.football-data.org/laliga.png,2429,2025-08-17,2026-05-24,2,,298,Girona FC,Girona,GIR,https://crests.football-data.org/298.png,80,RCD Espanyol de Barcelona,Espanyol,ESP,https://crests.football-data.org/80.png,,REGULAR,,,,,Activate Odds-Package in User-Panel to retrieve odds.
544280,2025-09-28T00:00:00Z,SCHEDULED,7,REGULAR_SEASON,,2025-07-04T12:10:40Z,[],2224,Spain,ESP,https://crests.football-data.org/760.svg,2014,Primera Division,PD,LEAGUE,https://crests.football-data.org/laliga.png,2429,2025-08-17,2026-05-24,2,,95,Valencia CF,Valencia,VAL,https://crests.football-data.org/95.png,1048,Real Oviedo,Real Oviedo,OVI,https://crests.football-data.org/1048.png,,REGULAR,,,,,Activate Odds-Package in User-Panel to retrieve odds.
544281,2025-10-05T00:00:00Z,SCHEDULED,8,REGULAR_SEASON,,2025-07-04T12:10:40Z,[],2224,Spain,ESP,https://crests.football-data.org/760.svg,2014,Primera Division,PD,LEAGUE,https://crests.football-data.org/laliga.png,2429,2025-08-17,2026-05-24,2,,263,Deportivo Alavés,Alavés,ALA,https://crests.football-data.org/263.png,285,Elche CF,Elche,ELC,https://crests.football-data.org/285.png,,REGULAR,,,,,Activate Odds-Package in User-Panel to retrieve odds.
544282,2025-10-05T00:00:00Z,SCHEDULED,8,REGULAR_SEASON,,2025-07-04T12:10:39Z,[],2224,Spain,ESP,https://crests.football-data.org/760.svg,2014,Primera Division,PD,LEAGUE,https://crests.football-data.org/laliga.png,2429,2025-08-17,2026-05-24,2,,77,Athletic Club,Athletic,ATH,https://crests.football-data.org/77.png,89,RCD Mallorca,Mallorca,MAL,https://crests.football-data.org/89.png,,REGULAR,,,,,Activate Odds-Package in User-Panel to retrieve odds.
544283,2025-10-05T00:00:00Z,SCHEDULED,8,REGULAR_SEASON,,2025-07-04T12:10:39Z,[],2224,Spain,ESP,https://crests.football-data.org/760.svg,2014,Primera Division,PD,LEAGUE,https://crests.football-data.org/laliga.png,2429,2025-08-17,2026-05-24,2,,298,Girona FC,Girona,GIR,https://crests.football-data.org/298.png,95,Valencia CF,Valencia,VAL,https://crests.football-data.org/95.png,,REGULAR,,,,,Activate Odds-Package in User-Panel to retrieve odds.
544284,2025-10-05T00:00:00Z,SCHEDULED,8,REGULAR_SEASON,,2025-08-23T00:20:52Z,[],2224,Spain,ESP,https://crests.football-data.org/760.svg,2014,Primera Division,PD,LEAGUE,https://crests.football-data.org/laliga.png,2429,2025-08-17,2026-05-24,2,,86,Real Madrid CF,Real Madrid,RMA,https://crests.football-data.org/86.png,94,Villarreal CF,Villarreal,VIL,https://crests.football-data.org/94.png,,REGULAR,,,,,Activate Odds-Package in User-Panel to retrieve odds.
544285,2025-10-05T00:00:00Z,SCHEDULED,8,REGULAR_SEASON,,2025-08-23T00:20:52Z,[],2224,Spain,ESP,https://crests.football-data.org/760.svg,2014,Primera Division,PD,LEAGUE,https://crests.football-data.org/laliga.png,2429,2025-08-17,2026-05-24,2,,558,RC Celta de Vigo,Celta,CEL,https://crests.football-data.org/558.png,78,Club Atlético de Madrid,Atleti,ATL,https://crests.football-data.org/78.png,,REGULAR,,,,,Activate Odds-Package in User-Panel to retrieve odds.
544286,2025-10-05T00:00:00Z,SCHEDULED,8,REGULAR_SEASON,,2025-08-23T00:20:52Z,[],2224,Spain,ESP,https://crests.football-data.org/760.svg,2014,Primera Division,PD,LEAGUE,https://crests.football-data.org/laliga.png,2429,2025-08-17,2026-05-24,2,,559,Sevilla FC,Sevilla FC,SEV,https://crests.football-data.org/559.png,81,FC Barcelona,Barça,FCB,https://crests.football-data.org/81.png,,REGULAR,,,,,Activate Odds-Package in User-Panel to retrieve odds.
544287,2025-10-05T00:00:00Z,SCHEDULED,8,REGULAR_SEASON,,2025-07-04T12:10:39Z,[],2224,Spain,ESP,https://crests.football-data.org/760.svg,2014,Primera Division,PD,LEAGUE,https://crests.football-data.org/laliga.png,2429,2025-08-17,2026-05-24,2,,80,RCD Espanyol de Barcelona,Espanyol,ESP,https://crests.football-data.org/80.png,90,Real Betis Balompié,Real Betis,BET,https://crests.football-data.org/90.png,,REGULAR,,,,,Activate Odds-Package in User-Panel to retrieve odds.
544288,2025-10-05T00:00:00Z,SCHEDULED,8,REGULAR_SEASON,,2025-07-04T12:10:39Z,[],2224,Spain,ESP,https://crests.football-data.org/760.svg,2014,Primera Division,PD,LEAGUE,https://crests.football-data.org/laliga.png,2429,2025-08-17,2026-05-24,2,,79,CA Osasuna,Osasuna,OSA,https://crests.football-data.org/79.png,82,Getafe CF,Getafe,GET,https://crests.football-data.org/82.png,,REGULAR,,,,,Activate Odds-Package in User-Panel to retrieve odds.
544289,2025-10-05T00:00:00Z,SCHEDULED,8,REGULAR_SEASON,,2025-07-04T12:10:39Z,[],2224,Spain,ESP,https://crests.football-data.org/760.svg,2014,Primera Division,PD,LEAGUE,https://crests.football-data.org/laliga.png,2429,2025-08-17,2026-05-24,2,,1048,Real Oviedo,Real Oviedo,OVI,https://crests.football-data.org/1048.png,88,Levante UD,Levante,LEV,https://crests.football-data.org/88.png,,REGULAR,,,,,Activate Odds-Package in User-Panel to retrieve odds.
544290,2025-10-05T00:00:00Z,SCHEDULED,8,REGULAR_SEASON,,2025-07-04T12:10:39Z,[],2224,Spain,ESP,https://crests.football-data.org/760.svg,2014,Primera Division,PD,LEAGUE,https://crests.football-data.org/laliga.png,2429,2025-08-17,2026-05-24,2,,92,Real Sociedad de Fútbol,Real Sociedad,RSO,https://crests.football-data.org/92.png,87,Rayo Vallecano de Madrid,Rayo Vallecano,RAY,https://crests.football-data.org/87.png,,REGULAR,,,,,Activate Odds-Package in User-Panel to retrieve odds.
544291,2025-10-19T00:00:00Z,SCHEDULED,9,REGULAR_SEASON,,2025-07-04T12:10:40Z,[],2224,Spain,ESP,https://crests.football-data.org/760.svg,2014,Primera Division,PD,LEAGUE,https://crests.football-data.org/laliga.png,2429,2025-08-17,2026-05-24,2,,263,Deportivo Alavés,Alavés,ALA,https://crests.football-data.org/263.png,95,Valencia CF,Valencia,VAL,https://crests.football-data.org/95.png,,REGULAR,,,,,Activate Odds-Package in User-Panel to retrieve odds.
544292,2025-10-19T00:00:00Z,SCHEDULED,9,REGULAR_SEASON,,2025-08-23T00:20:52Z,[],2224,Spain,ESP,https://crests.football-data.org/760.svg,2014,Primera Division,PD,LEAGUE,https://crests.football-data.org/laliga.png,2429,2025-08-17,2026-05-24,2,,78,Club Atlético de Madrid,Atleti,ATL,https://crests.football-data.org/78.png,79,CA Osasuna,Osasuna,OSA,https://crests.football-data.org/79.png,,REGULAR,,,,,Activate Odds-Package in User-Panel to retrieve odds.
544293,2025-10-19T00:00:00Z,SCHEDULED,9,REGULAR_SEASON,,2025-08-23T00:20:52Z,[],2224,Spain,ESP,https://crests.football-data.org/760.svg,2014,Primera Division,PD,LEAGUE,https://crests.football-data.org/laliga.png,2429,2025-08-17,2026-05-24,2,,81,FC Barcelona,Barça,FCB,https://crests.football-data.org/81.png,298,Girona FC,Girona,GIR,https://crests.football-data.org/298.png,,REGULAR,,,,,Activate Odds-Package in User-Panel to retrieve odds.
544294,2025-10-19T00:00:00Z,SCHEDULED,9,REGULAR_SEASON,,2025-07-04T12:10:39Z,[],2224,Spain,ESP,https://crests.football-data.org/760.svg,2014,Primera Division,PD,LEAGUE,https://crests.football-data.org/laliga.png,2429,2025-08-17,2026-05-24,2,,558,RC Celta de Vigo,Celta,CEL,https://crests.football-data.org/558.png,92,Real Sociedad de Fútbol,Real Sociedad,RSO,https://crests.football-data.org/92.png,,REGULAR,,,,,Activate Odds-Package in User-Panel to retrieve odds.
544295,2025-10-19T00:00:00Z,SCHEDULED,9,REGULAR_SEASON,,2025-08-23T00:20:52Z,[],2224,Spain,ESP,https://crests.football-data.org/760.svg,2014,Primera Division,PD,LEAGUE,https://crests.football-data.org/laliga.png,2429,2025-08-17,2026-05-24,2,,82,Getafe CF,Getafe,GET,https://crests.football-data.org/82.png,86,Real Madrid CF,Real Madrid,RMA,https://crests.football-data.org/86.png,,REGULAR,,,,,Activate Odds-Package in User-Panel to retrieve odds.
544296,2025-10-19T00:00:00Z,SCHEDULED,9,REGULAR_SEASON,,2025-07-04T12:10:40Z,[],2224,Spain,ESP,https://crests.football-data.org/760.svg,2014,Primera Division,PD,LEAGUE,https://crests.football-data.org/laliga.png,2429,2025-08-17,2026-05-24,2,,88,Levante UD,Levante,LEV,https://crests.football-data.org/88.png,87,Rayo Vallecano de Madrid,Rayo Vallecano,RAY,https://crests.football-data.org/87.png,,REGULAR,,,,,Activate Odds-Package in User-Panel to retrieve odds.
544297,2025-10-19T00:00:00Z,SCHEDULED,9,REGULAR_SEASON,,2025-07-04T12:10:40Z,[],2224,Spain,ESP,https://crests.football-data.org/760.svg,2014,Primera Division,PD,LEAGUE,https://crests.football-data.org/laliga.png,2429,2025-08-17,2026-05-24,2,,285,Elche CF,Elche,ELC,https://crests.football-data.org/285.png,77,Athletic Club,Athletic,ATH,https://crests.football-data.org/77.png,,REGULAR,,,,,Activate Odds-Package in User-Panel to retrieve odds.
544298,2025-10-19T00:00:00Z,SCHEDULED,9,REGULAR_SEASON,,2025-07-04T12:10:39Z,[],2224,Spain,ESP,https://crests.football-data.org/760.svg,2014,Primera Division,PD,LEAGUE,https://crests.football-data.org/laliga.png,2429,2025-08-17,2026-05-24,2,,94,Villarreal CF,Villarreal,VIL,https://crests.football-data.org/94.png,90,Real Betis Balompié,Real Betis,BET,https://crests.football-data.org/90.png,,REGULAR,,,,,Activate Odds-Package in User-Panel to retrieve odds.
544299,2025-10-19T00:00:00Z,SCHEDULED,9,REGULAR_SEASON,,2025-07-04T12:10:39Z,[],2224,Spain,ESP,https://crests.football-data.org/760.svg,2014,Primera Division,PD,LEAGUE,https://crests.football-data.org/laliga.png,2429,2025-08-17,2026-05-24,2,,1048,Real Oviedo,Real Oviedo,OVI,https://crests.football-data.org/1048.png,80,RCD Espanyol de Barcelona,Espanyol,ESP,https://crests.football-data.org/80.png,,REGULAR,,,,,Activate Odds-Package in User-Panel to retrieve odds.
544300,2025-10-19T00:00:00Z,SCHEDULED,9,REGULAR_SEASON,,2025-07-04T12:10:40Z,[],2224,Spain,ESP,https://crests.football-data.org/760.svg,2014,Primera Division,PD,LEAGUE,https://crests.football-data.org/laliga.png,2429,2025-08-17,2026-05-24,2,,559,Sevilla FC,Sevilla FC,SEV,https://crests.football-data.org/559.png,89,RCD Mallorca,Mallorca,MAL,https://crests.football-data.org/89.png,,REGULAR,,,,,Activate Odds-Package in User-Panel to retrieve odds.
544301,2025-10-26T00:00:00Z,SCHEDULED,10,REGULAR_SEASON,,2025-07-04T12:10:40Z,[],2224,Spain,ESP,https://crests.football-data.org/760.svg,2014,Primera Division,PD,LEAGUE,https://crests.football-data.org/laliga.png,2429,2025-08-17,2026-05-24,2,,77,Athletic Club,Athletic,ATH,https://crests.football-data.org/77.png,82,Getafe CF,Getafe,GET,https://crests.football-data.org/82.png,,REGULAR,,,,,Activate Odds-Package in User-Panel to retrieve odds.
544302,2025-10-26T00:00:00Z,SCHEDULED,10,REGULAR_SEASON,,2025-07-04T12:10:39Z,[],2224,Spain,ESP,https://crests.football-data.org/760.svg,2014,Primera Division,PD,LEAGUE,https://crests.football-data.org/laliga.png,2429,2025-08-17,2026-05-24,2,,298,Girona FC,Girona,GIR,https://crests.football-data.org/298.png,1048,Real Oviedo,Real Oviedo,OVI,https://crests.football-data.org/1048.png,,REGULAR,,,,,Activate Odds-Package in User-Panel to retrieve odds.
544303,2025-10-26T00:00:00Z,SCHEDULED,10,REGULAR_SEASON,,2025-07-04T12:10:40Z,[],2224,Spain,ESP,https://crests.football-data.org/760.svg,2014,Primera Division,PD,LEAGUE,https://crests.football-data.org/laliga.png,2429,2025-08-17,2026-05-24,2,,92,Real Sociedad de Fútbol,Real Sociedad,RSO,https://crests.football-data.org/92.png,559,Sevilla FC,Sevilla FC,SEV,https://crests.football-data.org/559.png,,REGULAR,,,,,Activate Odds-Package in User-Panel to retrieve odds.
544304,2025-10-26T00:00:00Z,SCHEDULED,10,REGULAR_SEASON,,2025-07-04T12:10:40Z,[],2224,Spain,ESP,https://crests.football-data.org/760.svg,2014,Primera Division,PD,LEAGUE,https://crests.football-data.org/laliga.png,2429,2025-08-17,2026-05-24,2,,95,Valencia CF,Valencia,VAL,https://crests.football-data.org/95.png,94,Villarreal CF,Villarreal,VIL,https://crests.football-data.org/94.png,,REGULAR,,,,,Activate Odds-Package in User-Panel to retrieve odds.
544305,2025-10-26T00:00:00Z,SCHEDULED,10,REGULAR_SEASON,,2025-07-04T12:10:40Z,[],2224,Spain,ESP,https://crests.football-data.org/760.svg,2014,Primera Division,PD,LEAGUE,https://crests.football-data.org/laliga.png,2429,2025-08-17,2026-05-24,2,,87,Rayo Vallecano de Madrid,Rayo Vallecano,RAY,https://crests.football-data.org/87.png,263,Deportivo Alavés,Alavés,ALA,https://crests.football-data.org/263.png,,REGULAR,,,,,Activate Odds-Package in User-Panel to retrieve odds.
544306,2025-10-26T00:00:00Z,SCHEDULED,10,REGULAR_SEASON,,2025-08-23T00:20:52Z,[],2224,Spain,ESP,https://crests.football-data.org/760.svg,2014,Primera Division,PD,LEAGUE,https://crests.football-data.org/laliga.png,2429,2025-08-17,2026-05-24,2,,90,Real Betis Balompié,Real Betis,BET,https://crests.football-data.org/90.png,78,Club Atlético de Madrid,Atleti,ATL,https://crests.football-data.org/78.png,,REGULAR,,,,,Activate Odds-Package in User-Panel to retrieve odds.
544307,2025-10-26T00:00:00Z,SCHEDULED,10,REGULAR_SEASON,,2025-08-23T00:20:52Z,[],2224,Spain,ESP,https://crests.football-data.org/760.svg,2014,Primera Division,PD,LEAGUE,https://crests.football-data.org/laliga.png,2429,2025-08-17,2026-05-24,2,,86,Real Madrid CF,Real Madrid,RMA,https://crests.football-data.org/86.png,81,FC Barcelona,Barça,FCB,https://crests.football-data.org/81.png,,REGULAR,,,,,Activate Odds-Package in User-Panel to retrieve odds.
544308,2025-10-26T00:00:00Z,SCHEDULED,10,REGULAR_SEASON,,2025-07-04T12:10:39Z,[],2224,Spain,ESP,https://crests.football-data.org/760.svg,2014,Primera Division,PD,LEAGUE,https://crests.football-data.org/laliga.png,2429,2025-08-17,2026-05-24,2,,79,CA Osasuna,Osasuna,OSA,https://crests.football-data.org/79.png,558,RC Celta de Vigo,Celta,CEL,https://crests.football-data.org/558.png,,REGULAR,,,,,Activate Odds-Package in User-Panel to retrieve odds.
544309,2025-10-26T00:00:00Z,SCHEDULED,10,REGULAR_SEASON,,2025-07-04T12:10:39Z,[],2224,Spain,ESP,https://crests.football-data.org/760.svg,2014,Primera Division,PD,LEAGUE,https://crests.football-data.org/laliga.png,2429,2025-08-17,2026-05-24,2,,80,RCD Espanyol de Barcelona,Espanyol,ESP,https://crests.football-data.org/80.png,285,Elche CF,Elche,ELC,https://crests.football-data.org/285.png,,REGULAR,,,,,Activate Odds-Package in User-Panel to retrieve odds.
544310,2025-10-26T00:00:00Z,SCHEDULED,10,REGULAR_SEASON,,2025-07-04T12:10:39Z,[],2224,Spain,ESP,https://crests.football-data.org/760.svg,2014,Primera Division,PD,LEAGUE,https://crests.football-data.org/laliga.png,2429,2025-08-17,2026-05-24,2,,89,RCD Mallorca,Mallorca,MAL,https://crests.football-data.org/89.png,88,Levante UD,Levante,LEV,https://crests.football-data.org/88.png,,REGULAR,,,,,Activate Odds-Package in User-Panel to retrieve odds.
544311,2025-11-02T00:00:00Z,SCHEDULED,11,REGULAR_SEASON,,2025-07-04T12:10:39Z,[],2224,Spain,ESP,https://crests.football-data.org/760.svg,2014,Primera Division,PD,LEAGUE,https://crests.football-data.org/laliga.png,2429,2025-08-17,2026-05-24,2,,263,Deportivo Alavés,Alavés,ALA,https://crests.football-data.org/263.png,80,RCD Espanyol de Barcelona,Espanyol,ESP,https://crests.football-data.org/80.png,,REGULAR,,,,,Activate Odds-Package in User-Panel to retrieve odds.
544312,2025-11-02T00:00:00Z,SCHEDULED,11,REGULAR_SEASON,,2025-08-23T00:20:52Z,[],2224,Spain,ESP,https://crests.football-data.org/760.svg,2014,Primera Division,PD,LEAGUE,https://crests.football-data.org/laliga.png,2429,2025-08-17,2026-05-24,2,,78,Club Atlético de Madrid,Atleti,ATL,https://crests.football-data.org/78.png,559,Sevilla FC,Sevilla FC,SEV,https://crests.football-data.org/559.png,,REGULAR,,,,,Activate Odds-Package in User-Panel to retrieve odds.
544313,2025-11-02T00:00:00Z,SCHEDULED,11,REGULAR_SEASON,,2025-08-23T00:20:52Z,[],2224,Spain,ESP,https://crests.football-data.org/760.svg,2014,Primera Division,PD,LEAGUE,https://crests.football-data.org/laliga.png,2429,2025-08-17,2026-05-24,2,,81,FC Barcelona,Barça,FCB,https://crests.football-data.org/81.png,285,Elche CF,Elche,ELC,https://crests.football-data.org/285.png,,REGULAR,,,,,Activate Odds-Package in User-Panel to retrieve odds.
544314,2025-11-02T00:00:00Z,SCHEDULED,11,REGULAR_SEASON,,2025-07-04T12:10:57Z,[],2224,Spain,ESP,https://crests.football-data.org/760.svg,2014,Primera Division,PD,LEAGUE,https://crests.football-data.org/laliga.png,2429,2025-08-17,2026-05-24,2,,90,Real Betis Balompié,Real Betis,BET,https://crests.football-data.org/90.png,89,RCD Mallorca,Mallorca,MAL,https://crests.football-data.org/89.png,,REGULAR,,,,,Activate Odds-Package in User-Panel to retrieve odds.
544315,2025-11-02T00:00:00Z,SCHEDULED,11,REGULAR_SEASON,,2025-07-04T12:10:40Z,[],2224,Spain,ESP,https://crests.football-data.org/760.svg,2014,Primera Division,PD,LEAGUE,https://crests.football-data.org/laliga.png,2429,2025-08-17,2026-05-24,2,,82,Getafe CF,Getafe,GET,https://crests.football-data.org/82.png,298,Girona FC,Girona,GIR,https://crests.football-data.org/298.png,,REGULAR,,,,,Activate Odds-Package in User-Panel to retrieve odds.
544316,2025-11-02T00:00:00Z,SCHEDULED,11,REGULAR_SEASON,,2025-08-23T00:20:52Z,[],2224,Spain,ESP,https://crests.football-data.org/760.svg,2014,Primera Division,PD,LEAGUE,https://crests.football-data.org/laliga.png,2429,2025-08-17,2026-05-24,2,,86,Real Madrid CF,Real Madrid,RMA,https://crests.football-data.org/86.png,95,Valencia CF,Valencia,VAL,https://crests.football-data.org/95.png,,REGULAR,,,,,Activate Odds-Package in User-Panel to retrieve odds.
544317,2025-11-02T00:00:00Z,SCHEDULED,11,REGULAR_SEASON,,2025-07-04T12:10:40Z,[],2224,Spain,ESP,https://crests.football-data.org/760.svg,2014,Primera Division,PD,LEAGUE,https://crests.football-data.org/laliga.png,2429,2025-08-17,2026-05-24,2,,92,Real Sociedad de Fútbol,Real Sociedad,RSO,https://crests.football-data.org/92.png,77,Athletic Club,Athletic,ATH,https://crests.football-data.org/77.png,,REGULAR,,,,,Activate Odds-Package in User-Panel to retrieve odds.
544318,2025-11-02T00:00:00Z,SCHEDULED,11,REGULAR_SEASON,,2025-07-04T12:10:40Z,[],2224,Spain,ESP,https://crests.football-data.org/760.svg,2014,Primera Division,PD,LEAGUE,https://crests.football-data.org/laliga.png,2429,2025-08-17,2026-05-24,2,,88,Levante UD,Levante,LEV,https://crests.football-data.org/88.png,558,RC Celta de Vigo,Celta,CEL,https://crests.football-data.org/558.png,,REGULAR,,,,,Activate Odds-Package in User-Panel to retrieve odds.
544319,2025-11-02T00:00:00Z,SCHEDULED,11,REGULAR_SEASON,,2025-07-04T12:10:40Z,[],2224,Spain,ESP,https://crests.football-data.org/760.svg,2014,Primera Division,PD,LEAGUE,https://crests.football-data.org/laliga.png,2429,2025-08-17,2026-05-24,2,,1048,Real Oviedo,Real Oviedo,OVI,https://crests.football-data.org/1048.png,79,CA Osasuna,Osasuna,OSA,https://crests.football-data.org/79.png,,REGULAR,,,,,Activate Odds-Package in User-Panel to retrieve odds.
544320,2025-11-02T00:00:00Z,SCHEDULED,11,REGULAR_SEASON,,2025-07-04T12:10:39Z,[],2224,Spain,ESP,https://crests.football-data.org/760.svg,2014,Primera Division,PD,LEAGUE,https://crests.football-data.org/laliga.png,2429,2025-08-17,2026-05-24,2,,94,Villarreal CF,Villarreal,VIL,https://crests.football-data.org/94.png,87,Rayo Vallecano de Madrid,Rayo Vallecano,RAY,https://crests.football-data.org/87.png,,REGULAR,,,,,Activate Odds-Package in User-Panel to retrieve odds.
544321,2025-11-09T00:00:00Z,SCHEDULED,12,REGULAR_SEASON,,2025-07-04T12:10:39Z,[],2224,Spain,ESP,https://crests.football-data.org/760.svg,2014,Primera Division,PD,LEAGUE,https://crests.football-data.org/laliga.png,2429,2025-08-17,2026-05-24,2,,77,Athletic Club,Athletic,ATH,https://crests.football-data.org/77.png,1048,Real Oviedo,Real Oviedo,OVI,https://crests.football-data.org/1048.png,,REGULAR,,,,,Activate Odds-Package in User-Panel to retrieve odds.
544322,2025-11-09T00:00:00Z,SCHEDULED,12,REGULAR_SEASON,,2025-08-23T00:20:52Z,[],2224,Spain,ESP,https://crests.football-data.org/760.svg,2014,Primera Division,PD,LEAGUE,https://crests.football-data.org/laliga.png,2429,2025-08-17,2026-05-24,2,,78,Club Atlético de Madrid,Atleti,ATL,https://crests.football-data.org/78.png,88,Levante UD,Levante,LEV,https://crests.football-data.org/88.png,,REGULAR,,,,,Activate Odds-Package in User-Panel to retrieve odds.
544323,2025-11-09T00:00:00Z,SCHEDULED,12,REGULAR_SEASON,,2025-07-04T12:10:39Z,[],2224,Spain,ESP,https://crests.football-data.org/760.svg,2014,Primera Division,PD,LEAGUE,https://crests.football-data.org/laliga.png,2429,2025-08-17,2026-05-24,2,,285,Elche CF,Elche,ELC,https://crests.football-data.org/285.png,92,Real Sociedad de Fútbol,Real Sociedad,RSO,https://crests.football-data.org/92.png,,REGULAR,,,,,Activate Odds-Package in User-Panel to retrieve odds.
544324,2025-11-09T00:00:00Z,SCHEDULED,12,REGULAR_SEASON,,2025-07-04T12:10:40Z,[],2224,Spain,ESP,https://crests.football-data.org/760.svg,2014,Primera Division,PD,LEAGUE,https://crests.football-data.org/laliga.png,2429,2025-08-17,2026-05-24,2,,80,RCD Espanyol de Barcelona,Espanyol,ESP,https://crests.football-data.org/80.png,94,Villarreal CF,Villarreal,VIL,https://crests.football-data.org/94.png,,REGULAR,,,,,Activate Odds-Package in User-Panel to retrieve odds.
544325,2025-11-09T00:00:00Z,SCHEDULED,12,REGULAR_SEASON,,2025-08-23T00:20:52Z,[],2224,Spain,ESP,https://crests.football-data.org/760.svg,2014,Primera Division,PD,LEAGUE,https://crests.football-data.org/laliga.png,2429,2025-08-17,2026-05-24,2,,87,Rayo Vallecano de Madrid,Rayo Vallecano,RAY,https://crests.football-data.org/87.png,86,Real Madrid CF,Real Madrid,RMA,https://crests.football-data.org/86.png,,REGULAR,,,,,Activate Odds-Package in User-Panel to retrieve odds.
544326,2025-11-09T00:00:00Z,SCHEDULED,12,REGULAR_SEASON,,2025-07-04T12:10:39Z,[],2224,Spain,ESP,https://crests.football-data.org/760.svg,2014,Primera Division,PD,LEAGUE,https://crests.football-data.org/laliga.png,2429,2025-08-17,2026-05-24,2,,298,Girona FC,Girona,GIR,https://crests.football-data.org/298.png,263,Deportivo Alavés,Alavés,ALA,https://crests.football-data.org/263.png,,REGULAR,,,,,Activate Odds-Package in User-Panel to retrieve odds.
544327,2025-11-09T00:00:00Z,SCHEDULED,12,REGULAR_SEASON,,2025-08-23T00:20:52Z,[],2224,Spain,ESP,https://crests.football-data.org/760.svg,2014,Primera Division,PD,LEAGUE,https://crests.football-data.org/laliga.png,2429,2025-08-17,2026-05-24,2,,558,RC Celta de Vigo,Celta,CEL,https://crests.football-data.org/558.png,81,FC Barcelona,Barça,FCB,https://crests.football-data.org/81.png,,REGULAR,,,,,Activate Odds-Package in User-Panel to retrieve odds.
544328,2025-11-09T00:00:00Z,SCHEDULED,12,REGULAR_SEASON,,2025-07-04T12:10:40Z,[],2224,Spain,ESP,https://crests.football-data.org/760.svg,2014,Primera Division,PD,LEAGUE,https://crests.football-data.org/laliga.png,2429,2025-08-17,2026-05-24,2,,95,Valencia CF,Valencia,VAL,https://crests.football-data.org/95.png,90,Real Betis Balompié,Real Betis,BET,https://crests.football-data.org/90.png,,REGULAR,,,,,Activate Odds-Package in User-Panel to retrieve odds.
544329,2025-11-09T00:00:00Z,SCHEDULED,12,REGULAR_SEASON,,2025-07-04T12:10:40Z,[],2224,Spain,ESP,https://crests.football-data.org/760.svg,2014,Primera Division,PD,LEAGUE,https://crests.football-data.org/laliga.png,2429,2025-08-17,2026-05-24,2,,89,RCD Mallorca,Mallorca,MAL,https://crests.football-data.org/89.png,82,Getafe CF,Getafe,GET,https://crests.football-data.org/82.png,,REGULAR,,,,,Activate Odds-Package in User-Panel to retrieve odds.
544330,2025-11-09T00:00:00Z,SCHEDULED,12,REGULAR_SEASON,,2025-07-04T12:10:39Z,[],2224,Spain,ESP,https://crests.football-data.org/760.svg,2014,Primera Division,PD,LEAGUE,https://crests.football-data.org/laliga.png,2429,2025-08-17,2026-05-24,2,,559,Sevilla FC,Sevilla FC,SEV,https://crests.football-data.org/559.png,79,CA Osasuna,Osasuna,OSA,https://crests.football-data.org/79.png,,REGULAR,,,,,Activate Odds-Package in User-Panel to retrieve odds.
544331,2025-11-23T00:00:00Z,SCHEDULED,13,REGULAR_SEASON,,2025-07-04T12:10:39Z,[],2224,Spain,ESP,https://crests.football-data.org/760.svg,2014,Primera Division,PD,LEAGUE,https://crests.football-data.org/laliga.png,2429,2025-08-17,2026-05-24,2,,263,Deportivo Alavés,Alavés,ALA,https://crests.football-data.org/263.png,558,RC Celta de Vigo,Celta,CEL,https://crests.football-data.org/558.png,,REGULAR,,,,,Activate Odds-Package in User-Panel to retrieve odds.
544332,2025-11-23T00:00:00Z,SCHEDULED,13,REGULAR_SEASON,,2025-07-04T12:10:57Z,[],2224,Spain,ESP,https://crests.football-data.org/760.svg,2014,Primera Division,PD,LEAGUE,https://crests.football-data.org/laliga.png,2429,2025-08-17,2026-05-24,2,,90,Real Betis Balompié,Real Betis,BET,https://crests.football-data.org/90.png,298,Girona FC,Girona,GIR,https://crests.football-data.org/298.png,,REGULAR,,,,,Activate Odds-Package in User-Panel to retrieve odds.
544333,2025-11-23T00:00:00Z,SCHEDULED,13,REGULAR_SEASON,,2025-08-23T00:20:52Z,[],2224,Spain,ESP,https://crests.football-data.org/760.svg,2014,Primera Division,PD,LEAGUE,https://crests.football-data.org/laliga.png,2429,2025-08-17,2026-05-24,2,,285,Elche CF,Elche,ELC,https://crests.football-data.org/285.png,86,Real Madrid CF,Real Madrid,RMA,https://crests.football-data.org/86.png,,REGULAR,,,,,Activate Odds-Package in User-Panel to retrieve odds.
544334,2025-11-23T00:00:00Z,SCHEDULED,13,REGULAR_SEASON,,2025-07-04T12:10:39Z,[],2224,Spain,ESP,https://crests.football-data.org/760.svg,2014,Primera Division,PD,LEAGUE,https://crests.football-data.org/laliga.png,2429,2025-08-17,2026-05-24,2,,80,RCD Espanyol de Barcelona,Espanyol,ESP,https://crests.football-data.org/80.png,559,Sevilla FC,Sevilla FC,SEV,https://crests.football-data.org/559.png,,REGULAR,,,,,Activate Odds-Package in User-Panel to retrieve odds.
544335,2025-11-23T00:00:00Z,SCHEDULED,13,REGULAR_SEASON,,2025-07-04T12:10:40Z,[],2224,Spain,ESP,https://crests.football-data.org/760.svg,2014,Primera Division,PD,LEAGUE,https://crests.football-data.org/laliga.png,2429,2025-08-17,2026-05-24,2,,79,CA Osasuna,Osasuna,OSA,https://crests.football-data.org/79.png,92,Real Sociedad de Fútbol,Real Sociedad,RSO,https://crests.football-data.org/92.png,,REGULAR,,,,,Activate Odds-Package in User-Panel to retrieve odds.
544336,2025-11-23T00:00:00Z,SCHEDULED,13,REGULAR_SEASON,,2025-07-04T12:10:39Z,[],2224,Spain,ESP,https://crests.football-data.org/760.svg,2014,Primera Division,PD,LEAGUE,https://crests.football-data.org/laliga.png,2429,2025-08-17,2026-05-24,2,,1048,Real Oviedo,Real Oviedo,OVI,https://crests.football-data.org/1048.png,87,Rayo Vallecano de Madrid,Rayo Vallecano,RAY,https://crests.football-data.org/87.png,,REGULAR,,,,,Activate Odds-Package in User-Panel to retrieve odds.
544337,2025-11-23T00:00:00Z,SCHEDULED,13,REGULAR_SEASON,,2025-08-23T00:20:52Z,[],2224,Spain,ESP,https://crests.football-data.org/760.svg,2014,Primera Division,PD,LEAGUE,https://crests.football-data.org/laliga.png,2429,2025-08-17,2026-05-24,2,,81,FC Barcelona,Barça,FCB,https://crests.football-data.org/81.png,77,Athletic Club,Athletic,ATH,https://crests.football-data.org/77.png,,REGULAR,,,,,Activate Odds-Package in User-Panel to retrieve odds.
544338,2025-11-23T00:00:00Z,SCHEDULED,13,REGULAR_SEASON,,2025-08-23T00:20:52Z,[],2224,Spain,ESP,https://crests.football-data.org/760.svg,2014,Primera Division,PD,LEAGUE,https://crests.football-data.org/laliga.png,2429,2025-08-17,2026-05-24,2,,82,Getafe CF,Getafe,GET,https://crests.football-data.org/82.png,78,Club Atlético de Madrid,Atleti,ATL,https://crests.football-data.org/78.png,,REGULAR,,,,,Activate Odds-Package in User-Panel to retrieve odds.
544339,2025-11-23T00:00:00Z,SCHEDULED,13,REGULAR_SEASON,,2025-07-04T12:10:39Z,[],2224,Spain,ESP,https://crests.football-data.org/760.svg,2014,Primera Division,PD,LEAGUE,https://crests.football-data.org/laliga.png,2429,2025-08-17,2026-05-24,2,,95,Valencia CF,Valencia,VAL,https://crests.football-data.org/95.png,88,Levante UD,Levante,LEV,https://crests.football-data.org/88.png,,REGULAR,,,,,Activate Odds-Package in User-Panel to retrieve odds.
544340,2025-11-23T00:00:00Z,SCHEDULED,13,REGULAR_SEASON,,2025-07-04T12:10:39Z,[],2224,Spain,ESP,https://crests.football-data.org/760.svg,2014,Primera Division,PD,LEAGUE,https://crests.football-data.org/laliga.png,2429,2025-08-17,2026-05-24,2,,94,Villarreal CF,Villarreal,VIL,https://crests.football-data.org/94.png,89,RCD Mallorca,Mallorca,MAL,https://crests.football-data.org/89.png,,REGULAR,,,,,Activate Odds-Package in User-Panel to retrieve odds.
544341,2025-11-30T00:00:00Z,SCHEDULED,14,REGULAR_SEASON,,2025-08-23T00:20:52Z,[],2224,Spain,ESP,https://crests.football-data.org/760.svg,2014,Primera Division,PD,LEAGUE,https://crests.football-data.org/laliga.png,2429,2025-08-17,2026-05-24,2,,78,Club Atlético de Madrid,Atleti,ATL,https://crests.football-data.org/78.png,1048,Real Oviedo,Real Oviedo,OVI,https://crests.football-data.org/1048.png,,REGULAR,,,,,Activate Odds-Package in User-Panel to retrieve odds.
544342,2025-11-30T00:00:00Z,SCHEDULED,14,REGULAR_SEASON,,2025-07-04T12:10:39Z,[],2224,Spain,ESP,https://crests.football-data.org/760.svg,2014,Primera Division,PD,LEAGUE,https://crests.football-data.org/laliga.png,2429,2025-08-17,2026-05-24,2,,558,RC Celta de Vigo,Celta,CEL,https://crests.football-data.org/558.png,80,RCD Espanyol de Barcelona,Espanyol,ESP,https://crests.football-data.org/80.png,,REGULAR,,,,,Activate Odds-Package in User-Panel to retrieve odds.
544343,2025-11-30T00:00:00Z,SCHEDULED,14,REGULAR_SEASON,,2025-08-23T00:20:52Z,[],2224,Spain,ESP,https://crests.football-data.org/760.svg,2014,Primera Division,PD,LEAGUE,https://crests.football-data.org/laliga.png,2429,2025-08-17,2026-05-24,2,,298,Girona FC,Girona,GIR,https://crests.football-data.org/298.png,86,Real Madrid CF,Real Madrid,RMA,https://crests.football-data.org/86.png,,REGULAR,,,,,Activate Odds-Package in User-Panel to retrieve odds.
544344,2025-11-30T00:00:00Z,SCHEDULED,14,REGULAR_SEASON,,2025-07-04T12:10:39Z,[],2224,Spain,ESP,https://crests.football-data.org/760.svg,2014,Primera Division,PD,LEAGUE,https://crests.football-data.org/laliga.png,2429,2025-08-17,2026-05-24,2,,89,RCD Mallorca,Mallorca,MAL,https://crests.football-data.org/89.png,79,CA Osasuna,Osasuna,OSA,https://crests.football-data.org/79.png,,REGULAR,,,,,Activate Odds-Package in User-Panel to retrieve odds.
544345,2025-11-30T00:00:00Z,SCHEDULED,14,REGULAR_SEASON,,2025-07-04T12:10:40Z,[],2224,Spain,ESP,https://crests.football-data.org/760.svg,2014,Primera Division,PD,LEAGUE,https://crests.football-data.org/laliga.png,2429,2025-08-17,2026-05-24,2,,87,Rayo Vallecano de Madrid,Rayo Vallecano,RAY,https://crests.football-data.org/87.png,95,Valencia CF,Valencia,VAL,https://crests.football-data.org/95.png,,REGULAR,,,,,Activate Odds-Package in User-Panel to retrieve odds.
544346,2025-11-30T00:00:00Z,SCHEDULED,14,REGULAR_SEASON,,2025-07-04T12:10:39Z,[],2224,Spain,ESP,https://crests.football-data.org/760.svg,2014,Primera Division,PD,LEAGUE,https://crests.football-data.org/laliga.png,2429,2025-08-17,2026-05-24,2,,92,Real Sociedad de Fútbol,Real Sociedad,RSO,https://crests.football-data.org/92.png,94,Villarreal CF,Villarreal,VIL,https://crests.football-data.org/94.png,,REGULAR,,,,,Activate Odds-Package in User-Panel to retrieve odds.
544347,2025-11-30T00:00:00Z,SCHEDULED,14,REGULAR_SEASON,,2025-08-23T00:20:52Z,[],2224,Spain,ESP,https://crests.football-data.org/760.svg,2014,Primera Division,PD,LEAGUE,https://crests.football-data.org/laliga.png,2429,2025-08-17,2026-05-24,2,,81,FC Barcelona,Barça,FCB,https://crests.football-data.org/81.png,263,Deportivo Alavés,Alavés,ALA,https://crests.football-data.org/263.png,,REGULAR,,,,,Activate Odds-Package in User-Panel to retrieve odds.
544348,2025-11-30T00:00:00Z,SCHEDULED,14,REGULAR_SEASON,,2025-07-04T12:10:40Z,[],2224,Spain,ESP,https://crests.football-data.org/760.svg,2014,Primera Division,PD,LEAGUE,https://crests.football-data.org/laliga.png,2429,2025-08-17,2026-05-24,2,,88,Levante UD,Levante,LEV,https://crests.football-data.org/88.png,77,Athletic Club,Athletic,ATH,https://crests.football-data.org/77.png,,REGULAR,,,,,Activate Odds-Package in User-Panel to retrieve odds.
544349,2025-11-30T00:00:00Z,SCHEDULED,14,REGULAR_SEASON,,2025-07-04T12:10:39Z,[],2224,Spain,ESP,https://crests.football-data.org/760.svg,2014,Primera Division,PD,LEAGUE,https://crests.football-data.org/laliga.png,2429,2025-08-17,2026-05-24,2,,559,Sevilla FC,Sevilla FC,SEV,https://crests.football-data.org/559.png,90,Real Betis Balompié,Real Betis,BET,https://crests.football-data.org/90.png,,REGULAR,,,,,Activate Odds-Package in User-Panel to retrieve odds.
544350,2025-11-30T00:00:00Z,SCHEDULED,14,REGULAR_SEASON,,2025-07-04T12:10:39Z,[],2224,Spain,ESP,https://crests.football-data.org/760.svg,2014,Primera Division,PD,LEAGUE,https://crests.football-data.org/laliga.png,2429,2025-08-17,2026-05-24,2,,82,Getafe CF,Getafe,GET,https://crests.football-data.org/82.png,285,Elche CF,Elche,ELC,https://crests.football-data.org/285.png,,REGULAR,,,,,Activate Odds-Package in User-Panel to retrieve odds.
544351,2025-12-07T00:00:00Z,SCHEDULED,15,REGULAR_SEASON,,2025-07-04T12:10:40Z,[],2224,Spain,ESP,https://crests.football-data.org/760.svg,2014,Primera Division,PD,LEAGUE,https://crests.football-data.org/laliga.png,2429,2025-08-17,2026-05-24,2,,263,Deportivo Alavés,Alavés,ALA,https://crests.football-data.org/263.png,92,Real Sociedad de Fútbol,Real Sociedad,RSO,https://crests.football-data.org/92.png,,REGULAR,,,,,Activate Odds-Package in User-Panel to retrieve odds.
544352,2025-12-07T00:00:00Z,SCHEDULED,15,REGULAR_SEASON,,2025-08-23T00:20:52Z,[],2224,Spain,ESP,https://crests.football-data.org/760.svg,2014,Primera Division,PD,LEAGUE,https://crests.football-data.org/laliga.png,2429,2025-08-17,2026-05-24,2,,77,Athletic Club,Athletic,ATH,https://crests.football-data.org/77.png,78,Club Atlético de Madrid,Atleti,ATL,https://crests.football-data.org/78.png,,REGULAR,,,,,Activate Odds-Package in User-Panel to retrieve odds.
544353,2025-12-07T00:00:00Z,SCHEDULED,15,REGULAR_SEASON,,2025-07-04T12:10:39Z,[],2224,Spain,ESP,https://crests.football-data.org/760.svg,2014,Primera Division,PD,LEAGUE,https://crests.football-data.org/laliga.png,2429,2025-08-17,2026-05-24,2,,285,Elche CF,Elche,ELC,https://crests.football-data.org/285.png,298,Girona FC,Girona,GIR,https://crests.football-data.org/298.png,,REGULAR,,,,,Activate Odds-Package in User-Panel to retrieve odds.
544354,2025-12-07T00:00:00Z,SCHEDULED,15,REGULAR_SEASON,,2025-07-04T12:10:39Z,[],2224,Spain,ESP,https://crests.football-data.org/760.svg,2014,Primera Division,PD,LEAGUE,https://crests.football-data.org/laliga.png,2429,2025-08-17,2026-05-24,2,,80,RCD Espanyol de Barcelona,Espanyol,ESP,https://crests.football-data.org/80.png,87,Rayo Vallecano de Madrid,Rayo Vallecano,RAY,https://crests.football-data.org/87.png,,REGULAR,,,,,Activate Odds-Package in User-Panel to retrieve odds.
544355,2025-12-07T00:00:00Z,SCHEDULED,15,REGULAR_SEASON,,2025-08-23T00:20:52Z,[],2224,Spain,ESP,https://crests.football-data.org/760.svg,2014,Primera Division,PD,LEAGUE,https://crests.football-data.org/laliga.png,2429,2025-08-17,2026-05-24,2,,90,Real Betis Balompié,Real Betis,BET,https://crests.football-data.org/90.png,81,FC Barcelona,Barça,FCB,https://crests.football-data.org/81.png,,REGULAR,,,,,Activate Odds-Package in User-Panel to retrieve odds.
544356,2025-12-07T00:00:00Z,SCHEDULED,15,REGULAR_SEASON,,2025-08-23T00:20:52Z,[],2224,Spain,ESP,https://crests.football-data.org/760.svg,2014,Primera Division,PD,LEAGUE,https://crests.football-data.org/laliga.png,2429,2025-08-17,2026-05-24,2,,86,Real Madrid CF,Real Madrid,RMA,https://crests.football-data.org/86.png,558,RC Celta de Vigo,Celta,CEL,https://crests.football-data.org/558.png,,REGULAR,,,,,Activate Odds-Package in User-Panel to retrieve odds.
544357,2025-12-07T00:00:00Z,SCHEDULED,15,REGULAR_SEASON,,2025-07-04T12:10:39Z,[],2224,Spain,ESP,https://crests.football-data.org/760.svg,2014,Primera Division,PD,LEAGUE,https://crests.football-data.org/laliga.png,2429,2025-08-17,2026-05-24,2,,94,Villarreal CF,Villarreal,VIL,https://crests.football-data.org/94.png,82,Getafe CF,Getafe,GET,https://crests.football-data.org/82.png,,REGULAR,,,,,Activate Odds-Package in User-Panel to retrieve odds.
544358,2025-12-07T00:00:00Z,SCHEDULED,15,REGULAR_SEASON,,2025-07-04T12:10:40Z,[],2224,Spain,ESP,https://crests.football-data.org/760.svg,2014,Primera Division,PD,LEAGUE,https://crests.football-data.org/laliga.png,2429,2025-08-17,2026-05-24,2,,79,CA Osasuna,Osasuna,OSA,https://crests.football-data.org/79.png,88,Levante UD,Levante,LEV,https://crests.football-data.org/88.png,,REGULAR,,,,,Activate Odds-Package in User-Panel to retrieve odds.
544359,2025-12-07T00:00:00Z,SCHEDULED,15,REGULAR_SEASON,,2025-07-04T12:10:40Z,[],2224,Spain,ESP,https://crests.football-data.org/760.svg,2014,Primera Division,PD,LEAGUE,https://crests.football-data.org/laliga.png,2429,2025-08-17,2026-05-24,2,,1048,Real Oviedo,Real Oviedo,OVI,https://crests.football-data.org/1048.png,89,RCD Mallorca,Mallorca,MAL,https://crests.football-data.org/89.png,,REGULAR,,,,,Activate Odds-Package in User-Panel to retrieve odds.
544360,2025-12-07T00:00:00Z,SCHEDULED,15,REGULAR_SEASON,,2025-07-04T12:10:40Z,[],2224,Spain,ESP,https://crests.football-data.org/760.svg,2014,Primera Division,PD,LEAGUE,https://crests.football-data.org/laliga.png,2429,2025-08-17,2026-05-24,2,,95,Valencia CF,Valencia,VAL,https://crests.football-data.org/95.png,559,Sevilla FC,Sevilla FC,SEV,https://crests.football-data.org/559.png,,REGULAR,,,,,Activate Odds-Package in User-Panel to retrieve odds.
544361,2025-12-14T00:00:00Z,SCHEDULED,16,REGULAR_SEASON,,2025-08-23T00:20:52Z,[],2224,Spain,ESP,https://crests.football-data.org/760.svg,2014,Primera Division,PD,LEAGUE,https://crests.football-data.org/laliga.png,2429,2025-08-17,2026-05-24,2,,263,Deportivo Alavés,Alavés,ALA,https://crests.football-data.org/263.png,86,Real Madrid CF,Real Madrid,RMA,https://crests.football-data.org/86.png,,REGULAR,,,,,Activate Odds-Package in User-Panel to retrieve odds.
544362,2025-12-14T00:00:00Z,SCHEDULED,16,REGULAR_SEASON,,2025-08-23T00:20:52Z,[],2224,Spain,ESP,https://crests.football-data.org/760.svg,2014,Primera Division,PD,LEAGUE,https://crests.football-data.org/laliga.png,2429,2025-08-17,2026-05-24,2,,78,Club Atlético de Madrid,Atleti,ATL,https://crests.football-data.org/78.png,95,Valencia CF,Valencia,VAL,https://crests.football-data.org/95.png,,REGULAR,,,,,Activate Odds-Package in User-Panel to retrieve odds.
544363,2025-12-14T00:00:00Z,SCHEDULED,16,REGULAR_SEASON,,2025-08-23T00:20:52Z,[],2224,Spain,ESP,https://crests.football-data.org/760.svg,2014,Primera Division,PD,LEAGUE,https://crests.football-data.org/laliga.png,2429,2025-08-17,2026-05-24,2,,81,FC Barcelona,Barça,FCB,https://crests.football-data.org/81.png,79,CA Osasuna,Osasuna,OSA,https://crests.football-data.org/79.png,,REGULAR,,,,,Activate Odds-Package in User-Panel to retrieve odds.
544364,2025-12-14T00:00:00Z,SCHEDULED,16,REGULAR_SEASON,,2025-07-04T12:10:39Z,[],2224,Spain,ESP,https://crests.football-data.org/760.svg,2014,Primera Division,PD,LEAGUE,https://crests.football-data.org/laliga.png,2429,2025-08-17,2026-05-24,2,,88,Levante UD,Levante,LEV,https://crests.football-data.org/88.png,94,Villarreal CF,Villarreal,VIL,https://crests.football-data.org/94.png,,REGULAR,,,,,Activate Odds-Package in User-Panel to retrieve odds.
544365,2025-12-14T00:00:00Z,SCHEDULED,16,REGULAR_SEASON,,2025-07-04T12:10:39Z,[],2224,Spain,ESP,https://crests.football-data.org/760.svg,2014,Primera Division,PD,LEAGUE,https://crests.football-data.org/laliga.png,2429,2025-08-17,2026-05-24,2,,558,RC Celta de Vigo,Celta,CEL,https://crests.football-data.org/558.png,77,Athletic Club,Athletic,ATH,https://crests.football-data.org/77.png,,REGULAR,,,,,Activate Odds-Package in User-Panel to retrieve odds.
544366,2025-12-14T00:00:00Z,SCHEDULED,16,REGULAR_SEASON,,2025-07-04T12:10:39Z,[],2224,Spain,ESP,https://crests.football-data.org/760.svg,2014,Primera Division,PD,LEAGUE,https://crests.football-data.org/laliga.png,2429,2025-08-17,2026-05-24,2,,87,Rayo Vallecano de Madrid,Rayo Vallecano,RAY,https://crests.football-data.org/87.png,90,Real Betis Balompié,Real Betis,BET,https://crests.football-data.org/90.png,,REGULAR,,,,,Activate Odds-Package in User-Panel to retrieve odds.
544367,2025-12-14T00:00:00Z,SCHEDULED,16,REGULAR_SEASON,,2025-07-04T12:10:39Z,[],2224,Spain,ESP,https://crests.football-data.org/760.svg,2014,Primera Division,PD,LEAGUE,https://crests.football-data.org/laliga.png,2429,2025-08-17,2026-05-24,2,,89,RCD Mallorca,Mallorca,MAL,https://crests.football-data.org/89.png,285,Elche CF,Elche,ELC,https://crests.football-data.org/285.png,,REGULAR,,,,,Activate Odds-Package in User-Panel to retrieve odds.
544368,2025-12-14T00:00:00Z,SCHEDULED,16,REGULAR_SEASON,,2025-07-04T12:10:39Z,[],2224,Spain,ESP,https://crests.football-data.org/760.svg,2014,Primera Division,PD,LEAGUE,https://crests.football-data.org/laliga.png,2429,2025-08-17,2026-05-24,2,,82,Getafe CF,Getafe,GET,https://crests.football-data.org/82.png,80,RCD Espanyol de Barcelona,Espanyol,ESP,https://crests.football-data.org/80.png,,REGULAR,,,,,Activate Odds-Package in User-Panel to retrieve odds.
544369,2025-12-14T00:00:00Z,SCHEDULED,16,REGULAR_SEASON,,2025-07-04T12:10:39Z,[],2224,Spain,ESP,https://crests.football-data.org/760.svg,2014,Primera Division,PD,LEAGUE,https://crests.football-data.org/laliga.png,2429,2025-08-17,2026-05-24,2,,92,Real Sociedad de Fútbol,Real Sociedad,RSO,https://crests.football-data.org/92.png,298,Girona FC,Girona,GIR,https://crests.football-data.org/298.png,,REGULAR,,,,,Activate Odds-Package in User-Panel to retrieve odds.
544370,2025-12-14T00:00:00Z,SCHEDULED,16,REGULAR_SEASON,,2025-07-04T12:10:39Z,[],2224,Spain,ESP,https://crests.football-data.org/760.svg,2014,Primera Division,PD,LEAGUE,https://crests.football-data.org/laliga.png,2429,2025-08-17,2026-05-24,2,,559,Sevilla FC,Sevilla FC,SEV,https://crests.football-data.org/559.png,1048,Real Oviedo,Real Oviedo,OVI,https://crests.football-data.org/1048.png,,REGULAR,,,,,Activate Odds-Package in User-Panel to retrieve odds.
544371,2025-12-21T00:00:00Z,SCHEDULED,17,REGULAR_SEASON,,2025-07-04T12:10:39Z,[],2224,Spain,ESP,https://crests.football-data.org/760.svg,2014,Primera Division,PD,LEAGUE,https://crests.football-data.org/laliga.png,2429,2025-08-17,2026-05-24,2,,77,Athletic Club,Athletic,ATH,https://crests.football-data.org/77.png,80,RCD Espanyol de Barcelona,Espanyol,ESP,https://crests.football-data.org/80.png,,REGULAR,,,,,Activate Odds-Package in User-Panel to retrieve odds.
544372,2025-12-21T00:00:00Z,SCHEDULED,17,REGULAR_SEASON,,2025-07-04T12:10:57Z,[],2224,Spain,ESP,https://crests.football-data.org/760.svg,2014,Primera Division,PD,LEAGUE,https://crests.football-data.org/laliga.png,2429,2025-08-17,2026-05-24,2,,90,Real Betis Balompié,Real Betis,BET,https://crests.football-data.org/90.png,82,Getafe CF,Getafe,GET,https://crests.football-data.org/82.png,,REGULAR,,,,,Activate Odds-Package in User-Panel to retrieve odds.
544373,2025-12-21T00:00:00Z,SCHEDULED,17,REGULAR_SEASON,,2025-07-04T12:10:39Z,[],2224,Spain,ESP,https://crests.football-data.org/760.svg,2014,Primera Division,PD,LEAGUE,https://crests.football-data.org/laliga.png,2429,2025-08-17,2026-05-24,2,,285,Elche CF,Elche,ELC,https://crests.football-data.org/285.png,87,Rayo Vallecano de Madrid,Rayo Vallecano,RAY,https://crests.football-data.org/87.png,,REGULAR,,,,,Activate Odds-Package in User-Panel to retrieve odds.
544374,2025-12-21T00:00:00Z,SCHEDULED,17,REGULAR_SEASON,,2025-07-04T12:10:40Z,[],2224,Spain,ESP,https://crests.football-data.org/760.svg,2014,Primera Division,PD,LEAGUE,https://crests.football-data.org/laliga.png,2429,2025-08-17,2026-05-24,2,,88,Levante UD,Levante,LEV,https://crests.football-data.org/88.png,92,Real Sociedad de Fútbol,Real Sociedad,RSO,https://crests.football-data.org/92.png,,REGULAR,,,,,Activate Odds-Package in User-Panel to retrieve odds.
544375,2025-12-21T00:00:00Z,SCHEDULED,17,REGULAR_SEASON,,2025-08-23T00:20:52Z,[],2224,Spain,ESP,https://crests.football-data.org/760.svg,2014,Primera Division,PD,LEAGUE,https://crests.football-data.org/laliga.png,2429,2025-08-17,2026-05-24,2,,86,Real Madrid CF,Real Madrid,RMA,https://crests.football-data.org/86.png,559,Sevilla FC,Sevilla FC,SEV,https://crests.football-data.org/559.png,,REGULAR,,,,,Activate Odds-Package in User-Panel to retrieve odds.
544376,2025-12-21T00:00:00Z,SCHEDULED,17,REGULAR_SEASON,,2025-07-04T12:10:39Z,[],2224,Spain,ESP,https://crests.football-data.org/760.svg,2014,Primera Division,PD,LEAGUE,https://crests.football-data.org/laliga.png,2429,2025-08-17,2026-05-24,2,,79,CA Osasuna,Osasuna,OSA,https://crests.football-data.org/79.png,263,Deportivo Alavés,Alavés,ALA,https://crests.football-data.org/263.png,,REGULAR,,,,,Activate Odds-Package in User-Panel to retrieve odds.
544377,2025-12-21T00:00:00Z,SCHEDULED,17,REGULAR_SEASON,,2025-08-23T00:20:52Z,[],2224,Spain,ESP,https://crests.football-data.org/760.svg,2014,Primera Division,PD,LEAGUE,https://crests.football-data.org/laliga.png,2429,2025-08-17,2026-05-24,2,,298,Girona FC,Girona,GIR,https://crests.football-data.org/298.png,78,Club Atlético de Madrid,Atleti,ATL,https://crests.football-data.org/78.png,,REGULAR,,,,,Activate Odds-Package in User-Panel to retrieve odds.
544378,2025-12-21T00:00:00Z,SCHEDULED,17,REGULAR_SEASON,,2025-08-23T00:20:52Z,[],2224,Spain,ESP,https://crests.football-data.org/760.svg,2014,Primera Division,PD,LEAGUE,https://crests.football-data.org/laliga.png,2429,2025-08-17,2026-05-24,2,,94,Villarreal CF,Villarreal,VIL,https://crests.football-data.org/94.png,81,FC Barcelona,Barça,FCB,https://crests.football-data.org/81.png,,REGULAR,,,,,Activate Odds-Package in User-Panel to retrieve odds.
544379,2025-12-21T00:00:00Z,SCHEDULED,17,REGULAR_SEASON,,2025-07-04T12:10:39Z,[],2224,Spain,ESP,https://crests.football-data.org/760.svg,2014,Primera Division,PD,LEAGUE,https://crests.football-data.org/laliga.png,2429,2025-08-17,2026-05-24,2,,1048,Real Oviedo,Real Oviedo,OVI,https://crests.football-data.org/1048.png,558,RC Celta de Vigo,Celta,CEL,https://crests.football-data.org/558.png,,REGULAR,,,,,Activate Odds-Package in User-Panel to retrieve odds.
544380,2025-12-21T00:00:00Z,SCHEDULED,17,REGULAR_SEASON,,2025-07-04T12:10:40Z,[],2224,Spain,ESP,https://crests.football-data.org/760.svg,2014,Primera Division,PD,LEAGUE,https://crests.football-data.org/laliga.png,2429,2025-08-17,2026-05-24,2,,95,Valencia CF,Valencia,VAL,https://crests.football-data.org/95.png,89,RCD Mallorca,Mallorca,MAL,https://crests.football-data.org/89.png,,REGULAR,,,,,Activate Odds-Package in User-Panel to retrieve odds.
544381,2026-01-04T00:00:00Z,SCHEDULED,18,REGULAR_SEASON,,2025-07-04T12:10:39Z,[],2224,Spain,ESP,https://crests.football-data.org/760.svg,2014,Primera Division,PD,LEAGUE,https://crests.football-data.org/laliga.png,2429,2025-08-17,2026-05-24,2,,263,Deportivo Alavés,Alavés,ALA,https://crests.football-data.org/263.png,1048,Real Oviedo,Real Oviedo,OVI,https://crests.football-data.org/1048.png,,REGULAR,,,,,Activate Odds-Package in User-Panel to retrieve odds.
544382,2026-01-04T00:00:00Z,SCHEDULED,18,REGULAR_SEASON,,2025-07-04T12:10:39Z,[],2224,Spain,ESP,https://crests.football-data.org/760.svg,2014,Primera Division,PD,LEAGUE,https://crests.football-data.org/laliga.png,2429,2025-08-17,2026-05-24,2,,558,RC Celta de Vigo,Celta,CEL,https://crests.football-data.org/558.png,95,Valencia CF,Valencia,VAL,https://crests.football-data.org/95.png,,REGULAR,,,,,Activate Odds-Package in User-Panel to retrieve odds.
544383,2026-01-04T00:00:00Z,SCHEDULED,18,REGULAR_SEASON,,2025-07-04T12:10:40Z,[],2224,Spain,ESP,https://crests.football-data.org/760.svg,2014,Primera Division,PD,LEAGUE,https://crests.football-data.org/laliga.png,2429,2025-08-17,2026-05-24,2,,285,Elche CF,Elche,ELC,https://crests.football-data.org/285.png,94,Villarreal CF,Villarreal,VIL,https://crests.football-data.org/94.png,,REGULAR,,,,,Activate Odds-Package in User-Panel to retrieve odds.
544384,2026-01-04T00:00:00Z,SCHEDULED,18,REGULAR_SEASON,,2025-07-04T12:10:40Z,[],2224,Spain,ESP,https://crests.football-data.org/760.svg,2014,Primera Division,PD,LEAGUE,https://crests.football-data.org/laliga.png,2429,2025-08-17,2026-05-24,2,,79,CA Osasuna,Osasuna,OSA,https://crests.football-data.org/79.png,77,Athletic Club,Athletic,ATH,https://crests.football-data.org/77.png,,REGULAR,,,,,Activate Odds-Package in User-Panel to retrieve odds.
544385,2026-01-04T00:00:00Z,SCHEDULED,18,REGULAR_SEASON,,2025-08-23T00:20:52Z,[],2224,Spain,ESP,https://crests.football-data.org/760.svg,2014,Primera Division,PD,LEAGUE,https://crests.football-data.org/laliga.png,2429,2025-08-17,2026-05-24,2,,92,Real Sociedad de Fútbol,Real Sociedad,RSO,https://crests.football-data.org/92.png,78,Club Atlético de Madrid,Atleti,ATL,https://crests.football-data.org/78.png,,REGULAR,,,,,Activate Odds-Package in User-Panel to retrieve odds.
544386,2026-01-04T00:00:00Z,SCHEDULED,18,REGULAR_SEASON,,2025-08-23T00:20:52Z,[],2224,Spain,ESP,https://crests.football-data.org/760.svg,2014,Primera Division,PD,LEAGUE,https://crests.football-data.org/laliga.png,2429,2025-08-17,2026-05-24,2,,80,RCD Espanyol de Barcelona,Espanyol,ESP,https://crests.football-data.org/80.png,81,FC Barcelona,Barça,FCB,https://crests.football-data.org/81.png,,REGULAR,,,,,Activate Odds-Package in User-Panel to retrieve odds.
544387,2026-01-04T00:00:00Z,SCHEDULED,18,REGULAR_SEASON,,2025-08-23T00:20:52Z,[],2224,Spain,ESP,https://crests.football-data.org/760.svg,2014,Primera Division,PD,LEAGUE,https://crests.football-data.org/laliga.png,2429,2025-08-17,2026-05-24,2,,86,Real Madrid CF,Real Madrid,RMA,https://crests.football-data.org/86.png,90,Real Betis Balompié,Real Betis,BET,https://crests.football-data.org/90.png,,REGULAR,,,,,Activate Odds-Package in User-Panel to retrieve odds.
544388,2026-01-04T00:00:00Z,SCHEDULED,18,REGULAR_SEASON,,2025-07-04T12:10:38Z,[],2224,Spain,ESP,https://crests.football-data.org/760.svg,2014,Primera Division,PD,LEAGUE,https://crests.football-data.org/laliga.png,2429,2025-08-17,2026-05-24,2,,87,Rayo Vallecano de Madrid,Rayo Vallecano,RAY,https://crests.football-data.org/87.png,82,Getafe CF,Getafe,GET,https://crests.football-data.org/82.png,,REGULAR,,,,,Activate Odds-Package in User-Panel to retrieve odds.
544389,2026-01-04T00:00:00Z,SCHEDULED,18,REGULAR_SEASON,,2025-07-04T12:10:40Z,[],2224,Spain,ESP,https://crests.football-data.org/760.svg,2014,Primera Division,PD,LEAGUE,https://crests.football-data.org/laliga.png,2429,2025-08-17,2026-05-24,2,,89,RCD Mallorca,Mallorca,MAL,https://crests.football-data.org/89.png,298,Girona FC,Girona,GIR,https://crests.football-data.org/298.png,,REGULAR,,,,,Activate Odds-Package in User-Panel to retrieve odds.
544390,2026-01-04T00:00:00Z,SCHEDULED,18,REGULAR_SEASON,,2025-07-04T12:10:39Z,[],2224,Spain,ESP,https://crests.football-data.org/760.svg,2014,Primera Division,PD,LEAGUE,https://crests.football-data.org/laliga.png,2429,2025-08-17,2026-05-24,2,,559,Sevilla FC,Sevilla FC,SEV,https://crests.football-data.org/559.png,88,Levante UD,Levante,LEV,https://crests.football-data.org/88.png,,REGULAR,,,,,Activate Odds-Package in User-Panel to retrieve odds.
544391,2026-01-11T00:00:00Z,SCHEDULED,19,REGULAR_SEASON,,2025-08-23T00:20:52Z,[],2224,Spain,ESP,https://crests.football-data.org/760.svg,2014,Primera Division,PD,LEAGUE,https://crests.football-data.org/laliga.png,2429,2025-08-17,2026-05-24,2,,77,Athletic Club,Athletic,ATH,https://crests.football-data.org/77.png,86,Real Madrid CF,Real Madrid,RMA,https://crests.football-data.org/86.png,,REGULAR,,,,,Activate Odds-Package in User-Panel to retrieve odds.
544392,2026-01-11T00:00:00Z,SCHEDULED,19,REGULAR_SEASON,,2025-07-04T12:10:40Z,[],2224,Spain,ESP,https://crests.football-data.org/760.svg,2014,Primera Division,PD,LEAGUE,https://crests.football-data.org/laliga.png,2429,2025-08-17,2026-05-24,2,,82,Getafe CF,Getafe,GET,https://crests.football-data.org/82.png,92,Real Sociedad de Fútbol,Real Sociedad,RSO,https://crests.football-data.org/92.png,,REGULAR,,,,,Activate Odds-Package in User-Panel to retrieve odds.
544393,2026-01-11T00:00:00Z,SCHEDULED,19,REGULAR_SEASON,,2025-07-04T12:10:39Z,[],2224,Spain,ESP,https://crests.football-data.org/760.svg,2014,Primera Division,PD,LEAGUE,https://crests.football-data.org/laliga.png,2429,2025-08-17,2026-05-24,2,,298,Girona FC,Girona,GIR,https://crests.football-data.org/298.png,79,CA Osasuna,Osasuna,OSA,https://crests.football-data.org/79.png,,REGULAR,,,,,Activate Odds-Package in User-Panel to retrieve odds.
544394,2026-01-11T00:00:00Z,SCHEDULED,19,REGULAR_SEASON,,2025-07-04T12:10:39Z,[],2224,Spain,ESP,https://crests.football-data.org/760.svg,2014,Primera Division,PD,LEAGUE,https://crests.football-data.org/laliga.png,2429,2025-08-17,2026-05-24,2,,94,Villarreal CF,Villarreal,VIL,https://crests.football-data.org/94.png,263,Deportivo Alavés,Alavés,ALA,https://crests.football-data.org/263.png,,REGULAR,,,,,Activate Odds-Package in User-Panel to retrieve odds.
544395,2026-01-11T00:00:00Z,SCHEDULED,19,REGULAR_SEASON,,2025-08-23T00:20:52Z,[],2224,Spain,ESP,https://crests.football-data.org/760.svg,2014,Primera Division,PD,LEAGUE,https://crests.football-data.org/laliga.png,2429,2025-08-17,2026-05-24,2,,81,FC Barcelona,Barça,FCB,https://crests.football-data.org/81.png,78,Club Atlético de Madrid,Atleti,ATL,https://crests.football-data.org/78.png,,REGULAR,,,,,Activate Odds-Package in User-Panel to retrieve odds.
544396,2026-01-11T00:00:00Z,SCHEDULED,19,REGULAR_SEASON,,2025-07-04T12:10:40Z,[],2224,Spain,ESP,https://crests.football-data.org/760.svg,2014,Primera Division,PD,LEAGUE,https://crests.football-data.org/laliga.png,2429,2025-08-17,2026-05-24,2,,1048,Real Oviedo,Real Oviedo,OVI,https://crests.football-data.org/1048.png,90,Real Betis Balompié,Real Betis,BET,https://crests.football-data.org/90.png,,REGULAR,,,,,Activate Odds-Package in User-Panel to retrieve odds.
544397,2026-01-11T00:00:00Z,SCHEDULED,19,REGULAR_SEASON,,2025-07-04T12:10:40Z,[],2224,Spain,ESP,https://crests.football-data.org/760.svg,2014,Primera Division,PD,LEAGUE,https://crests.football-data.org/laliga.png,2429,2025-08-17,2026-05-24,2,,559,Sevilla FC,Sevilla FC,SEV,https://crests.football-data.org/559.png,558,RC Celta de Vigo,Celta,CEL,https://crests.football-data.org/558.png,,REGULAR,,,,,Activate Odds-Package in User-Panel to retrieve odds.
544398,2026-01-11T00:00:00Z,SCHEDULED,19,REGULAR_SEASON,,2025-07-04T12:10:38Z,[],2224,Spain,ESP,https://crests.football-data.org/760.svg,2014,Primera Division,PD,LEAGUE,https://crests.football-data.org/laliga.png,2429,2025-08-17,2026-05-24,2,,95,Valencia CF,Valencia,VAL,https://crests.football-data.org/95.png,285,Elche CF,Elche,ELC,https://crests.football-data.org/285.png,,REGULAR,,,,,Activate Odds-Package in User-Panel to retrieve odds.
544399,2026-01-11T00:00:00Z,SCHEDULED,19,REGULAR_SEASON,,2025-07-04T12:10:38Z,[],2224,Spain,ESP,https://crests.football-data.org/760.svg,2014,Primera Division,PD,LEAGUE,https://crests.football-data.org/laliga.png,2429,2025-08-17,2026-05-24,2,,88,Levante UD,Levante,LEV,https://crests.football-data.org/88.png,80,RCD Espanyol de Barcelona,Espanyol,ESP,https://crests.football-data.org/80.png,,REGULAR,,,,,Activate Odds-Package in User-Panel to retrieve odds.
544400,2026-01-11T00:00:00Z,SCHEDULED,19,REGULAR_SEASON,,2025-07-04T12:10:40Z,[],2224,Spain,ESP,https://crests.football-data.org/760.svg,2014,Primera Division,PD,LEAGUE,https://crests.football-data.org/laliga.png,2429,2025-08-17,2026-05-24,2,,87,Rayo Vallecano de Madrid,Rayo Vallecano,RAY,https://crests.football-data.org/87.png,89,RCD Mallorca,Mallorca,MAL,https://crests.football-data.org/89.png,,REGULAR,,,,,Activate Odds-Package in User-Panel to retrieve odds.
544401,2026-01-18T00:00:00Z,SCHEDULED,20,REGULAR_SEASON,,2025-07-04T12:10:57Z,[],2224,Spain,ESP,https://crests.football-data.org/760.svg,2014,Primera Division,PD,LEAGUE,https://crests.football-data.org/laliga.png,2429,2025-08-17,2026-05-24,2,,90,Real Betis Balompié,Real Betis,BET,https://crests.football-data.org/90.png,94,Villarreal CF,Villarreal,VIL,https://crests.football-data.org/94.png,,REGULAR,,,,,Activate Odds-Package in User-Panel to retrieve odds.
544402,2026-01-18T00:00:00Z,SCHEDULED,20,REGULAR_SEASON,,2025-07-04T12:10:39Z,[],2224,Spain,ESP,https://crests.football-data.org/760.svg,2014,Primera Division,PD,LEAGUE,https://crests.football-data.org/laliga.png,2429,2025-08-17,2026-05-24,2,,558,RC Celta de Vigo,Celta,CEL,https://crests.football-data.org/558.png,87,Rayo Vallecano de Madrid,Rayo Vallecano,RAY,https://crests.football-data.org/87.png,,REGULAR,,,,,Activate Odds-Package in User-Panel to retrieve odds.
544403,2026-01-18T00:00:00Z,SCHEDULED,20,REGULAR_SEASON,,2025-07-04T12:10:39Z,[],2224,Spain,ESP,https://crests.football-data.org/760.svg,2014,Primera Division,PD,LEAGUE,https://crests.football-data.org/laliga.png,2429,2025-08-17,2026-05-24,2,,285,Elche CF,Elche,ELC,https://crests.football-data.org/285.png,559,Sevilla FC,Sevilla FC,SEV,https://crests.football-data.org/559.png,,REGULAR,,,,,Activate Odds-Package in User-Panel to retrieve odds.
544404,2026-01-18T00:00:00Z,SCHEDULED,20,REGULAR_SEASON,,2025-07-04T12:10:39Z,[],2224,Spain,ESP,https://crests.football-data.org/760.svg,2014,Primera Division,PD,LEAGUE,https://crests.football-data.org/laliga.png,2429,2025-08-17,2026-05-24,2,,80,RCD Espanyol de Barcelona,Espanyol,ESP,https://crests.football-data.org/80.png,298,Girona FC,Girona,GIR,https://crests.football-data.org/298.png,,REGULAR,,,,,Activate Odds-Package in User-Panel to retrieve odds.
544405,2026-01-18T00:00:00Z,SCHEDULED,20,REGULAR_SEASON,,2025-07-04T12:10:40Z,[],2224,Spain,ESP,https://crests.football-data.org/760.svg,2014,Primera Division,PD,LEAGUE,https://crests.football-data.org/laliga.png,2429,2025-08-17,2026-05-24,2,,82,Getafe CF,Getafe,GET,https://crests.football-data.org/82.png,95,Valencia CF,Valencia,VAL,https://crests.football-data.org/95.png,,REGULAR,,,,,Activate Odds-Package in User-Panel to retrieve odds.
544406,2026-01-18T00:00:00Z,SCHEDULED,20,REGULAR_SEASON,,2025-07-04T12:10:39Z,[],2224,Spain,ESP,https://crests.football-data.org/760.svg,2014,Primera Division,PD,LEAGUE,https://crests.football-data.org/laliga.png,2429,2025-08-17,2026-05-24,2,,79,CA Osasuna,Osasuna,OSA,https://crests.football-data.org/79.png,1048,Real Oviedo,Real Oviedo,OVI,https://crests.football-data.org/1048.png,,REGULAR,,,,,Activate Odds-Package in User-Panel to retrieve odds.
544407,2026-01-18T00:00:00Z,SCHEDULED,20,REGULAR_SEASON,,2025-08-23T00:20:52Z,[],2224,Spain,ESP,https://crests.football-data.org/760.svg,2014,Primera Division,PD,LEAGUE,https://crests.football-data.org/laliga.png,2429,2025-08-17,2026-05-24,2,,78,Club Atlético de Madrid,Atleti,ATL,https://crests.football-data.org/78.png,263,Deportivo Alavés,Alavés,ALA,https://crests.football-data.org/263.png,,REGULAR,,,,,Activate Odds-Package in User-Panel to retrieve odds.
544408,2026-01-18T00:00:00Z,SCHEDULED,20,REGULAR_SEASON,,2025-07-04T12:10:39Z,[],2224,Spain,ESP,https://crests.football-data.org/760.svg,2014,Primera Division,PD,LEAGUE,https://crests.football-data.org/laliga.png,2429,2025-08-17,2026-05-24,2,,89,RCD Mallorca,Mallorca,MAL,https://crests.football-data.org/89.png,77,Athletic Club,Athletic,ATH,https://crests.football-data.org/77.png,,REGULAR,,,,,Activate Odds-Package in User-Panel to retrieve odds.
544409,2026-01-18T00:00:00Z,SCHEDULED,20,REGULAR_SEASON,,2025-08-23T00:20:52Z,[],2224,Spain,ESP,https://crests.football-data.org/760.svg,2014,Primera Division,PD,LEAGUE,https://crests.football-data.org/laliga.png,2429,2025-08-17,2026-05-24,2,,92,Real Sociedad de Fútbol,Real Sociedad,RSO,https://crests.football-data.org/92.png,81,FC Barcelona,Barça,FCB,https://crests.football-data.org/81.png,,REGULAR,,,,,Activate Odds-Package in User-Panel to retrieve odds.
544410,2026-01-18T00:00:00Z,SCHEDULED,20,REGULAR_SEASON,,2025-08-23T00:20:52Z,[],2224,Spain,ESP,https://crests.football-data.org/760.svg,2014,Primera Division,PD,LEAGUE,https://crests.football-data.org/laliga.png,2429,2025-08-17,2026-05-24,2,,86,Real Madrid CF,Real Madrid,RMA,https://crests.football-data.org/86.png,88,Levante UD,Levante,LEV,https://crests.football-data.org/88.png,,REGULAR,,,,,Activate Odds-Package in User-Panel to retrieve odds.
544411,2026-01-25T00:00:00Z,SCHEDULED,21,REGULAR_SEASON,,2025-07-04T12:10:40Z,[],2224,Spain,ESP,https://crests.football-data.org/760.svg,2014,Primera Division,PD,LEAGUE,https://crests.football-data.org/laliga.png,2429,2025-08-17,2026-05-24,2,,263,Deportivo Alavés,Alavés,ALA,https://crests.football-data.org/263.png,90,Real Betis Balompié,Real Betis,BET,https://crests.football-data.org/90.png,,REGULAR,,,,,Activate Odds-Package in User-Panel to retrieve odds.
544412,2026-01-25T00:00:00Z,SCHEDULED,21,REGULAR_SEASON,,2025-08-23T00:20:52Z,[],2224,Spain,ESP,https://crests.football-data.org/760.svg,2014,Primera Division,PD,LEAGUE,https://crests.football-data.org/laliga.png,2429,2025-08-17,2026-05-24,2,,78,Club Atlético de Madrid,Atleti,ATL,https://crests.football-data.org/78.png,89,RCD Mallorca,Mallorca,MAL,https://crests.football-data.org/89.png,,REGULAR,,,,,Activate Odds-Package in User-Panel to retrieve odds.
544413,2026-01-25T00:00:00Z,SCHEDULED,21,REGULAR_SEASON,,2025-08-23T00:20:52Z,[],2224,Spain,ESP,https://crests.football-data.org/760.svg,2014,Primera Division,PD,LEAGUE,https://crests.football-data.org/laliga.png,2429,2025-08-17,2026-05-24,2,,81,FC Barcelona,Barça,FCB,https://crests.football-data.org/81.png,1048,Real Oviedo,Real Oviedo,OVI,https://crests.football-data.org/1048.png,,REGULAR,,,,,Activate Odds-Package in User-Panel to retrieve odds.
544414,2026-01-25T00:00:00Z,SCHEDULED,21,REGULAR_SEASON,,2025-07-04T12:10:39Z,[],2224,Spain,ESP,https://crests.football-data.org/760.svg,2014,Primera Division,PD,LEAGUE,https://crests.football-data.org/laliga.png,2429,2025-08-17,2026-05-24,2,,559,Sevilla FC,Sevilla FC,SEV,https://crests.football-data.org/559.png,77,Athletic Club,Athletic,ATH,https://crests.football-data.org/77.png,,REGULAR,,,,,Activate Odds-Package in User-Panel to retrieve odds.
544415,2026-01-25T00:00:00Z,SCHEDULED,21,REGULAR_SEASON,,2025-07-04T12:10:40Z,[],2224,Spain,ESP,https://crests.football-data.org/760.svg,2014,Primera Division,PD,LEAGUE,https://crests.football-data.org/laliga.png,2429,2025-08-17,2026-05-24,2,,92,Real Sociedad de Fútbol,Real Sociedad,RSO,https://crests.football-data.org/92.png,558,RC Celta de Vigo,Celta,CEL,https://crests.football-data.org/558.png,,REGULAR,,,,,Activate Odds-Package in User-Panel to retrieve odds.
544416,2026-01-25T00:00:00Z,SCHEDULED,21,REGULAR_SEASON,,2025-07-04T12:10:39Z,[],2224,Spain,ESP,https://crests.football-data.org/760.svg,2014,Primera Division,PD,LEAGUE,https://crests.football-data.org/laliga.png,2429,2025-08-17,2026-05-24,2,,88,Levante UD,Levante,LEV,https://crests.football-data.org/88.png,285,Elche CF,Elche,ELC,https://crests.football-data.org/285.png,,REGULAR,,,,,Activate Odds-Package in User-Panel to retrieve odds.
544417,2026-01-25T00:00:00Z,SCHEDULED,21,REGULAR_SEASON,,2025-07-04T12:10:39Z,[],2224,Spain,ESP,https://crests.football-data.org/760.svg,2014,Primera Division,PD,LEAGUE,https://crests.football-data.org/laliga.png,2429,2025-08-17,2026-05-24,2,,95,Valencia CF,Valencia,VAL,https://crests.football-data.org/95.png,80,RCD Espanyol de Barcelona,Espanyol,ESP,https://crests.football-data.org/80.png,,REGULAR,,,,,Activate Odds-Package in User-Panel to retrieve odds.
544418,2026-01-25T00:00:00Z,SCHEDULED,21,REGULAR_SEASON,,2025-07-04T12:10:40Z,[],2224,Spain,ESP,https://crests.football-data.org/760.svg,2014,Primera Division,PD,LEAGUE,https://crests.football-data.org/laliga.png,2429,2025-08-17,2026-05-24,2,,298,Girona FC,Girona,GIR,https://crests.football-data.org/298.png,82,Getafe CF,Getafe,GET,https://crests.football-data.org/82.png,,REGULAR,,,,,Activate Odds-Package in User-Panel to retrieve odds.
544419,2026-01-25T00:00:00Z,SCHEDULED,21,REGULAR_SEASON,,2025-07-04T12:10:40Z,[],2224,Spain,ESP,https://crests.football-data.org/760.svg,2014,Primera Division,PD,LEAGUE,https://crests.football-data.org/laliga.png,2429,2025-08-17,2026-05-24,2,,87,Rayo Vallecano de Madrid,Rayo Vallecano,RAY,https://crests.football-data.org/87.png,79,CA Osasuna,Osasuna,OSA,https://crests.football-data.org/79.png,,REGULAR,,,,,Activate Odds-Package in User-Panel to retrieve odds.
544420,2026-01-25T00:00:00Z,SCHEDULED,21,REGULAR_SEASON,,2025-08-23T00:20:52Z,[],2224,Spain,ESP,https://crests.football-data.org/760.svg,2014,Primera Division,PD,LEAGUE,https://crests.football-data.org/laliga.png,2429,2025-08-17,2026-05-24,2,,94,Villarreal CF,Villarreal,VIL,https://crests.football-data.org/94.png,86,Real Madrid CF,Real Madrid,RMA,https://crests.football-data.org/86.png,,REGULAR,,,,,Activate Odds-Package in User-Panel to retrieve odds.
544421,2026-02-01T00:00:00Z,SCHEDULED,22,REGULAR_SEASON,,2025-07-04T12:10:40Z,[],2224,Spain,ESP,https://crests.football-data.org/760.svg,2014,Primera Division,PD,LEAGUE,https://crests.football-data.org/laliga.png,2429,2025-08-17,2026-05-24,2,,77,Athletic Club,Athletic,ATH,https://crests.football-data.org/77.png,92,Real Sociedad de Fútbol,Real Sociedad,RSO,https://crests.football-data.org/92.png,,REGULAR,,,,,Activate Odds-Package in User-Panel to retrieve odds.
544422,2026-02-01T00:00:00Z,SCHEDULED,22,REGULAR_SEASON,,2025-07-04T12:10:56Z,[],2224,Spain,ESP,https://crests.football-data.org/760.svg,2014,Primera Division,PD,LEAGUE,https://crests.football-data.org/laliga.png,2429,2025-08-17,2026-05-24,2,,90,Real Betis Balompié,Real Betis,BET,https://crests.football-data.org/90.png,95,Valencia CF,Valencia,VAL,https://crests.football-data.org/95.png,,REGULAR,,,,,Activate Odds-Package in User-Panel to retrieve odds.
544423,2026-02-01T00:00:00Z,SCHEDULED,22,REGULAR_SEASON,,2025-07-04T12:10:40Z,[],2224,Spain,ESP,https://crests.football-data.org/760.svg,2014,Primera Division,PD,LEAGUE,https://crests.football-data.org/laliga.png,2429,2025-08-17,2026-05-24,2,,89,RCD Mallorca,Mallorca,MAL,https://crests.football-data.org/89.png,559,Sevilla FC,Sevilla FC,SEV,https://crests.football-data.org/559.png,,REGULAR,,,,,Activate Odds-Package in User-Panel to retrieve odds.
544424,2026-02-01T00:00:00Z,SCHEDULED,22,REGULAR_SEASON,,2025-07-04T12:10:39Z,[],2224,Spain,ESP,https://crests.football-data.org/760.svg,2014,Primera Division,PD,LEAGUE,https://crests.football-data.org/laliga.png,2429,2025-08-17,2026-05-24,2,,79,CA Osasuna,Osasuna,OSA,https://crests.football-data.org/79.png,94,Villarreal CF,Villarreal,VIL,https://crests.football-data.org/94.png,,REGULAR,,,,,Activate Odds-Package in User-Panel to retrieve odds.
544425,2026-02-01T00:00:00Z,SCHEDULED,22,REGULAR_SEASON,,2025-07-04T12:10:40Z,[],2224,Spain,ESP,https://crests.football-data.org/760.svg,2014,Primera Division,PD,LEAGUE,https://crests.football-data.org/laliga.png,2429,2025-08-17,2026-05-24,2,,80,RCD Espanyol de Barcelona,Espanyol,ESP,https://crests.football-data.org/80.png,263,Deportivo Alavés,Alavés,ALA,https://crests.football-data.org/263.png,,REGULAR,,,,,Activate Odds-Package in User-Panel to retrieve odds.
544426,2026-02-01T00:00:00Z,SCHEDULED,22,REGULAR_SEASON,,2025-08-23T00:20:52Z,[],2224,Spain,ESP,https://crests.football-data.org/760.svg,2014,Primera Division,PD,LEAGUE,https://crests.football-data.org/laliga.png,2429,2025-08-17,2026-05-24,2,,88,Levante UD,Levante,LEV,https://crests.football-data.org/88.png,78,Club Atlético de Madrid,Atleti,ATL,https://crests.football-data.org/78.png,,REGULAR,,,,,Activate Odds-Package in User-Panel to retrieve odds.
544427,2026-02-01T00:00:00Z,SCHEDULED,22,REGULAR_SEASON,,2025-08-23T00:20:52Z,[],2224,Spain,ESP,https://crests.football-data.org/760.svg,2014,Primera Division,PD,LEAGUE,https://crests.football-data.org/laliga.png,2429,2025-08-17,2026-05-24,2,,285,Elche CF,Elche,ELC,https://crests.football-data.org/285.png,81,FC Barcelona,Barça,FCB,https://crests.football-data.org/81.png,,REGULAR,,,,,Activate Odds-Package in User-Panel to retrieve odds.
544428,2026-02-01T00:00:00Z,SCHEDULED,22,REGULAR_SEASON,,2025-07-04T12:10:39Z,[],2224,Spain,ESP,https://crests.football-data.org/760.svg,2014,Primera Division,PD,LEAGUE,https://crests.football-data.org/laliga.png,2429,2025-08-17,2026-05-24,2,,82,Getafe CF,Getafe,GET,https://crests.football-data.org/82.png,558,RC Celta de Vigo,Celta,CEL,https://crests.football-data.org/558.png,,REGULAR,,,,,Activate Odds-Package in User-Panel to retrieve odds.
544429,2026-02-01T00:00:00Z,SCHEDULED,22,REGULAR_SEASON,,2025-07-04T12:10:40Z,[],2224,Spain,ESP,https://crests.football-data.org/760.svg,2014,Primera Division,PD,LEAGUE,https://crests.football-data.org/laliga.png,2429,2025-08-17,2026-05-24,2,,1048,Real Oviedo,Real Oviedo,OVI,https://crests.football-data.org/1048.png,298,Girona FC,Girona,GIR,https://crests.football-data.org/298.png,,REGULAR,,,,,Activate Odds-Package in User-Panel to retrieve odds.
544430,2026-02-01T00:00:00Z,SCHEDULED,22,REGULAR_SEASON,,2025-08-23T00:20:52Z,[],2224,Spain,ESP,https://crests.football-data.org/760.svg,2014,Primera Division,PD,LEAGUE,https://crests.football-data.org/laliga.png,2429,2025-08-17,2026-05-24,2,,86,Real Madrid CF,Real Madrid,RMA,https://crests.football-data.org/86.png,87,Rayo Vallecano de Madrid,Rayo Vallecano,RAY,https://crests.football-data.org/87.png,,REGULAR,,,,,Activate Odds-Package in User-Panel to retrieve odds.
544431,2026-02-08T00:00:00Z,SCHEDULED,23,REGULAR_SEASON,,2025-07-04T12:10:39Z,[],2224,Spain,ESP,https://crests.football-data.org/760.svg,2014,Primera Division,PD,LEAGUE,https://crests.football-data.org/laliga.png,2429,2025-08-17,2026-05-24,2,,263,Deportivo Alavés,Alavés,ALA,https://crests.football-data.org/263.png,82,Getafe CF,Getafe,GET,https://crests.football-data.org/82.png,,REGULAR,,,,,Activate Odds-Package in User-Panel to retrieve odds.
544432,2026-02-08T00:00:00Z,SCHEDULED,23,REGULAR_SEASON,,2025-07-04T12:10:40Z,[],2224,Spain,ESP,https://crests.football-data.org/760.svg,2014,Primera Division,PD,LEAGUE,https://crests.football-data.org/laliga.png,2429,2025-08-17,2026-05-24,2,,77,Athletic Club,Athletic,ATH,https://crests.football-data.org/77.png,88,Levante UD,Levante,LEV,https://crests.football-data.org/88.png,,REGULAR,,,,,Activate Odds-Package in User-Panel to retrieve odds.
544433,2026-02-08T00:00:00Z,SCHEDULED,23,REGULAR_SEASON,,2025-08-23T00:20:52Z,[],2224,Spain,ESP,https://crests.football-data.org/760.svg,2014,Primera Division,PD,LEAGUE,https://crests.football-data.org/laliga.png,2429,2025-08-17,2026-05-24,2,,78,Club Atlético de Madrid,Atleti,ATL,https://crests.football-data.org/78.png,90,Real Betis Balompié,Real Betis,BET,https://crests.football-data.org/90.png,,REGULAR,,,,,Activate Odds-Package in User-Panel to retrieve odds.
544434,2026-02-08T00:00:00Z,SCHEDULED,23,REGULAR_SEASON,,2025-08-23T00:20:52Z,[],2224,Spain,ESP,https://crests.football-data.org/760.svg,2014,Primera Division,PD,LEAGUE,https://crests.football-data.org/laliga.png,2429,2025-08-17,2026-05-24,2,,81,FC Barcelona,Barça,FCB,https://crests.football-data.org/81.png,89,RCD Mallorca,Mallorca,MAL,https://crests.football-data.org/89.png,,REGULAR,,,,,Activate Odds-Package in User-Panel to retrieve odds.
544435,2026-02-08T00:00:00Z,SCHEDULED,23,REGULAR_SEASON,,2025-07-04T12:10:40Z,[],2224,Spain,ESP,https://crests.football-data.org/760.svg,2014,Primera Division,PD,LEAGUE,https://crests.football-data.org/laliga.png,2429,2025-08-17,2026-05-24,2,,558,RC Celta de Vigo,Celta,CEL,https://crests.football-data.org/558.png,79,CA Osasuna,Osasuna,OSA,https://crests.football-data.org/79.png,,REGULAR,,,,,Activate Odds-Package in User-Panel to retrieve odds.
544436,2026-02-08T00:00:00Z,SCHEDULED,23,REGULAR_SEASON,,2025-07-04T12:10:40Z,[],2224,Spain,ESP,https://crests.football-data.org/760.svg,2014,Primera Division,PD,LEAGUE,https://crests.football-data.org/laliga.png,2429,2025-08-17,2026-05-24,2,,92,Real Sociedad de Fútbol,Real Sociedad,RSO,https://crests.football-data.org/92.png,285,Elche CF,Elche,ELC,https://crests.football-data.org/285.png,,REGULAR,,,,,Activate Odds-Package in User-Panel to retrieve odds.
544437,2026-02-08T00:00:00Z,SCHEDULED,23,REGULAR_SEASON,,2025-07-04T12:10:39Z,[],2224,Spain,ESP,https://crests.football-data.org/760.svg,2014,Primera Division,PD,LEAGUE,https://crests.football-data.org/laliga.png,2429,2025-08-17,2026-05-24,2,,94,Villarreal CF,Villarreal,VIL,https://crests.football-data.org/94.png,80,RCD Espanyol de Barcelona,Espanyol,ESP,https://crests.football-data.org/80.png,,REGULAR,,,,,Activate Odds-Package in User-Panel to retrieve odds.
544438,2026-02-08T00:00:00Z,SCHEDULED,23,REGULAR_SEASON,,2025-07-04T12:10:38Z,[],2224,Spain,ESP,https://crests.football-data.org/760.svg,2014,Primera Division,PD,LEAGUE,https://crests.football-data.org/laliga.png,2429,2025-08-17,2026-05-24,2,,559,Sevilla FC,Sevilla FC,SEV,https://crests.football-data.org/559.png,298,Girona FC,Girona,GIR,https://crests.football-data.org/298.png,,REGULAR,,,,,Activate Odds-Package in User-Panel to retrieve odds.
544439,2026-02-08T00:00:00Z,SCHEDULED,23,REGULAR_SEASON,,2025-08-23T00:20:52Z,[],2224,Spain,ESP,https://crests.football-data.org/760.svg,2014,Primera Division,PD,LEAGUE,https://crests.football-data.org/laliga.png,2429,2025-08-17,2026-05-24,2,,95,Valencia CF,Valencia,VAL,https://crests.football-data.org/95.png,86,Real Madrid CF,Real Madrid,RMA,https://crests.football-data.org/86.png,,REGULAR,,,,,Activate Odds-Package in User-Panel to retrieve odds.
544440,2026-02-08T00:00:00Z,SCHEDULED,23,REGULAR_SEASON,,2025-07-04T12:10:40Z,[],2224,Spain,ESP,https://crests.football-data.org/760.svg,2014,Primera Division,PD,LEAGUE,https://crests.football-data.org/laliga.png,2429,2025-08-17,2026-05-24,2,,87,Rayo Vallecano de Madrid,Rayo Vallecano,RAY,https://crests.football-data.org/87.png,1048,Real Oviedo,Real Oviedo,OVI,https://crests.football-data.org/1048.png,,REGULAR,,,,,Activate Odds-Package in User-Panel to retrieve odds.
544441,2026-02-15T00:00:00Z,SCHEDULED,24,REGULAR_SEASON,,2025-07-04T12:10:39Z,[],2224,Spain,ESP,https://crests.football-data.org/760.svg,2014,Primera Division,PD,LEAGUE,https://crests.football-data.org/laliga.png,2429,2025-08-17,2026-05-24,2,,285,Elche CF,Elche,ELC,https://crests.football-data.org/285.png,79,CA Osasuna,Osasuna,OSA,https://crests.football-data.org/79.png,,REGULAR,,,,,Activate Odds-Package in User-Panel to retrieve odds.
544442,2026-02-15T00:00:00Z,SCHEDULED,24,REGULAR_SEASON,,2025-07-04T12:10:40Z,[],2224,Spain,ESP,https://crests.football-data.org/760.svg,2014,Primera Division,PD,LEAGUE,https://crests.football-data.org/laliga.png,2429,2025-08-17,2026-05-24,2,,82,Getafe CF,Getafe,GET,https://crests.football-data.org/82.png,94,Villarreal CF,Villarreal,VIL,https://crests.football-data.org/94.png,,REGULAR,,,,,Activate Odds-Package in User-Panel to retrieve odds.
544443,2026-02-15T00:00:00Z,SCHEDULED,24,REGULAR_SEASON,,2025-07-04T12:10:40Z,[],2224,Spain,ESP,https://crests.football-data.org/760.svg,2014,Primera Division,PD,LEAGUE,https://crests.football-data.org/laliga.png,2429,2025-08-17,2026-05-24,2,,88,Levante UD,Levante,LEV,https://crests.football-data.org/88.png,95,Valencia CF,Valencia,VAL,https://crests.football-data.org/95.png,,REGULAR,,,,,Activate Odds-Package in User-Panel to retrieve odds.
544444,2026-02-15T00:00:00Z,SCHEDULED,24,REGULAR_SEASON,,2025-08-23T00:20:52Z,[],2224,Spain,ESP,https://crests.football-data.org/760.svg,2014,Primera Division,PD,LEAGUE,https://crests.football-data.org/laliga.png,2429,2025-08-17,2026-05-24,2,,86,Real Madrid CF,Real Madrid,RMA,https://crests.football-data.org/86.png,92,Real Sociedad de Fútbol,Real Sociedad,RSO,https://crests.football-data.org/92.png,,REGULAR,,,,,Activate Odds-Package in User-Panel to retrieve odds.
544445,2026-02-15T00:00:00Z,SCHEDULED,24,REGULAR_SEASON,,2025-07-04T12:10:39Z,[],2224,Spain,ESP,https://crests.football-data.org/760.svg,2014,Primera Division,PD,LEAGUE,https://crests.football-data.org/laliga.png,2429,2025-08-17,2026-05-24,2,,559,Sevilla FC,Sevilla FC,SEV,https://crests.football-data.org/559.png,263,Deportivo Alavés,Alavés,ALA,https://crests.football-data.org/263.png,,REGULAR,,,,,Activate Odds-Package in User-Panel to retrieve odds.
544446,2026-02-15T00:00:00Z,SCHEDULED,24,REGULAR_SEASON,,2025-07-04T12:10:39Z,[],2224,Spain,ESP,https://crests.football-data.org/760.svg,2014,Primera Division,PD,LEAGUE,https://crests.football-data.org/laliga.png,2429,2025-08-17,2026-05-24,2,,1048,Real Oviedo,Real Oviedo,OVI,https://crests.football-data.org/1048.png,77,Athletic Club,Athletic,ATH,https://crests.football-data.org/77.png,,REGULAR,,,,,Activate Odds-Package in User-Panel to retrieve odds.
544447,2026-02-15T00:00:00Z,SCHEDULED,24,REGULAR_SEASON,,2025-08-23T00:20:52Z,[],2224,Spain,ESP,https://crests.football-data.org/760.svg,2014,Primera Division,PD,LEAGUE,https://crests.football-data.org/laliga.png,2429,2025-08-17,2026-05-24,2,,87,Rayo Vallecano de Madrid,Rayo Vallecano,RAY,https://crests.football-data.org/87.png,78,Club Atlético de Madrid,Atleti,ATL,https://crests.football-data.org/78.png,,REGULAR,,,,,Activate Odds-Package in User-Panel to retrieve odds.
544448,2026-02-15T00:00:00Z,SCHEDULED,24,REGULAR_SEASON,,2025-08-23T00:20:52Z,[],2224,Spain,ESP,https://crests.football-data.org/760.svg,2014,Primera Division,PD,LEAGUE,https://crests.football-data.org/laliga.png,2429,2025-08-17,2026-05-24,2,,298,Girona FC,Girona,GIR,https://crests.football-data.org/298.png,81,FC Barcelona,Barça,FCB,https://crests.football-data.org/81.png,,REGULAR,,,,,Activate Odds-Package in User-Panel to retrieve odds.
544449,2026-02-15T00:00:00Z,SCHEDULED,24,REGULAR_SEASON,,2025-07-04T12:10:40Z,[],2224,Spain,ESP,https://crests.football-data.org/760.svg,2014,Primera Division,PD,LEAGUE,https://crests.football-data.org/laliga.png,2429,2025-08-17,2026-05-24,2,,89,RCD Mallorca,Mallorca,MAL,https://crests.football-data.org/89.png,90,Real Betis Balompié,Real Betis,BET,https://crests.football-data.org/90.png,,REGULAR,,,,,Activate Odds-Package in User-Panel to retrieve odds.
544450,2026-02-15T00:00:00Z,SCHEDULED,24,REGULAR_SEASON,,2025-07-04T12:10:40Z,[],2224,Spain,ESP,https://crests.football-data.org/760.svg,2014,Primera Division,PD,LEAGUE,https://crests.football-data.org/laliga.png,2429,2025-08-17,2026-05-24,2,,80,RCD Espanyol de Barcelona,Espanyol,ESP,https://crests.football-data.org/80.png,558,RC Celta de Vigo,Celta,CEL,https://crests.football-data.org/558.png,,REGULAR,,,,,Activate Odds-Package in User-Panel to retrieve odds.
544451,2026-02-22T00:00:00Z,SCHEDULED,25,REGULAR_SEASON,,2025-07-04T12:10:40Z,[],2224,Spain,ESP,https://crests.football-data.org/760.svg,2014,Primera Division,PD,LEAGUE,https://crests.football-data.org/laliga.png,2429,2025-08-17,2026-05-24,2,,263,Deportivo Alavés,Alavés,ALA,https://crests.football-data.org/263.png,298,Girona FC,Girona,GIR,https://crests.football-data.org/298.png,,REGULAR,,,,,Activate Odds-Package in User-Panel to retrieve odds.
544452,2026-02-22T00:00:00Z,SCHEDULED,25,REGULAR_SEASON,,2025-07-04T12:10:40Z,[],2224,Spain,ESP,https://crests.football-data.org/760.svg,2014,Primera Division,PD,LEAGUE,https://crests.football-data.org/laliga.png,2429,2025-08-17,2026-05-24,2,,77,Athletic Club,Athletic,ATH,https://crests.football-data.org/77.png,285,Elche CF,Elche,ELC,https://crests.football-data.org/285.png,,REGULAR,,,,,Activate Odds-Package in User-Panel to retrieve odds.
544453,2026-02-22T00:00:00Z,SCHEDULED,25,REGULAR_SEASON,,2025-08-23T00:20:52Z,[],2224,Spain,ESP,https://crests.football-data.org/760.svg,2014,Primera Division,PD,LEAGUE,https://crests.football-data.org/laliga.png,2429,2025-08-17,2026-05-24,2,,78,Club Atlético de Madrid,Atleti,ATL,https://crests.football-data.org/78.png,80,RCD Espanyol de Barcelona,Espanyol,ESP,https://crests.football-data.org/80.png,,REGULAR,,,,,Activate Odds-Package in User-Panel to retrieve odds.
544454,2026-02-22T00:00:00Z,SCHEDULED,25,REGULAR_SEASON,,2025-08-23T00:20:52Z,[],2224,Spain,ESP,https://crests.football-data.org/760.svg,2014,Primera Division,PD,LEAGUE,https://crests.football-data.org/laliga.png,2429,2025-08-17,2026-05-24,2,,81,FC Barcelona,Barça,FCB,https://crests.football-data.org/81.png,88,Levante UD,Levante,LEV,https://crests.football-data.org/88.png,,REGULAR,,,,,Activate Odds-Package in User-Panel to retrieve odds.
544455,2026-02-22T00:00:00Z,SCHEDULED,25,REGULAR_SEASON,,2025-07-04T12:10:58Z,[],2224,Spain,ESP,https://crests.football-data.org/760.svg,2014,Primera Division,PD,LEAGUE,https://crests.football-data.org/laliga.png,2429,2025-08-17,2026-05-24,2,,90,Real Betis Balompié,Real Betis,BET,https://crests.football-data.org/90.png,87,Rayo Vallecano de Madrid,Rayo Vallecano,RAY,https://crests.football-data.org/87.png,,REGULAR,,,,,Activate Odds-Package in User-Panel to retrieve odds.
544456,2026-02-22T00:00:00Z,SCHEDULED,25,REGULAR_SEASON,,2025-07-04T12:10:40Z,[],2224,Spain,ESP,https://crests.football-data.org/760.svg,2014,Primera Division,PD,LEAGUE,https://crests.football-data.org/laliga.png,2429,2025-08-17,2026-05-24,2,,558,RC Celta de Vigo,Celta,CEL,https://crests.football-data.org/558.png,89,RCD Mallorca,Mallorca,MAL,https://crests.football-data.org/89.png,,REGULAR,,,,,Activate Odds-Package in User-Panel to retrieve odds.
544457,2026-02-22T00:00:00Z,SCHEDULED,25,REGULAR_SEASON,,2025-07-04T12:10:40Z,[],2224,Spain,ESP,https://crests.football-data.org/760.svg,2014,Primera Division,PD,LEAGUE,https://crests.football-data.org/laliga.png,2429,2025-08-17,2026-05-24,2,,82,Getafe CF,Getafe,GET,https://crests.football-data.org/82.png,559,Sevilla FC,Sevilla FC,SEV,https://crests.football-data.org/559.png,,REGULAR,,,,,Activate Odds-Package in User-Panel to retrieve odds.
544458,2026-02-22T00:00:00Z,SCHEDULED,25,REGULAR_SEASON,,2025-08-23T00:20:52Z,[],2224,Spain,ESP,https://crests.football-data.org/760.svg,2014,Primera Division,PD,LEAGUE,https://crests.football-data.org/laliga.png,2429,2025-08-17,2026-05-24,2,,79,CA Osasuna,Osasuna,OSA,https://crests.football-data.org/79.png,86,Real Madrid CF,Real Madrid,RMA,https://crests.football-data.org/86.png,,REGULAR,,,,,Activate Odds-Package in User-Panel to retrieve odds.
544459,2026-02-22T00:00:00Z,SCHEDULED,25,REGULAR_SEASON,,2025-07-04T12:10:39Z,[],2224,Spain,ESP,https://crests.football-data.org/760.svg,2014,Primera Division,PD,LEAGUE,https://crests.football-data.org/laliga.png,2429,2025-08-17,2026-05-24,2,,94,Villarreal CF,Villarreal,VIL,https://crests.football-data.org/94.png,95,Valencia CF,Valencia,VAL,https://crests.football-data.org/95.png,,REGULAR,,,,,Activate Odds-Package in User-Panel to retrieve odds.
544460,2026-02-22T00:00:00Z,SCHEDULED,25,REGULAR_SEASON,,2025-07-04T12:10:40Z,[],2224,Spain,ESP,https://crests.football-data.org/760.svg,2014,Primera Division,PD,LEAGUE,https://crests.football-data.org/laliga.png,2429,2025-08-17,2026-05-24,2,,92,Real Sociedad de Fútbol,Real Sociedad,RSO,https://crests.football-data.org/92.png,1048,Real Oviedo,Real Oviedo,OVI,https://crests.football-data.org/1048.png,,REGULAR,,,,,Activate Odds-Package in User-Panel to retrieve odds.
544461,2026-03-01T00:00:00Z,SCHEDULED,26,REGULAR_SEASON,,2025-08-23T00:20:52Z,[],2224,Spain,ESP,https://crests.football-data.org/760.svg,2014,Primera Division,PD,LEAGUE,https://crests.football-data.org/laliga.png,2429,2025-08-17,2026-05-24,2,,81,FC Barcelona,Barça,FCB,https://crests.football-data.org/81.png,94,Villarreal CF,Villarreal,VIL,https://crests.football-data.org/94.png,,REGULAR,,,,,Activate Odds-Package in User-Panel to retrieve odds.
544462,2026-03-01T00:00:00Z,SCHEDULED,26,REGULAR_SEASON,,2025-07-04T12:10:58Z,[],2224,Spain,ESP,https://crests.football-data.org/760.svg,2014,Primera Division,PD,LEAGUE,https://crests.football-data.org/laliga.png,2429,2025-08-17,2026-05-24,2,,90,Real Betis Balompié,Real Betis,BET,https://crests.football-data.org/90.png,559,Sevilla FC,Sevilla FC,SEV,https://crests.football-data.org/559.png,,REGULAR,,,,,Activate Odds-Package in User-Panel to retrieve odds.
544463,2026-03-01T00:00:00Z,SCHEDULED,26,REGULAR_SEASON,,2025-07-04T12:10:40Z,[],2224,Spain,ESP,https://crests.football-data.org/760.svg,2014,Primera Division,PD,LEAGUE,https://crests.football-data.org/laliga.png,2429,2025-08-17,2026-05-24,2,,285,Elche CF,Elche,ELC,https://crests.football-data.org/285.png,80,RCD Espanyol de Barcelona,Espanyol,ESP,https://crests.football-data.org/80.png,,REGULAR,,,,,Activate Odds-Package in User-Panel to retrieve odds.
544464,2026-03-01T00:00:00Z,SCHEDULED,26,REGULAR_SEASON,,2025-07-04T12:10:40Z,[],2224,Spain,ESP,https://crests.football-data.org/760.svg,2014,Primera Division,PD,LEAGUE,https://crests.football-data.org/laliga.png,2429,2025-08-17,2026-05-24,2,,89,RCD Mallorca,Mallorca,MAL,https://crests.football-data.org/89.png,92,Real Sociedad de Fútbol,Real Sociedad,RSO,https://crests.football-data.org/92.png,,REGULAR,,,,,Activate Odds-Package in User-Panel to retrieve odds.
544465,2026-03-01T00:00:00Z,SCHEDULED,26,REGULAR_SEASON,,2025-07-04T12:10:40Z,[],2224,Spain,ESP,https://crests.football-data.org/760.svg,2014,Primera Division,PD,LEAGUE,https://crests.football-data.org/laliga.png,2429,2025-08-17,2026-05-24,2,,88,Levante UD,Levante,LEV,https://crests.football-data.org/88.png,263,Deportivo Alavés,Alavés,ALA,https://crests.football-data.org/263.png,,REGULAR,,,,,Activate Odds-Package in User-Panel to retrieve odds.
544466,2026-03-01T00:00:00Z,SCHEDULED,26,REGULAR_SEASON,,2025-07-04T12:10:39Z,[],2224,Spain,ESP,https://crests.football-data.org/760.svg,2014,Primera Division,PD,LEAGUE,https://crests.football-data.org/laliga.png,2429,2025-08-17,2026-05-24,2,,87,Rayo Vallecano de Madrid,Rayo Vallecano,RAY,https://crests.football-data.org/87.png,77,Athletic Club,Athletic,ATH,https://crests.football-data.org/77.png,,REGULAR,,,,,Activate Odds-Package in User-Panel to retrieve odds.
544467,2026-03-01T00:00:00Z,SCHEDULED,26,REGULAR_SEASON,,2025-08-23T00:20:52Z,[],2224,Spain,ESP,https://crests.football-data.org/760.svg,2014,Primera Division,PD,LEAGUE,https://crests.football-data.org/laliga.png,2429,2025-08-17,2026-05-24,2,,1048,Real Oviedo,Real Oviedo,OVI,https://crests.football-data.org/1048.png,78,Club Atlético de Madrid,Atleti,ATL,https://crests.football-data.org/78.png,,REGULAR,,,,,Activate Odds-Package in User-Panel to retrieve odds.
544468,2026-03-01T00:00:00Z,SCHEDULED,26,REGULAR_SEASON,,2025-07-04T12:10:40Z,[],2224,Spain,ESP,https://crests.football-data.org/760.svg,2014,Primera Division,PD,LEAGUE,https://crests.football-data.org/laliga.png,2429,2025-08-17,2026-05-24,2,,298,Girona FC,Girona,GIR,https://crests.football-data.org/298.png,558,RC Celta de Vigo,Celta,CEL,https://crests.football-data.org/558.png,,REGULAR,,,,,Activate Odds-Package in User-Panel to retrieve odds.
544469,2026-03-01T00:00:00Z,SCHEDULED,26,REGULAR_SEASON,,2025-08-23T00:20:52Z,[],2224,Spain,ESP,https://crests.football-data.org/760.svg,2014,Primera Division,PD,LEAGUE,https://crests.football-data.org/laliga.png,2429,2025-08-17,2026-05-24,2,,86,Real Madrid CF,Real Madrid,RMA,https://crests.football-data.org/86.png,82,Getafe CF,Getafe,GET,https://crests.football-data.org/82.png,,REGULAR,,,,,Activate Odds-Package in User-Panel to retrieve odds.
544470,2026-03-01T00:00:00Z,SCHEDULED,26,REGULAR_SEASON,,2025-07-04T12:10:40Z,[],2224,Spain,ESP,https://crests.football-data.org/760.svg,2014,Primera Division,PD,LEAGUE,https://crests.football-data.org/laliga.png,2429,2025-08-17,2026-05-24,2,,95,Valencia CF,Valencia,VAL,https://crests.football-data.org/95.png,79,CA Osasuna,Osasuna,OSA,https://crests.football-data.org/79.png,,REGULAR,,,,,Activate Odds-Package in User-Panel to retrieve odds.
544471,2026-03-08T00:00:00Z,SCHEDULED,27,REGULAR_SEASON,,2025-08-23T00:20:52Z,[],2224,Spain,ESP,https://crests.football-data.org/760.svg,2014,Primera Division,PD,LEAGUE,https://crests.football-data.org/laliga.png,2429,2025-08-17,2026-05-24,2,,77,Athletic Club,Athletic,ATH,https://crests.football-data.org/77.png,81,FC Barcelona,Barça,FCB,https://crests.football-data.org/81.png,,REGULAR,,,,,Activate Odds-Package in User-Panel to retrieve odds.
544472,2026-03-08T00:00:00Z,SCHEDULED,27,REGULAR_SEASON,,2025-08-23T00:20:52Z,[],2224,Spain,ESP,https://crests.football-data.org/760.svg,2014,Primera Division,PD,LEAGUE,https://crests.football-data.org/laliga.png,2429,2025-08-17,2026-05-24,2,,78,Club Atlético de Madrid,Atleti,ATL,https://crests.football-data.org/78.png,92,Real Sociedad de Fútbol,Real Sociedad,RSO,https://crests.football-data.org/92.png,,REGULAR,,,,,Activate Odds-Package in User-Panel to retrieve odds.
544473,2026-03-08T00:00:00Z,SCHEDULED,27,REGULAR_SEASON,,2025-08-23T00:20:52Z,[],2224,Spain,ESP,https://crests.football-data.org/760.svg,2014,Primera Division,PD,LEAGUE,https://crests.football-data.org/laliga.png,2429,2025-08-17,2026-05-24,2,,558,RC Celta de Vigo,Celta,CEL,https://crests.football-data.org/558.png,86,Real Madrid CF,Real Madrid,RMA,https://crests.football-data.org/86.png,,REGULAR,,,,,Activate Odds-Package in User-Panel to retrieve odds.
544474,2026-03-08T00:00:00Z,SCHEDULED,27,REGULAR_SEASON,,2025-07-04T12:10:39Z,[],2224,Spain,ESP,https://crests.football-data.org/760.svg,2014,Primera Division,PD,LEAGUE,https://crests.football-data.org/laliga.png,2429,2025-08-17,2026-05-24,2,,80,RCD Espanyol de Barcelona,Espanyol,ESP,https://crests.football-data.org/80.png,1048,Real Oviedo,Real Oviedo,OVI,https://crests.football-data.org/1048.png,,REGULAR,,,,,Activate Odds-Package in User-Panel to retrieve odds.
544475,2026-03-08T00:00:00Z,SCHEDULED,27,REGULAR_SEASON,,2025-07-04T12:10:40Z,[],2224,Spain,ESP,https://crests.football-data.org/760.svg,2014,Primera Division,PD,LEAGUE,https://crests.football-data.org/laliga.png,2429,2025-08-17,2026-05-24,2,,95,Valencia CF,Valencia,VAL,https://crests.football-data.org/95.png,263,Deportivo Alavés,Alavés,ALA,https://crests.football-data.org/263.png,,REGULAR,,,,,Activate Odds-Package in User-Panel to retrieve odds.
544476,2026-03-08T00:00:00Z,SCHEDULED,27,REGULAR_SEASON,,2025-07-04T12:10:39Z,[],2224,Spain,ESP,https://crests.football-data.org/760.svg,2014,Primera Division,PD,LEAGUE,https://crests.football-data.org/laliga.png,2429,2025-08-17,2026-05-24,2,,82,Getafe CF,Getafe,GET,https://crests.football-data.org/82.png,90,Real Betis Balompié,Real Betis,BET,https://crests.football-data.org/90.png,,REGULAR,,,,,Activate Odds-Package in User-Panel to retrieve odds.
544477,2026-03-08T00:00:00Z,SCHEDULED,27,REGULAR_SEASON,,2025-07-04T12:10:40Z,[],2224,Spain,ESP,https://crests.football-data.org/760.svg,2014,Primera Division,PD,LEAGUE,https://crests.football-data.org/laliga.png,2429,2025-08-17,2026-05-24,2,,94,Villarreal CF,Villarreal,VIL,https://crests.football-data.org/94.png,285,Elche CF,Elche,ELC,https://crests.football-data.org/285.png,,REGULAR,,,,,Activate Odds-Package in User-Panel to retrieve odds.
544478,2026-03-08T00:00:00Z,SCHEDULED,27,REGULAR_SEASON,,2025-07-04T12:10:40Z,[],2224,Spain,ESP,https://crests.football-data.org/760.svg,2014,Primera Division,PD,LEAGUE,https://crests.football-data.org/laliga.png,2429,2025-08-17,2026-05-24,2,,88,Levante UD,Levante,LEV,https://crests.football-data.org/88.png,298,Girona FC,Girona,GIR,https://crests.football-data.org/298.png,,REGULAR,,,,,Activate Odds-Package in User-Panel to retrieve odds.
544479,2026-03-08T00:00:00Z,SCHEDULED,27,REGULAR_SEASON,,2025-07-04T12:10:39Z,[],2224,Spain,ESP,https://crests.football-data.org/760.svg,2014,Primera Division,PD,LEAGUE,https://crests.football-data.org/laliga.png,2429,2025-08-17,2026-05-24,2,,79,CA Osasuna,Osasuna,OSA,https://crests.football-data.org/79.png,89,RCD Mallorca,Mallorca,MAL,https://crests.football-data.org/89.png,,REGULAR,,,,,Activate Odds-Package in User-Panel to retrieve odds.
544480,2026-03-08T00:00:00Z,SCHEDULED,27,REGULAR_SEASON,,2025-07-04T12:10:40Z,[],2224,Spain,ESP,https://crests.football-data.org/760.svg,2014,Primera Division,PD,LEAGUE,https://crests.football-data.org/laliga.png,2429,2025-08-17,2026-05-24,2,,559,Sevilla FC,Sevilla FC,SEV,https://crests.football-data.org/559.png,87,Rayo Vallecano de Madrid,Rayo Vallecano,RAY,https://crests.football-data.org/87.png,,REGULAR,,,,,Activate Odds-Package in User-Panel to retrieve odds.
544481,2026-03-15T00:00:00Z,SCHEDULED,28,REGULAR_SEASON,,2025-07-04T12:10:40Z,[],2224,Spain,ESP,https://crests.football-data.org/760.svg,2014,Primera Division,PD,LEAGUE,https://crests.football-data.org/laliga.png,2429,2025-08-17,2026-05-24,2,,263,Deportivo Alavés,Alavés,ALA,https://crests.football-data.org/263.png,94,Villarreal CF,Villarreal,VIL,https://crests.football-data.org/94.png,,REGULAR,,,,,Activate Odds-Package in User-Panel to retrieve odds.
544482,2026-03-15T00:00:00Z,SCHEDULED,28,REGULAR_SEASON,,2025-08-23T00:20:52Z,[],2224,Spain,ESP,https://crests.football-data.org/760.svg,2014,Primera Division,PD,LEAGUE,https://crests.football-data.org/laliga.png,2429,2025-08-17,2026-05-24,2,,78,Club Atlético de Madrid,Atleti,ATL,https://crests.football-data.org/78.png,82,Getafe CF,Getafe,GET,https://crests.football-data.org/82.png,,REGULAR,,,,,Activate Odds-Package in User-Panel to retrieve odds.
544483,2026-03-15T00:00:00Z,SCHEDULED,28,REGULAR_SEASON,,2025-08-23T00:20:52Z,[],2224,Spain,ESP,https://crests.football-data.org/760.svg,2014,Primera Division,PD,LEAGUE,https://crests.football-data.org/laliga.png,2429,2025-08-17,2026-05-24,2,,81,FC Barcelona,Barça,FCB,https://crests.football-data.org/81.png,559,Sevilla FC,Sevilla FC,SEV,https://crests.football-data.org/559.png,,REGULAR,,,,,Activate Odds-Package in User-Panel to retrieve odds.
544484,2026-03-15T00:00:00Z,SCHEDULED,28,REGULAR_SEASON,,2025-07-04T12:10:57Z,[],2224,Spain,ESP,https://crests.football-data.org/760.svg,2014,Primera Division,PD,LEAGUE,https://crests.football-data.org/laliga.png,2429,2025-08-17,2026-05-24,2,,90,Real Betis Balompié,Real Betis,BET,https://crests.football-data.org/90.png,558,RC Celta de Vigo,Celta,CEL,https://crests.football-data.org/558.png,,REGULAR,,,,,Activate Odds-Package in User-Panel to retrieve odds.
544485,2026-03-15T00:00:00Z,SCHEDULED,28,REGULAR_SEASON,,2025-07-04T12:10:40Z,[],2224,Spain,ESP,https://crests.football-data.org/760.svg,2014,Primera Division,PD,LEAGUE,https://crests.football-data.org/laliga.png,2429,2025-08-17,2026-05-24,2,,1048,Real Oviedo,Real Oviedo,OVI,https://crests.football-data.org/1048.png,95,Valencia CF,Valencia,VAL,https://crests.football-data.org/95.png,,REGULAR,,,,,Activate Odds-Package in User-Panel to retrieve odds.
544486,2026-03-15T00:00:00Z,SCHEDULED,28,REGULAR_SEASON,,2025-07-04T12:10:39Z,[],2224,Spain,ESP,https://crests.football-data.org/760.svg,2014,Primera Division,PD,LEAGUE,https://crests.football-data.org/laliga.png,2429,2025-08-17,2026-05-24,2,,298,Girona FC,Girona,GIR,https://crests.football-data.org/298.png,77,Athletic Club,Athletic,ATH,https://crests.football-data.org/77.png,,REGULAR,,,,,Activate Odds-Package in User-Panel to retrieve odds.
544487,2026-03-15T00:00:00Z,SCHEDULED,28,REGULAR_SEASON,,2025-08-23T00:20:52Z,[],2224,Spain,ESP,https://crests.football-data.org/760.svg,2014,Primera Division,PD,LEAGUE,https://crests.football-data.org/laliga.png,2429,2025-08-17,2026-05-24,2,,86,Real Madrid CF,Real Madrid,RMA,https://crests.football-data.org/86.png,285,Elche CF,Elche,ELC,https://crests.football-data.org/285.png,,REGULAR,,,,,Activate Odds-Package in User-Panel to retrieve odds.
544488,2026-03-15T00:00:00Z,SCHEDULED,28,REGULAR_SEASON,,2025-07-04T12:10:40Z,[],2224,Spain,ESP,https://crests.football-data.org/760.svg,2014,Primera Division,PD,LEAGUE,https://crests.football-data.org/laliga.png,2429,2025-08-17,2026-05-24,2,,89,RCD Mallorca,Mallorca,MAL,https://crests.football-data.org/89.png,80,RCD Espanyol de Barcelona,Espanyol,ESP,https://crests.football-data.org/80.png,,REGULAR,,,,,Activate Odds-Package in User-Panel to retrieve odds.
544489,2026-03-15T00:00:00Z,SCHEDULED,28,REGULAR_SEASON,,2025-07-04T12:10:39Z,[],2224,Spain,ESP,https://crests.football-data.org/760.svg,2014,Primera Division,PD,LEAGUE,https://crests.football-data.org/laliga.png,2429,2025-08-17,2026-05-24,2,,87,Rayo Vallecano de Madrid,Rayo Vallecano,RAY,https://crests.football-data.org/87.png,88,Levante UD,Levante,LEV,https://crests.football-data.org/88.png,,REGULAR,,,,,Activate Odds-Package in User-Panel to retrieve odds.
544490,2026-03-15T00:00:00Z,SCHEDULED,28,REGULAR_SEASON,,2025-07-04T12:10:40Z,[],2224,Spain,ESP,https://crests.football-data.org/760.svg,2014,Primera Division,PD,LEAGUE,https://crests.football-data.org/laliga.png,2429,2025-08-17,2026-05-24,2,,92,Real Sociedad de Fútbol,Real Sociedad,RSO,https://crests.football-data.org/92.png,79,CA Osasuna,Osasuna,OSA,https://crests.football-data.org/79.png,,REGULAR,,,,,Activate Odds-Package in User-Panel to retrieve odds.
544491,2026-03-22T00:00:00Z,SCHEDULED,29,REGULAR_SEASON,,2025-07-04T12:10:40Z,[],2224,Spain,ESP,https://crests.football-data.org/760.svg,2014,Primera Division,PD,LEAGUE,https://crests.football-data.org/laliga.png,2429,2025-08-17,2026-05-24,2,,77,Athletic Club,Athletic,ATH,https://crests.football-data.org/77.png,90,Real Betis Balompié,Real Betis,BET,https://crests.football-data.org/90.png,,REGULAR,,,,,Activate Odds-Package in User-Panel to retrieve odds.
544492,2026-03-22T00:00:00Z,SCHEDULED,29,REGULAR_SEASON,,2025-08-23T00:20:52Z,[],2224,Spain,ESP,https://crests.football-data.org/760.svg,2014,Primera Division,PD,LEAGUE,https://crests.football-data.org/laliga.png,2429,2025-08-17,2026-05-24,2,,81,FC Barcelona,Barça,FCB,https://crests.football-data.org/81.png,87,Rayo Vallecano de Madrid,Rayo Vallecano,RAY,https://crests.football-data.org/87.png,,REGULAR,,,,,Activate Odds-Package in User-Panel to retrieve odds.
544493,2026-03-22T00:00:00Z,SCHEDULED,29,REGULAR_SEASON,,2025-07-04T12:10:40Z,[],2224,Spain,ESP,https://crests.football-data.org/760.svg,2014,Primera Division,PD,LEAGUE,https://crests.football-data.org/laliga.png,2429,2025-08-17,2026-05-24,2,,285,Elche CF,Elche,ELC,https://crests.football-data.org/285.png,89,RCD Mallorca,Mallorca,MAL,https://crests.football-data.org/89.png,,REGULAR,,,,,Activate Odds-Package in User-Panel to retrieve odds.
544494,2026-03-22T00:00:00Z,SCHEDULED,29,REGULAR_SEASON,,2025-07-04T12:10:40Z,[],2224,Spain,ESP,https://crests.football-data.org/760.svg,2014,Primera Division,PD,LEAGUE,https://crests.football-data.org/laliga.png,2429,2025-08-17,2026-05-24,2,,80,RCD Espanyol de Barcelona,Espanyol,ESP,https://crests.football-data.org/80.png,82,Getafe CF,Getafe,GET,https://crests.football-data.org/82.png,,REGULAR,,,,,Activate Odds-Package in User-Panel to retrieve odds.
544495,2026-03-22T00:00:00Z,SCHEDULED,29,REGULAR_SEASON,,2025-07-04T12:10:40Z,[],2224,Spain,ESP,https://crests.football-data.org/760.svg,2014,Primera Division,PD,LEAGUE,https://crests.football-data.org/laliga.png,2429,2025-08-17,2026-05-24,2,,88,Levante UD,Levante,LEV,https://crests.football-data.org/88.png,1048,Real Oviedo,Real Oviedo,OVI,https://crests.football-data.org/1048.png,,REGULAR,,,,,Activate Odds-Package in User-Panel to retrieve odds.
544496,2026-03-22T00:00:00Z,SCHEDULED,29,REGULAR_SEASON,,2025-07-04T12:10:39Z,[],2224,Spain,ESP,https://crests.football-data.org/760.svg,2014,Primera Division,PD,LEAGUE,https://crests.football-data.org/laliga.png,2429,2025-08-17,2026-05-24,2,,559,Sevilla FC,Sevilla FC,SEV,https://crests.football-data.org/559.png,95,Valencia CF,Valencia,VAL,https://crests.football-data.org/95.png,,REGULAR,,,,,Activate Odds-Package in User-Panel to retrieve odds.
544497,2026-03-22T00:00:00Z,SCHEDULED,29,REGULAR_SEASON,,2025-07-04T12:10:39Z,[],2224,Spain,ESP,https://crests.football-data.org/760.svg,2014,Primera Division,PD,LEAGUE,https://crests.football-data.org/laliga.png,2429,2025-08-17,2026-05-24,2,,558,RC Celta de Vigo,Celta,CEL,https://crests.football-data.org/558.png,263,Deportivo Alavés,Alavés,ALA,https://crests.football-data.org/263.png,,REGULAR,,,,,Activate Odds-Package in User-Panel to retrieve odds.
544498,2026-03-22T00:00:00Z,SCHEDULED,29,REGULAR_SEASON,,2025-08-23T00:20:52Z,[],2224,Spain,ESP,https://crests.football-data.org/760.svg,2014,Primera Division,PD,LEAGUE,https://crests.football-data.org/laliga.png,2429,2025-08-17,2026-05-24,2,,86,Real Madrid CF,Real Madrid,RMA,https://crests.football-data.org/86.png,78,Club Atlético de Madrid,Atleti,ATL,https://crests.football-data.org/78.png,,REGULAR,,,,,Activate Odds-Package in User-Panel to retrieve odds.
544499,2026-03-22T00:00:00Z,SCHEDULED,29,REGULAR_SEASON,,2025-07-04T12:10:39Z,[],2224,Spain,ESP,https://crests.football-data.org/760.svg,2014,Primera Division,PD,LEAGUE,https://crests.football-data.org/laliga.png,2429,2025-08-17,2026-05-24,2,,79,CA Osasuna,Osasuna,OSA,https://crests.football-data.org/79.png,298,Girona FC,Girona,GIR,https://crests.football-data.org/298.png,,REGULAR,,,,,Activate Odds-Package in User-Panel to retrieve odds.
544500,2026-03-22T00:00:00Z,SCHEDULED,29,REGULAR_SEASON,,2025-07-04T12:10:39Z,[],2224,Spain,ESP,https://crests.football-data.org/760.svg,2014,Primera Division,PD,LEAGUE,https://crests.football-data.org/laliga.png,2429,2025-08-17,2026-05-24,2,,94,Villarreal CF,Villarreal,VIL,https://crests.football-data.org/94.png,92,Real Sociedad de Fútbol,Real Sociedad,RSO,https://crests.football-data.org/92.png,,REGULAR,,,,,Activate Odds-Package in User-Panel to retrieve odds.
544501,2026-04-05T00:00:00Z,SCHEDULED,30,REGULAR_SEASON,,2025-07-04T12:10:39Z,[],2224,Spain,ESP,https://crests.football-data.org/760.svg,2014,Primera Division,PD,LEAGUE,https://crests.football-data.org/laliga.png,2429,2025-08-17,2026-05-24,2,,263,Deportivo Alavés,Alavés,ALA,https://crests.football-data.org/263.png,79,CA Osasuna,Osasuna,OSA,https://crests.football-data.org/79.png,,REGULAR,,,,,Activate Odds-Package in User-Panel to retrieve odds.
544502,2026-04-05T00:00:00Z,SCHEDULED,30,REGULAR_SEASON,,2025-08-23T00:20:52Z,[],2224,Spain,ESP,https://crests.football-data.org/760.svg,2014,Primera Division,PD,LEAGUE,https://crests.football-data.org/laliga.png,2429,2025-08-17,2026-05-24,2,,78,Club Atlético de Madrid,Atleti,ATL,https://crests.football-data.org/78.png,81,FC Barcelona,Barça,FCB,https://crests.football-data.org/81.png,,REGULAR,,,,,Activate Odds-Package in User-Panel to retrieve odds.
544503,2026-04-05T00:00:00Z,SCHEDULED,30,REGULAR_SEASON,,2025-07-04T12:10:58Z,[],2224,Spain,ESP,https://crests.football-data.org/760.svg,2014,Primera Division,PD,LEAGUE,https://crests.football-data.org/laliga.png,2429,2025-08-17,2026-05-24,2,,90,Real Betis Balompié,Real Betis,BET,https://crests.football-data.org/90.png,80,RCD Espanyol de Barcelona,Espanyol,ESP,https://crests.football-data.org/80.png,,REGULAR,,,,,Activate Odds-Package in User-Panel to retrieve odds.
544504,2026-04-05T00:00:00Z,SCHEDULED,30,REGULAR_SEASON,,2025-07-04T12:10:40Z,[],2224,Spain,ESP,https://crests.football-data.org/760.svg,2014,Primera Division,PD,LEAGUE,https://crests.football-data.org/laliga.png,2429,2025-08-17,2026-05-24,2,,298,Girona FC,Girona,GIR,https://crests.football-data.org/298.png,94,Villarreal CF,Villarreal,VIL,https://crests.football-data.org/94.png,,REGULAR,,,,,Activate Odds-Package in User-Panel to retrieve odds.
544505,2026-04-05T00:00:00Z,SCHEDULED,30,REGULAR_SEASON,,2025-08-23T00:20:52Z,[],2224,Spain,ESP,https://crests.football-data.org/760.svg,2014,Primera Division,PD,LEAGUE,https://crests.football-data.org/laliga.png,2429,2025-08-17,2026-05-24,2,,89,RCD Mallorca,Mallorca,MAL,https://crests.football-data.org/89.png,86,Real Madrid CF,Real Madrid,RMA,https://crests.football-data.org/86.png,,REGULAR,,,,,Activate Odds-Package in User-Panel to retrieve odds.
544506,2026-04-05T00:00:00Z,SCHEDULED,30,REGULAR_SEASON,,2025-07-04T12:10:39Z,[],2224,Spain,ESP,https://crests.football-data.org/760.svg,2014,Primera Division,PD,LEAGUE,https://crests.football-data.org/laliga.png,2429,2025-08-17,2026-05-24,2,,1048,Real Oviedo,Real Oviedo,OVI,https://crests.football-data.org/1048.png,559,Sevilla FC,Sevilla FC,SEV,https://crests.football-data.org/559.png,,REGULAR,,,,,Activate Odds-Package in User-Panel to retrieve odds.
544507,2026-04-05T00:00:00Z,SCHEDULED,30,REGULAR_SEASON,,2025-07-04T12:10:40Z,[],2224,Spain,ESP,https://crests.football-data.org/760.svg,2014,Primera Division,PD,LEAGUE,https://crests.football-data.org/laliga.png,2429,2025-08-17,2026-05-24,2,,82,Getafe CF,Getafe,GET,https://crests.football-data.org/82.png,77,Athletic Club,Athletic,ATH,https://crests.football-data.org/77.png,,REGULAR,,,,,Activate Odds-Package in User-Panel to retrieve odds.
544508,2026-04-05T00:00:00Z,SCHEDULED,30,REGULAR_SEASON,,2025-07-04T12:10:39Z,[],2224,Spain,ESP,https://crests.football-data.org/760.svg,2014,Primera Division,PD,LEAGUE,https://crests.football-data.org/laliga.png,2429,2025-08-17,2026-05-24,2,,95,Valencia CF,Valencia,VAL,https://crests.football-data.org/95.png,558,RC Celta de Vigo,Celta,CEL,https://crests.football-data.org/558.png,,REGULAR,,,,,Activate Odds-Package in User-Panel to retrieve odds.
544509,2026-04-05T00:00:00Z,SCHEDULED,30,REGULAR_SEASON,,2025-07-04T12:10:40Z,[],2224,Spain,ESP,https://crests.football-data.org/760.svg,2014,Primera Division,PD,LEAGUE,https://crests.football-data.org/laliga.png,2429,2025-08-17,2026-05-24,2,,87,Rayo Vallecano de Madrid,Rayo Vallecano,RAY,https://crests.football-data.org/87.png,285,Elche CF,Elche,ELC,https://crests.football-data.org/285.png,,REGULAR,,,,,Activate Odds-Package in User-Panel to retrieve odds.
544510,2026-04-05T00:00:00Z,SCHEDULED,30,REGULAR_SEASON,,2025-07-04T12:10:39Z,[],2224,Spain,ESP,https://crests.football-data.org/760.svg,2014,Primera Division,PD,LEAGUE,https://crests.football-data.org/laliga.png,2429,2025-08-17,2026-05-24,2,,92,Real Sociedad de Fútbol,Real Sociedad,RSO,https://crests.football-data.org/92.png,88,Levante UD,Levante,LEV,https://crests.football-data.org/88.png,,REGULAR,,,,,Activate Odds-Package in User-Panel to retrieve odds.
544512,2026-04-12T00:00:00Z,SCHEDULED,31,REGULAR_SEASON,,2025-08-23T00:20:52Z,[],2224,Spain,ESP,https://crests.football-data.org/760.svg,2014,Primera Division,PD,LEAGUE,https://crests.football-data.org/laliga.png,2429,2025-08-17,2026-05-24,2,,81,FC Barcelona,Barça,FCB,https://crests.football-data.org/81.png,80,RCD Espanyol de Barcelona,Espanyol,ESP,https://crests.football-data.org/80.png,,REGULAR,,,,,Activate Odds-Package in User-Panel to retrieve odds.
544513,2026-04-12T00:00:00Z,SCHEDULED,31,REGULAR_SEASON,,2025-07-04T12:10:39Z,[],2224,Spain,ESP,https://crests.football-data.org/760.svg,2014,Primera Division,PD,LEAGUE,https://crests.football-data.org/laliga.png,2429,2025-08-17,2026-05-24,2,,558,RC Celta de Vigo,Celta,CEL,https://crests.football-data.org/558.png,1048,Real Oviedo,Real Oviedo,OVI,https://crests.football-data.org/1048.png,,REGULAR,,,,,Activate Odds-Package in User-Panel to retrieve odds.
544514,2026-04-12T00:00:00Z,SCHEDULED,31,REGULAR_SEASON,,2025-07-04T12:10:40Z,[],2224,Spain,ESP,https://crests.football-data.org/760.svg,2014,Primera Division,PD,LEAGUE,https://crests.football-data.org/laliga.png,2429,2025-08-17,2026-05-24,2,,285,Elche CF,Elche,ELC,https://crests.football-data.org/285.png,95,Valencia CF,Valencia,VAL,https://crests.football-data.org/95.png,,REGULAR,,,,,Activate Odds-Package in User-Panel to retrieve odds.
544515,2026-04-12T00:00:00Z,SCHEDULED,31,REGULAR_SEASON,,2025-07-04T12:10:40Z,[],2224,Spain,ESP,https://crests.football-data.org/760.svg,2014,Primera Division,PD,LEAGUE,https://crests.football-data.org/laliga.png,2429,2025-08-17,2026-05-24,2,,89,RCD Mallorca,Mallorca,MAL,https://crests.football-data.org/89.png,87,Rayo Vallecano de Madrid,Rayo Vallecano,RAY,https://crests.football-data.org/87.png,,REGULAR,,,,,Activate Odds-Package in User-Panel to retrieve odds.
544516,2026-04-12T00:00:00Z,SCHEDULED,31,REGULAR_SEASON,,2025-07-04T12:10:40Z,[],2224,Spain,ESP,https://crests.football-data.org/760.svg,2014,Primera Division,PD,LEAGUE,https://crests.football-data.org/laliga.png,2429,2025-08-17,2026-05-24,2,,92,Real Sociedad de Fútbol,Real Sociedad,RSO,https://crests.football-data.org/92.png,263,Deportivo Alavés,Alavés,ALA,https://crests.football-data.org/263.png,,REGULAR,,,,,Activate Odds-Package in User-Panel to retrieve odds.
544517,2026-04-12T00:00:00Z,SCHEDULED,31,REGULAR_SEASON,,2025-08-23T00:20:52Z,[],2224,Spain,ESP,https://crests.football-data.org/760.svg,2014,Primera Division,PD,LEAGUE,https://crests.football-data.org/laliga.png,2429,2025-08-17,2026-05-24,2,,559,Sevilla FC,Sevilla FC,SEV,https://crests.football-data.org/559.png,78,Club Atlético de Madrid,Atleti,ATL,https://crests.football-data.org/78.png,,REGULAR,,,,,Activate Odds-Package in User-Panel to retrieve odds.
544518,2026-04-12T00:00:00Z,SCHEDULED,31,REGULAR_SEASON,,2025-07-04T12:10:39Z,[],2224,Spain,ESP,https://crests.football-data.org/760.svg,2014,Primera Division,PD,LEAGUE,https://crests.football-data.org/laliga.png,2429,2025-08-17,2026-05-24,2,,79,CA Osasuna,Osasuna,OSA,https://crests.football-data.org/79.png,90,Real Betis Balompié,Real Betis,BET,https://crests.football-data.org/90.png,,REGULAR,,,,,Activate Odds-Package in User-Panel to retrieve odds.
544519,2026-04-12T00:00:00Z,SCHEDULED,31,REGULAR_SEASON,,2025-07-04T12:10:39Z,[],2224,Spain,ESP,https://crests.football-data.org/760.svg,2014,Primera Division,PD,LEAGUE,https://crests.football-data.org/laliga.png,2429,2025-08-17,2026-05-24,2,,88,Levante UD,Levante,LEV,https://crests.football-data.org/88.png,82,Getafe CF,Getafe,GET,https://crests.football-data.org/82.png,,REGULAR,,,,,Activate Odds-Package in User-Panel to retrieve odds.
544520,2026-04-12T00:00:00Z,SCHEDULED,31,REGULAR_SEASON,,2025-08-23T00:20:52Z,[],2224,Spain,ESP,https://crests.football-data.org/760.svg,2014,Primera Division,PD,LEAGUE,https://crests.football-data.org/laliga.png,2429,2025-08-17,2026-05-24,2,,86,Real Madrid CF,Real Madrid,RMA,https://crests.football-data.org/86.png,298,Girona FC,Girona,GIR,https://crests.football-data.org/298.png,,REGULAR,,,,,Activate Odds-Package in User-Panel to retrieve odds.
544511,2026-04-12T00:00:00Z,SCHEDULED,31,REGULAR_SEASON,,2025-07-04T12:10:39Z,[],2224,Spain,ESP,https://crests.football-data.org/760.svg,2014,Primera Division,PD,LEAGUE,https://crests.football-data.org/laliga.png,2429,2025-08-17,2026-05-24,2,,77,Athletic Club,Athletic,ATH,https://crests.football-data.org/77.png,94,Villarreal CF,Villarreal,VIL,https://crests.football-data.org/94.png,,REGULAR,,,,,Activate Odds-Package in User-Panel to retrieve odds.
544521,2026-04-19T00:00:00Z,SCHEDULED,32,REGULAR_SEASON,,2025-07-04T12:10:39Z,[],2224,Spain,ESP,https://crests.football-data.org/760.svg,2014,Primera Division,PD,LEAGUE,https://crests.football-data.org/laliga.png,2429,2025-08-17,2026-05-24,2,,263,Deportivo Alavés,Alavés,ALA,https://crests.football-data.org/263.png,89,RCD Mallorca,Mallorca,MAL,https://crests.football-data.org/89.png,,REGULAR,,,,,Activate Odds-Package in User-Panel to retrieve odds.
544522,2026-04-19T00:00:00Z,SCHEDULED,32,REGULAR_SEASON,,2025-08-23T00:20:52Z,[],2224,Spain,ESP,https://crests.football-data.org/760.svg,2014,Primera Division,PD,LEAGUE,https://crests.football-data.org/laliga.png,2429,2025-08-17,2026-05-24,2,,90,Real Betis Balompié,Real Betis,BET,https://crests.football-data.org/90.png,86,Real Madrid CF,Real Madrid,RMA,https://crests.football-data.org/86.png,,REGULAR,,,,,Activate Odds-Package in User-Panel to retrieve odds.
544523,2026-04-19T00:00:00Z,SCHEDULED,32,REGULAR_SEASON,,2025-07-04T12:10:38Z,[],2224,Spain,ESP,https://crests.football-data.org/760.svg,2014,Primera Division,PD,LEAGUE,https://crests.football-data.org/laliga.png,2429,2025-08-17,2026-05-24,2,,80,RCD Espanyol de Barcelona,Espanyol,ESP,https://crests.football-data.org/80.png,88,Levante UD,Levante,LEV,https://crests.football-data.org/88.png,,REGULAR,,,,,Activate Odds-Package in User-Panel to retrieve odds.
544524,2026-04-19T00:00:00Z,SCHEDULED,32,REGULAR_SEASON,,2025-07-04T12:10:39Z,[],2224,Spain,ESP,https://crests.football-data.org/760.svg,2014,Primera Division,PD,LEAGUE,https://crests.football-data.org/laliga.png,2429,2025-08-17,2026-05-24,2,,79,CA Osasuna,Osasuna,OSA,https://crests.football-data.org/79.png,559,Sevilla FC,Sevilla FC,SEV,https://crests.football-data.org/559.png,,REGULAR,,,,,Activate Odds-Package in User-Panel to retrieve odds.
544525,2026-04-19T00:00:00Z,SCHEDULED,32,REGULAR_SEASON,,2025-07-04T12:10:39Z,[],2224,Spain,ESP,https://crests.football-data.org/760.svg,2014,Primera Division,PD,LEAGUE,https://crests.football-data.org/laliga.png,2429,2025-08-17,2026-05-24,2,,87,Rayo Vallecano de Madrid,Rayo Vallecano,RAY,https://crests.football-data.org/87.png,92,Real Sociedad de Fútbol,Real Sociedad,RSO,https://crests.football-data.org/92.png,,REGULAR,,,,,Activate Odds-Package in User-Panel to retrieve odds.
544526,2026-04-19T00:00:00Z,SCHEDULED,32,REGULAR_SEASON,,2025-08-23T00:20:52Z,[],2224,Spain,ESP,https://crests.football-data.org/760.svg,2014,Primera Division,PD,LEAGUE,https://crests.football-data.org/laliga.png,2429,2025-08-17,2026-05-24,2,,78,Club Atlético de Madrid,Atleti,ATL,https://crests.football-data.org/78.png,77,Athletic Club,Athletic,ATH,https://crests.football-data.org/77.png,,REGULAR,,,,,Activate Odds-Package in User-Panel to retrieve odds.
544527,2026-04-19T00:00:00Z,SCHEDULED,32,REGULAR_SEASON,,2025-08-23T00:20:52Z,[],2224,Spain,ESP,https://crests.football-data.org/760.svg,2014,Primera Division,PD,LEAGUE,https://crests.football-data.org/laliga.png,2429,2025-08-17,2026-05-24,2,,82,Getafe CF,Getafe,GET,https://crests.football-data.org/82.png,81,FC Barcelona,Barça,FCB,https://crests.football-data.org/81.png,,REGULAR,,,,,Activate Odds-Package in User-Panel to retrieve odds.
544528,2026-04-19T00:00:00Z,SCHEDULED,32,REGULAR_SEASON,,2025-07-04T12:10:40Z,[],2224,Spain,ESP,https://crests.football-data.org/760.svg,2014,Primera Division,PD,LEAGUE,https://crests.football-data.org/laliga.png,2429,2025-08-17,2026-05-24,2,,94,Villarreal CF,Villarreal,VIL,https://crests.football-data.org/94.png,558,RC Celta de Vigo,Celta,CEL,https://crests.football-data.org/558.png,,REGULAR,,,,,Activate Odds-Package in User-Panel to retrieve odds.
544529,2026-04-19T00:00:00Z,SCHEDULED,32,REGULAR_SEASON,,2025-07-04T12:10:40Z,[],2224,Spain,ESP,https://crests.football-data.org/760.svg,2014,Primera Division,PD,LEAGUE,https://crests.football-data.org/laliga.png,2429,2025-08-17,2026-05-24,2,,1048,Real Oviedo,Real Oviedo,OVI,https://crests.football-data.org/1048.png,285,Elche CF,Elche,ELC,https://crests.football-data.org/285.png,,REGULAR,,,,,Activate Odds-Package in User-Panel to retrieve odds.
544530,2026-04-19T00:00:00Z,SCHEDULED,32,REGULAR_SEASON,,2025-07-04T12:10:40Z,[],2224,Spain,ESP,https://crests.football-data.org/760.svg,2014,Primera Division,PD,LEAGUE,https://crests.football-data.org/laliga.png,2429,2025-08-17,2026-05-24,2,,95,Valencia CF,Valencia,VAL,https://crests.football-data.org/95.png,298,Girona FC,Girona,GIR,https://crests.football-data.org/298.png,,REGULAR,,,,,Activate Odds-Package in User-Panel to retrieve odds.
544531,2026-04-22T00:00:00Z,SCHEDULED,33,REGULAR_SEASON,,2025-07-04T12:10:40Z,[],2224,Spain,ESP,https://crests.football-data.org/760.svg,2014,Primera Division,PD,LEAGUE,https://crests.football-data.org/laliga.png,2429,2025-08-17,2026-05-24,2,,77,Athletic Club,Athletic,ATH,https://crests.football-data.org/77.png,79,CA Osasuna,Osasuna,OSA,https://crests.football-data.org/79.png,,REGULAR,,,,,Activate Odds-Package in User-Panel to retrieve odds.
544532,2026-04-22T00:00:00Z,SCHEDULED,33,REGULAR_SEASON,,2025-08-23T00:20:52Z,[],2224,Spain,ESP,https://crests.football-data.org/760.svg,2014,Primera Division,PD,LEAGUE,https://crests.football-data.org/laliga.png,2429,2025-08-17,2026-05-24,2,,81,FC Barcelona,Barça,FCB,https://crests.football-data.org/81.png,558,RC Celta de Vigo,Celta,CEL,https://crests.football-data.org/558.png,,REGULAR,,,,,Activate Odds-Package in User-Panel to retrieve odds.
544533,2026-04-22T00:00:00Z,SCHEDULED,33,REGULAR_SEASON,,2025-07-04T12:10:40Z,[],2224,Spain,ESP,https://crests.football-data.org/760.svg,2014,Primera Division,PD,LEAGUE,https://crests.football-data.org/laliga.png,2429,2025-08-17,2026-05-24,2,,88,Levante UD,Levante,LEV,https://crests.football-data.org/88.png,559,Sevilla FC,Sevilla FC,SEV,https://crests.football-data.org/559.png,,REGULAR,,,,,Activate Odds-Package in User-Panel to retrieve odds.
544534,2026-04-22T00:00:00Z,SCHEDULED,33,REGULAR_SEASON,,2025-07-04T12:10:39Z,[],2224,Spain,ESP,https://crests.football-data.org/760.svg,2014,Primera Division,PD,LEAGUE,https://crests.football-data.org/laliga.png,2429,2025-08-17,2026-05-24,2,,89,RCD Mallorca,Mallorca,MAL,https://crests.football-data.org/89.png,95,Valencia CF,Valencia,VAL,https://crests.football-data.org/95.png,,REGULAR,,,,,Activate Odds-Package in User-Panel to retrieve odds.
544535,2026-04-22T00:00:00Z,SCHEDULED,33,REGULAR_SEASON,,2025-07-04T12:10:40Z,[],2224,Spain,ESP,https://crests.football-data.org/760.svg,2014,Primera Division,PD,LEAGUE,https://crests.football-data.org/laliga.png,2429,2025-08-17,2026-05-24,2,,1048,Real Oviedo,Real Oviedo,OVI,https://crests.football-data.org/1048.png,94,Villarreal CF,Villarreal,VIL,https://crests.football-data.org/94.png,,REGULAR,,,,,Activate Odds-Package in User-Panel to retrieve odds.
544536,2026-04-22T00:00:00Z,SCHEDULED,33,REGULAR_SEASON,,2025-08-23T00:20:52Z,[],2224,Spain,ESP,https://crests.football-data.org/760.svg,2014,Primera Division,PD,LEAGUE,https://crests.football-data.org/laliga.png,2429,2025-08-17,2026-05-24,2,,86,Real Madrid CF,Real Madrid,RMA,https://crests.football-data.org/86.png,263,Deportivo Alavés,Alavés,ALA,https://crests.football-data.org/263.png,,REGULAR,,,,,Activate Odds-Package in User-Panel to retrieve odds.
544537,2026-04-22T00:00:00Z,SCHEDULED,33,REGULAR_SEASON,,2025-08-23T00:20:52Z,[],2224,Spain,ESP,https://crests.football-data.org/760.svg,2014,Primera Division,PD,LEAGUE,https://crests.football-data.org/laliga.png,2429,2025-08-17,2026-05-24,2,,285,Elche CF,Elche,ELC,https://crests.football-data.org/285.png,78,Club Atlético de Madrid,Atleti,ATL,https://crests.football-data.org/78.png,,REGULAR,,,,,Activate Odds-Package in User-Panel to retrieve odds.
544538,2026-04-22T00:00:00Z,SCHEDULED,33,REGULAR_SEASON,,2025-07-04T12:10:39Z,[],2224,Spain,ESP,https://crests.football-data.org/760.svg,2014,Primera Division,PD,LEAGUE,https://crests.football-data.org/laliga.png,2429,2025-08-17,2026-05-24,2,,298,Girona FC,Girona,GIR,https://crests.football-data.org/298.png,90,Real Betis Balompié,Real Betis,BET,https://crests.football-data.org/90.png,,REGULAR,,,,,Activate Odds-Package in User-Panel to retrieve odds.
544539,2026-04-22T00:00:00Z,SCHEDULED,33,REGULAR_SEASON,,2025-07-04T12:10:40Z,[],2224,Spain,ESP,https://crests.football-data.org/760.svg,2014,Primera Division,PD,LEAGUE,https://crests.football-data.org/laliga.png,2429,2025-08-17,2026-05-24,2,,87,Rayo Vallecano de Madrid,Rayo Vallecano,RAY,https://crests.football-data.org/87.png,80,RCD Espanyol de Barcelona,Espanyol,ESP,https://crests.football-data.org/80.png,,REGULAR,,,,,Activate Odds-Package in User-Panel to retrieve odds.
544540,2026-04-22T00:00:00Z,SCHEDULED,33,REGULAR_SEASON,,2025-07-04T12:10:39Z,[],2224,Spain,ESP,https://crests.football-data.org/760.svg,2014,Primera Division,PD,LEAGUE,https://crests.football-data.org/laliga.png,2429,2025-08-17,2026-05-24,2,,92,Real Sociedad de Fútbol,Real Sociedad,RSO,https://crests.football-data.org/92.png,82,Getafe CF,Getafe,GET,https://crests.football-data.org/82.png,,REGULAR,,,,,Activate Odds-Package in User-Panel to retrieve odds.
544541,2026-05-03T00:00:00Z,SCHEDULED,34,REGULAR_SEASON,,2025-07-04T12:10:40Z,[],2224,Spain,ESP,https://crests.football-data.org/760.svg,2014,Primera Division,PD,LEAGUE,https://crests.football-data.org/laliga.png,2429,2025-08-17,2026-05-24,2,,263,Deportivo Alavés,Alavés,ALA,https://crests.football-data.org/263.png,77,Athletic Club,Athletic,ATH,https://crests.football-data.org/77.png,,REGULAR,,,,,Activate Odds-Package in User-Panel to retrieve odds.
544542,2026-05-03T00:00:00Z,SCHEDULED,34,REGULAR_SEASON,,2025-07-04T12:10:57Z,[],2224,Spain,ESP,https://crests.football-data.org/760.svg,2014,Primera Division,PD,LEAGUE,https://crests.football-data.org/laliga.png,2429,2025-08-17,2026-05-24,2,,90,Real Betis Balompié,Real Betis,BET,https://crests.football-data.org/90.png,1048,Real Oviedo,Real Oviedo,OVI,https://crests.football-data.org/1048.png,,REGULAR,,,,,Activate Odds-Package in User-Panel to retrieve odds.
544543,2026-05-03T00:00:00Z,SCHEDULED,34,REGULAR_SEASON,,2025-07-04T12:10:40Z,[],2224,Spain,ESP,https://crests.football-data.org/760.svg,2014,Primera Division,PD,LEAGUE,https://crests.football-data.org/laliga.png,2429,2025-08-17,2026-05-24,2,,558,RC Celta de Vigo,Celta,CEL,https://crests.football-data.org/558.png,285,Elche CF,Elche,ELC,https://crests.football-data.org/285.png,,REGULAR,,,,,Activate Odds-Package in User-Panel to retrieve odds.
544544,2026-05-03T00:00:00Z,SCHEDULED,34,REGULAR_SEASON,,2025-08-23T00:20:52Z,[],2224,Spain,ESP,https://crests.football-data.org/760.svg,2014,Primera Division,PD,LEAGUE,https://crests.football-data.org/laliga.png,2429,2025-08-17,2026-05-24,2,,80,RCD Espanyol de Barcelona,Espanyol,ESP,https://crests.football-data.org/80.png,86,Real Madrid CF,Real Madrid,RMA,https://crests.football-data.org/86.png,,REGULAR,,,,,Activate Odds-Package in User-Panel to retrieve odds.
544545,2026-05-03T00:00:00Z,SCHEDULED,34,REGULAR_SEASON,,2025-07-04T12:10:40Z,[],2224,Spain,ESP,https://crests.football-data.org/760.svg,2014,Primera Division,PD,LEAGUE,https://crests.football-data.org/laliga.png,2429,2025-08-17,2026-05-24,2,,82,Getafe CF,Getafe,GET,https://crests.football-data.org/82.png,87,Rayo Vallecano de Madrid,Rayo Vallecano,RAY,https://crests.football-data.org/87.png,,REGULAR,,,,,Activate Odds-Package in User-Panel to retrieve odds.
544546,2026-05-03T00:00:00Z,SCHEDULED,34,REGULAR_SEASON,,2025-07-04T12:10:40Z,[],2224,Spain,ESP,https://crests.football-data.org/760.svg,2014,Primera Division,PD,LEAGUE,https://crests.football-data.org/laliga.png,2429,2025-08-17,2026-05-24,2,,298,Girona FC,Girona,GIR,https://crests.football-data.org/298.png,89,RCD Mallorca,Mallorca,MAL,https://crests.football-data.org/89.png,,REGULAR,,,,,Activate Odds-Package in User-Panel to retrieve odds.
544547,2026-05-03T00:00:00Z,SCHEDULED,34,REGULAR_SEASON,,2025-08-23T00:20:52Z,[],2224,Spain,ESP,https://crests.football-data.org/760.svg,2014,Primera Division,PD,LEAGUE,https://crests.football-data.org/laliga.png,2429,2025-08-17,2026-05-24,2,,95,Valencia CF,Valencia,VAL,https://crests.football-data.org/95.png,78,Club Atlético de Madrid,Atleti,ATL,https://crests.football-data.org/78.png,,REGULAR,,,,,Activate Odds-Package in User-Panel to retrieve odds.
544548,2026-05-03T00:00:00Z,SCHEDULED,34,REGULAR_SEASON,,2025-08-23T00:20:52Z,[],2224,Spain,ESP,https://crests.football-data.org/760.svg,2014,Primera Division,PD,LEAGUE,https://crests.football-data.org/laliga.png,2429,2025-08-17,2026-05-24,2,,79,CA Osasuna,Osasuna,OSA,https://crests.football-data.org/79.png,81,FC Barcelona,Barça,FCB,https://crests.football-data.org/81.png,,REGULAR,,,,,Activate Odds-Package in User-Panel to retrieve odds.
544549,2026-05-03T00:00:00Z,SCHEDULED,34,REGULAR_SEASON,,2025-07-04T12:10:38Z,[],2224,Spain,ESP,https://crests.football-data.org/760.svg,2014,Primera Division,PD,LEAGUE,https://crests.football-data.org/laliga.png,2429,2025-08-17,2026-05-24,2,,94,Villarreal CF,Villarreal,VIL,https://crests.football-data.org/94.png,88,Levante UD,Levante,LEV,https://crests.football-data.org/88.png,,REGULAR,,,,,Activate Odds-Package in User-Panel to retrieve odds.
544550,2026-05-03T00:00:00Z,SCHEDULED,34,REGULAR_SEASON,,2025-07-04T12:10:39Z,[],2224,Spain,ESP,https://crests.football-data.org/760.svg,2014,Primera Division,PD,LEAGUE,https://crests.football-data.org/laliga.png,2429,2025-08-17,2026-05-24,2,,559,Sevilla FC,Sevilla FC,SEV,https://crests.football-data.org/559.png,92,Real Sociedad de Fútbol,Real Sociedad,RSO,https://crests.football-data.org/92.png,,REGULAR,,,,,Activate Odds-Package in User-Panel to retrieve odds.
544551,2026-05-10T00:00:00Z,SCHEDULED,35,REGULAR_SEASON,,2025-07-04T12:10:39Z,[],2224,Spain,ESP,https://crests.football-data.org/760.svg,2014,Primera Division,PD,LEAGUE,https://crests.football-data.org/laliga.png,2429,2025-08-17,2026-05-24,2,,77,Athletic Club,Athletic,ATH,https://crests.football-data.org/77.png,95,Valencia CF,Valencia,VAL,https://crests.football-data.org/95.png,,REGULAR,,,,,Activate Odds-Package in User-Panel to retrieve odds.
544552,2026-05-10T00:00:00Z,SCHEDULED,35,REGULAR_SEASON,,2025-08-23T00:20:52Z,[],2224,Spain,ESP,https://crests.football-data.org/760.svg,2014,Primera Division,PD,LEAGUE,https://crests.football-data.org/laliga.png,2429,2025-08-17,2026-05-24,2,,78,Club Atlético de Madrid,Atleti,ATL,https://crests.football-data.org/78.png,558,RC Celta de Vigo,Celta,CEL,https://crests.football-data.org/558.png,,REGULAR,,,,,Activate Odds-Package in User-Panel to retrieve odds.
544553,2026-05-10T00:00:00Z,SCHEDULED,35,REGULAR_SEASON,,2025-08-23T00:20:52Z,[],2224,Spain,ESP,https://crests.football-data.org/760.svg,2014,Primera Division,PD,LEAGUE,https://crests.football-data.org/laliga.png,2429,2025-08-17,2026-05-24,2,,81,FC Barcelona,Barça,FCB,https://crests.football-data.org/81.png,86,Real Madrid CF,Real Madrid,RMA,https://crests.football-data.org/86.png,,REGULAR,,,,,Activate Odds-Package in User-Panel to retrieve odds.
544554,2026-05-10T00:00:00Z,SCHEDULED,35,REGULAR_SEASON,,2025-07-04T12:10:40Z,[],2224,Spain,ESP,https://crests.football-data.org/760.svg,2014,Primera Division,PD,LEAGUE,https://crests.football-data.org/laliga.png,2429,2025-08-17,2026-05-24,2,,88,Levante UD,Levante,LEV,https://crests.football-data.org/88.png,79,CA Osasuna,Osasuna,OSA,https://crests.football-data.org/79.png,,REGULAR,,,,,Activate Odds-Package in User-Panel to retrieve odds.
544555,2026-05-10T00:00:00Z,SCHEDULED,35,REGULAR_SEASON,,2025-07-04T12:10:40Z,[],2224,Spain,ESP,https://crests.football-data.org/760.svg,2014,Primera Division,PD,LEAGUE,https://crests.football-data.org/laliga.png,2429,2025-08-17,2026-05-24,2,,89,RCD Mallorca,Mallorca,MAL,https://crests.football-data.org/89.png,94,Villarreal CF,Villarreal,VIL,https://crests.football-data.org/94.png,,REGULAR,,,,,Activate Odds-Package in User-Panel to retrieve odds.
544556,2026-05-10T00:00:00Z,SCHEDULED,35,REGULAR_SEASON,,2025-07-04T12:10:40Z,[],2224,Spain,ESP,https://crests.football-data.org/760.svg,2014,Primera Division,PD,LEAGUE,https://crests.football-data.org/laliga.png,2429,2025-08-17,2026-05-24,2,,285,Elche CF,Elche,ELC,https://crests.football-data.org/285.png,263,Deportivo Alavés,Alavés,ALA,https://crests.football-data.org/263.png,,REGULAR,,,,,Activate Odds-Package in User-Panel to retrieve odds.
544557,2026-05-10T00:00:00Z,SCHEDULED,35,REGULAR_SEASON,,2025-07-04T12:10:39Z,[],2224,Spain,ESP,https://crests.football-data.org/760.svg,2014,Primera Division,PD,LEAGUE,https://crests.football-data.org/laliga.png,2429,2025-08-17,2026-05-24,2,,92,Real Sociedad de Fútbol,Real Sociedad,RSO,https://crests.football-data.org/92.png,90,Real Betis Balompié,Real Betis,BET,https://crests.football-data.org/90.png,,REGULAR,,,,,Activate Odds-Package in User-Panel to retrieve odds.
544558,2026-05-10T00:00:00Z,SCHEDULED,35,REGULAR_SEASON,,2025-07-04T12:10:40Z,[],2224,Spain,ESP,https://crests.football-data.org/760.svg,2014,Primera Division,PD,LEAGUE,https://crests.football-data.org/laliga.png,2429,2025-08-17,2026-05-24,2,,559,Sevilla FC,Sevilla FC,SEV,https://crests.football-data.org/559.png,80,RCD Espanyol de Barcelona,Espanyol,ESP,https://crests.football-data.org/80.png,,REGULAR,,,,,Activate Odds-Package in User-Panel to retrieve odds.
544559,2026-05-10T00:00:00Z,SCHEDULED,35,REGULAR_SEASON,,2025-07-04T12:10:40Z,[],2224,Spain,ESP,https://crests.football-data.org/760.svg,2014,Primera Division,PD,LEAGUE,https://crests.football-data.org/laliga.png,2429,2025-08-17,2026-05-24,2,,1048,Real Oviedo,Real Oviedo,OVI,https://crests.football-data.org/1048.png,82,Getafe CF,Getafe,GET,https://crests.football-data.org/82.png,,REGULAR,,,,,Activate Odds-Package in User-Panel to retrieve odds.
544560,2026-05-10T00:00:00Z,SCHEDULED,35,REGULAR_SEASON,,2025-07-04T12:10:40Z,[],2224,Spain,ESP,https://crests.football-data.org/760.svg,2014,Primera Division,PD,LEAGUE,https://crests.football-data.org/laliga.png,2429,2025-08-17,2026-05-24,2,,87,Rayo Vallecano de Madrid,Rayo Vallecano,RAY,https://crests.football-data.org/87.png,298,Girona FC,Girona,GIR,https://crests.football-data.org/298.png,,REGULAR,,,,,Activate Odds-Package in User-Panel to retrieve odds.
544561,2026-05-13T00:00:00Z,SCHEDULED,36,REGULAR_SEASON,,2025-08-23T00:20:52Z,[],2224,Spain,ESP,https://crests.football-data.org/760.svg,2014,Primera Division,PD,LEAGUE,https://crests.football-data.org/laliga.png,2429,2025-08-17,2026-05-24,2,,263,Deportivo Alavés,Alavés,ALA,https://crests.football-data.org/263.png,81,FC Barcelona,Barça,FCB,https://crests.football-data.org/81.png,,REGULAR,,,,,Activate Odds-Package in User-Panel to retrieve odds.
544562,2026-05-13T00:00:00Z,SCHEDULED,36,REGULAR_SEASON,,2025-07-04T12:10:57Z,[],2224,Spain,ESP,https://crests.football-data.org/760.svg,2014,Primera Division,PD,LEAGUE,https://crests.football-data.org/laliga.png,2429,2025-08-17,2026-05-24,2,,90,Real Betis Balompié,Real Betis,BET,https://crests.football-data.org/90.png,285,Elche CF,Elche,ELC,https://crests.football-data.org/285.png,,REGULAR,,,,,Activate Odds-Package in User-Panel to retrieve odds.
544563,2026-05-13T00:00:00Z,SCHEDULED,36,REGULAR_SEASON,,2025-07-04T12:10:40Z,[],2224,Spain,ESP,https://crests.football-data.org/760.svg,2014,Primera Division,PD,LEAGUE,https://crests.football-data.org/laliga.png,2429,2025-08-17,2026-05-24,2,,558,RC Celta de Vigo,Celta,CEL,https://crests.football-data.org/558.png,88,Levante UD,Levante,LEV,https://crests.football-data.org/88.png,,REGULAR,,,,,Activate Odds-Package in User-Panel to retrieve odds.
544564,2026-05-13T00:00:00Z,SCHEDULED,36,REGULAR_SEASON,,2025-07-04T12:10:40Z,[],2224,Spain,ESP,https://crests.football-data.org/760.svg,2014,Primera Division,PD,LEAGUE,https://crests.football-data.org/laliga.png,2429,2025-08-17,2026-05-24,2,,82,Getafe CF,Getafe,GET,https://crests.football-data.org/82.png,89,RCD Mallorca,Mallorca,MAL,https://crests.football-data.org/89.png,,REGULAR,,,,,Activate Odds-Package in User-Panel to retrieve odds.
544565,2026-05-13T00:00:00Z,SCHEDULED,36,REGULAR_SEASON,,2025-07-04T12:10:39Z,[],2224,Spain,ESP,https://crests.football-data.org/760.svg,2014,Primera Division,PD,LEAGUE,https://crests.football-data.org/laliga.png,2429,2025-08-17,2026-05-24,2,,298,Girona FC,Girona,GIR,https://crests.football-data.org/298.png,92,Real Sociedad de Fútbol,Real Sociedad,RSO,https://crests.football-data.org/92.png,,REGULAR,,,,,Activate Odds-Package in User-Panel to retrieve odds.
544566,2026-05-13T00:00:00Z,SCHEDULED,36,REGULAR_SEASON,,2025-07-04T12:10:40Z,[],2224,Spain,ESP,https://crests.football-data.org/760.svg,2014,Primera Division,PD,LEAGUE,https://crests.football-data.org/laliga.png,2429,2025-08-17,2026-05-24,2,,80,RCD Espanyol de Barcelona,Espanyol,ESP,https://crests.football-data.org/80.png,77,Athletic Club,Athletic,ATH,https://crests.football-data.org/77.png,,REGULAR,,,,,Activate Odds-Package in User-Panel to retrieve odds.
544567,2026-05-13T00:00:00Z,SCHEDULED,36,REGULAR_SEASON,,2025-08-23T00:20:52Z,[],2224,Spain,ESP,https://crests.football-data.org/760.svg,2014,Primera Division,PD,LEAGUE,https://crests.football-data.org/laliga.png,2429,2025-08-17,2026-05-24,2,,79,CA Osasuna,Osasuna,OSA,https://crests.football-data.org/79.png,78,Club Atlético de Madrid,Atleti,ATL,https://crests.football-data.org/78.png,,REGULAR,,,,,Activate Odds-Package in User-Panel to retrieve odds.
544568,2026-05-13T00:00:00Z,SCHEDULED,36,REGULAR_SEASON,,2025-07-04T12:10:39Z,[],2224,Spain,ESP,https://crests.football-data.org/760.svg,2014,Primera Division,PD,LEAGUE,https://crests.football-data.org/laliga.png,2429,2025-08-17,2026-05-24,2,,95,Valencia CF,Valencia,VAL,https://crests.football-data.org/95.png,87,Rayo Vallecano de Madrid,Rayo Vallecano,RAY,https://crests.football-data.org/87.png,,REGULAR,,,,,Activate Odds-Package in User-Panel to retrieve odds.
544569,2026-05-13T00:00:00Z,SCHEDULED,36,REGULAR_SEASON,,2025-07-04T12:10:40Z,[],2224,Spain,ESP,https://crests.football-data.org/760.svg,2014,Primera Division,PD,LEAGUE,https://crests.football-data.org/laliga.png,2429,2025-08-17,2026-05-24,2,,94,Villarreal CF,Villarreal,VIL,https://crests.football-data.org/94.png,559,Sevilla FC,Sevilla FC,SEV,https://crests.football-data.org/559.png,,REGULAR,,,,,Activate Odds-Package in User-Panel to retrieve odds.
544570,2026-05-13T00:00:00Z,SCHEDULED,36,REGULAR_SEASON,,2025-08-23T00:20:52Z,[],2224,Spain,ESP,https://crests.football-data.org/760.svg,2014,Primera Division,PD,LEAGUE,https://crests.football-data.org/laliga.png,2429,2025-08-17,2026-05-24,2,,86,Real Madrid CF,Real Madrid,RMA,https://crests.football-data.org/86.png,1048,Real Oviedo,Real Oviedo,OVI,https://crests.football-data.org/1048.png,,REGULAR,,,,,Activate Odds-Package in User-Panel to retrieve odds.
544571,2026-05-17T00:00:00Z,SCHEDULED,37,REGULAR_SEASON,,2025-07-04T12:10:40Z,[],2224,Spain,ESP,https://crests.football-data.org/760.svg,2014,Primera Division,PD,LEAGUE,https://crests.football-data.org/laliga.png,2429,2025-08-17,2026-05-24,2,,77,Athletic Club,Athletic,ATH,https://crests.football-data.org/77.png,558,RC Celta de Vigo,Celta,CEL,https://crests.football-data.org/558.png,,REGULAR,,,,,Activate Odds-Package in User-Panel to retrieve odds.
544572,2026-05-17T00:00:00Z,SCHEDULED,37,REGULAR_SEASON,,2025-08-23T00:20:52Z,[],2224,Spain,ESP,https://crests.football-data.org/760.svg,2014,Primera Division,PD,LEAGUE,https://crests.football-data.org/laliga.png,2429,2025-08-17,2026-05-24,2,,78,Club Atlético de Madrid,Atleti,ATL,https://crests.football-data.org/78.png,298,Girona FC,Girona,GIR,https://crests.football-data.org/298.png,,REGULAR,,,,,Activate Odds-Package in User-Panel to retrieve odds.
544573,2026-05-17T00:00:00Z,SCHEDULED,37,REGULAR_SEASON,,2025-08-23T00:20:52Z,[],2224,Spain,ESP,https://crests.football-data.org/760.svg,2014,Primera Division,PD,LEAGUE,https://crests.football-data.org/laliga.png,2429,2025-08-17,2026-05-24,2,,81,FC Barcelona,Barça,FCB,https://crests.football-data.org/81.png,90,Real Betis Balompié,Real Betis,BET,https://crests.football-data.org/90.png,,REGULAR,,,,,Activate Odds-Package in User-Panel to retrieve odds.
544574,2026-05-17T00:00:00Z,SCHEDULED,37,REGULAR_SEASON,,2025-07-04T12:10:40Z,[],2224,Spain,ESP,https://crests.football-data.org/760.svg,2014,Primera Division,PD,LEAGUE,https://crests.football-data.org/laliga.png,2429,2025-08-17,2026-05-24,2,,285,Elche CF,Elche,ELC,https://crests.football-data.org/285.png,82,Getafe CF,Getafe,GET,https://crests.football-data.org/82.png,,REGULAR,,,,,Activate Odds-Package in User-Panel to retrieve odds.
544575,2026-05-17T00:00:00Z,SCHEDULED,37,REGULAR_SEASON,,2025-07-04T12:10:40Z,[],2224,Spain,ESP,https://crests.football-data.org/760.svg,2014,Primera Division,PD,LEAGUE,https://crests.football-data.org/laliga.png,2429,2025-08-17,2026-05-24,2,,88,Levante UD,Levante,LEV,https://crests.football-data.org/88.png,89,RCD Mallorca,Mallorca,MAL,https://crests.football-data.org/89.png,,REGULAR,,,,,Activate Odds-Package in User-Panel to retrieve odds.
544576,2026-05-17T00:00:00Z,SCHEDULED,37,REGULAR_SEASON,,2025-07-04T12:10:40Z,[],2224,Spain,ESP,https://crests.football-data.org/760.svg,2014,Primera Division,PD,LEAGUE,https://crests.football-data.org/laliga.png,2429,2025-08-17,2026-05-24,2,,87,Rayo Vallecano de Madrid,Rayo Vallecano,RAY,https://crests.football-data.org/87.png,94,Villarreal CF,Villarreal,VIL,https://crests.football-data.org/94.png,,REGULAR,,,,,Activate Odds-Package in User-Panel to retrieve odds.
544577,2026-05-17T00:00:00Z,SCHEDULED,37,REGULAR_SEASON,,2025-07-04T12:10:40Z,[],2224,Spain,ESP,https://crests.football-data.org/760.svg,2014,Primera Division,PD,LEAGUE,https://crests.football-data.org/laliga.png,2429,2025-08-17,2026-05-24,2,,92,Real Sociedad de Fútbol,Real Sociedad,RSO,https://crests.football-data.org/92.png,95,Valencia CF,Valencia,VAL,https://crests.football-data.org/95.png,,REGULAR,,,,,Activate Odds-Package in User-Panel to retrieve odds.
544578,2026-05-17T00:00:00Z,SCHEDULED,37,REGULAR_SEASON,,2025-07-04T12:10:40Z,[],2224,Spain,ESP,https://crests.football-data.org/760.svg,2014,Primera Division,PD,LEAGUE,https://crests.football-data.org/laliga.png,2429,2025-08-17,2026-05-24,2,,1048,Real Oviedo,Real Oviedo,OVI,https://crests.football-data.org/1048.png,263,Deportivo Alavés,Alavés,ALA,https://crests.football-data.org/263.png,,REGULAR,,,,,Activate Odds-Package in User-Panel to retrieve odds.
544579,2026-05-17T00:00:00Z,SCHEDULED,37,REGULAR_SEASON,,2025-07-04T12:10:40Z,[],2224,Spain,ESP,https://crests.football-data.org/760.svg,2014,Primera Division,PD,LEAGUE,https://crests.football-data.org/laliga.png,2429,2025-08-17,2026-05-24,2,,79,CA Osasuna,Osasuna,OSA,https://crests.football-data.org/79.png,80,RCD Espanyol de Barcelona,Espanyol,ESP,https://crests.football-data.org/80.png,,REGULAR,,,,,Activate Odds-Package in User-Panel to retrieve odds.
544580,2026-05-17T00:00:00Z,SCHEDULED,37,REGULAR_SEASON,,2025-08-23T00:20:52Z,[],2224,Spain,ESP,https://crests.football-data.org/760.svg,2014,Primera Division,PD,LEAGUE,https://crests.football-data.org/laliga.png,2429,2025-08-17,2026-05-24,2,,559,Sevilla FC,Sevilla FC,SEV,https://crests.football-data.org/559.png,86,Real Madrid CF,Real Madrid,RMA,https://crests.football-data.org/86.png,,REGULAR,,,,,Activate Odds-Package in User-Panel to retrieve odds.
544581,2026-05-24T00:00:00Z,SCHEDULED,38,REGULAR_SEASON,,2025-07-04T12:10:40Z,[],2224,Spain,ESP,https://crests.football-data.org/760.svg,2014,Primera Division,PD,LEAGUE,https://crests.football-data.org/laliga.png,2429,2025-08-17,2026-05-24,2,,263,Deportivo Alavés,Alavés,ALA,https://crests.football-data.org/263.png,87,Rayo Vallecano de Madrid,Rayo Vallecano,RAY,https://crests.football-data.org/87.png,,REGULAR,,,,,Activate Odds-Package in User-Panel to retrieve odds.
544582,2026-05-24T00:00:00Z,SCHEDULED,38,REGULAR_SEASON,,2025-07-04T12:10:57Z,[],2224,Spain,ESP,https://crests.football-data.org/760.svg,2014,Primera Division,PD,LEAGUE,https://crests.football-data.org/laliga.png,2429,2025-08-17,2026-05-24,2,,90,Real Betis Balompié,Real Betis,BET,https://crests.football-data.org/90.png,88,Levante UD,Levante,LEV,https://crests.football-data.org/88.png,,REGULAR,,,,,Activate Odds-Package in User-Panel to retrieve odds.
544583,2026-05-24T00:00:00Z,SCHEDULED,38,REGULAR_SEASON,,2025-07-04T12:10:40Z,[],2224,Spain,ESP,https://crests.football-data.org/760.svg,2014,Primera Division,PD,LEAGUE,https://crests.football-data.org/laliga.png,2429,2025-08-17,2026-05-24,2,,558,RC Celta de Vigo,Celta,CEL,https://crests.football-data.org/558.png,559,Sevilla FC,Sevilla FC,SEV,https://crests.football-data.org/559.png,,REGULAR,,,,,Activate Odds-Package in User-Panel to retrieve odds.
544584,2026-05-24T00:00:00Z,SCHEDULED,38,REGULAR_SEASON,,2025-07-04T12:10:39Z,[],2224,Spain,ESP,https://crests.football-data.org/760.svg,2014,Primera Division,PD,LEAGUE,https://crests.football-data.org/laliga.png,2429,2025-08-17,2026-05-24,2,,80,RCD Espanyol de Barcelona,Espanyol,ESP,https://crests.football-data.org/80.png,92,Real Sociedad de Fútbol,Real Sociedad,RSO,https://crests.football-data.org/92.png,,REGULAR,,,,,Activate Odds-Package in User-Panel to retrieve odds.
544585,2026-05-24T00:00:00Z,SCHEDULED,38,REGULAR_SEASON,,2025-07-04T12:10:39Z,[],2224,Spain,ESP,https://crests.football-data.org/760.svg,2014,Primera Division,PD,LEAGUE,https://crests.football-data.org/laliga.png,2429,2025-08-17,2026-05-24,2,,82,Getafe CF,Getafe,GET,https://crests.football-data.org/82.png,79,CA Osasuna,Osasuna,OSA,https://crests.football-data.org/79.png,,REGULAR,,,,,Activate Odds-Package in User-Panel to retrieve odds.
544586,2026-05-24T00:00:00Z,SCHEDULED,38,REGULAR_SEASON,,2025-07-04T12:10:39Z,[],2224,Spain,ESP,https://crests.football-data.org/760.svg,2014,Primera Division,PD,LEAGUE,https://crests.football-data.org/laliga.png,2429,2025-08-17,2026-05-24,2,,89,RCD Mallorca,Mallorca,MAL,https://crests.football-data.org/89.png,1048,Real Oviedo,Real Oviedo,OVI,https://crests.football-data.org/1048.png,,REGULAR,,,,,Activate Odds-Package in User-Panel to retrieve odds.
544587,2026-05-24T00:00:00Z,SCHEDULED,38,REGULAR_SEASON,,2025-08-23T00:20:52Z,[],2224,Spain,ESP,https://crests.football-data.org/760.svg,2014,Primera Division,PD,LEAGUE,https://crests.football-data.org/laliga.png,2429,2025-08-17,2026-05-24,2,,86,Real Madrid CF,Real Madrid,RMA,https://crests.football-data.org/86.png,77,Athletic Club,Athletic,ATH,https://crests.football-data.org/77.png,,REGULAR,,,,,Activate Odds-Package in User-Panel to retrieve odds.
544588,2026-05-24T00:00:00Z,SCHEDULED,38,REGULAR_SEASON,,2025-08-23T00:20:52Z,[],2224,Spain,ESP,https://crests.football-data.org/760.svg,2014,Primera Division,PD,LEAGUE,https://crests.football-data.org/laliga.png,2429,2025-08-17,2026-05-24,2,,94,Villarreal CF,Villarreal,VIL,https://crests.football-data.org/94.png,78,Club Atlético de Madrid,Atleti,ATL,https://crests.football-data.org/78.png,,REGULAR,,,,,Activate Odds-Package in User-Panel to retrieve odds.
544589,2026-05-24T00:00:00Z,SCHEDULED,38,REGULAR_SEASON,,2025-08-23T00:20:52Z,[],2224,Spain,ESP,https://crests.football-data.org/760.svg,2014,Primera Division,PD,LEAGUE,https://crests.football-data.org/laliga.png,2429,2025-08-17,2026-05-24,2,,95,Valencia CF,Valencia,VAL,https://crests.football-data.org/95.png,81,FC Barcelona,Barça,FCB,https://crests.football-data.org/81.png,,REGULAR,,,,,Activate Odds-Package in User-Panel to retrieve odds.
544590,2026-05-24T00:00:00Z,SCHEDULED,38,REGULAR_SEASON,,2025-07-04T12:10:39Z,[],2224,Spain,ESP,https://crests.football-data.org/760.svg,2014,Primera Division,PD,LEAGUE,https://crests.football-data.org/laliga.png,2429,2025-08-17,2026-05-24,2,,298,Girona FC,Girona,GIR,https://crests.football-data.org/298.png,285,Elche CF,Elche,ELC,https://crests.football-data.org/285.png,,REGULAR,,,,,Activate Odds-Package in User-Panel to retrieve odds.
