id,utcDate,status,matchday,stage,group,lastUpdated,referees,area_id,area_name,area_code,area_flag,competition_id,competition_name,competition_code,competition_type,competition_emblem,season_id,season_startDate,season_endDate,season_currentMatchday,season_winner,homeTeam_id,homeTeam_name,homeTeam_shortName,homeTeam_tla,homeTeam_crest,awayTeam_id,awayTeam_name,awayTeam_shortName,awayTeam_tla,awayTeam_crest,score_winner,score_duration,score_fullTime_home,score_fullTime_away,score_halfTime_home,score_halfTime_away,odds_msg,score_regularTime_home,score_regularTime_away,score_extraTime_home,score_extraTime_away,score_penalties_home,score_penalties_away
542414,2025-08-15T18:45:00Z,FINISHED,1,REGULAR_SEASON,,2025-08-23T00:20:52Z,"[{'id': 57073, 'name': 'Jérémie Pignard', 'type': 'REFEREE', 'nationality': 'France'}]",2081,France,FRA,https://crests.football-data.org/773.svg,2015,Ligue 1,FL1,LEAGUE,https://crests.football-data.org/FL1.png,2420,2025-08-17,2026-05-16,2,,529,Stade Rennais FC 1901,Stade Rennais,REN,https://crests.football-data.org/529.png,516,Olympique de Marseille,Marseille,MAR,https://crests.football-data.org/516.png,HOME_TEAM,REGULAR,1.0,0.0,0.0,0.0,Activate Odds-Package in User-Panel to retrieve odds.,,,,,,
542411,2025-08-16T15:00:00Z,FINISHED,1,REGULAR_SEASON,,2025-08-23T00:20:52Z,"[{'id': 57087, 'name': 'Romain Lissorgue', 'type': 'REFEREE', 'nationality': 'France'}]",2081,France,FRA,https://crests.football-data.org/773.svg,2015,Ligue 1,FL1,LEAGUE,https://crests.football-data.org/FL1.png,2420,2025-08-17,2026-05-16,2,,546,Racing Club de Lens,RC Lens,RCL,https://crests.football-data.org/546.png,523,Olympique Lyonnais,Olympique Lyon,LYO,https://crests.football-data.org/523.png,AWAY_TEAM,REGULAR,0.0,1.0,0.0,1.0,Activate Odds-Package in User-Panel to retrieve odds.,,,,,,
542407,2025-08-16T17:00:00Z,FINISHED,1,REGULAR_SEASON,,2025-08-23T00:20:52Z,"[{'id': 43886, 'name': 'Ruddy Buquet', 'type': 'REFEREE', 'nationality': 'France'}]",2081,France,FRA,https://crests.football-data.org/773.svg,2015,Ligue 1,FL1,LEAGUE,https://crests.football-data.org/FL1.png,2420,2025-08-17,2026-05-16,2,,548,AS Monaco FC,Monaco,ASM,https://crests.football-data.org/548.png,533,Le Havre AC,Le Havre,HAC,https://crests.football-data.org/533.png,HOME_TEAM,REGULAR,3.0,1.0,1.0,0.0,Activate Odds-Package in User-Panel to retrieve odds.,,,,,,
542410,2025-08-16T19:05:00Z,FINISHED,1,REGULAR_SEASON,,2025-08-23T00:20:52Z,"[{'id': 57039, 'name': 'Thomas Léonard', 'type': 'REFEREE', 'nationality': 'France'}]",2081,France,FRA,https://crests.football-data.org/773.svg,2015,Ligue 1,FL1,LEAGUE,https://crests.football-data.org/FL1.png,2420,2025-08-17,2026-05-16,2,,522,OGC Nice,Nice,NIC,https://crests.football-data.org/522.png,511,Toulouse FC,Toulouse,TOU,https://crests.football-data.org/511.png,AWAY_TEAM,REGULAR,0.0,1.0,0.0,0.0,Activate Odds-Package in User-Panel to retrieve odds.,,,,,,
542413,2025-08-17T13:00:00Z,FINISHED,1,REGULAR_SEASON,,2025-08-23T00:20:52Z,"[{'id': 9374, 'name': 'Clément Turpin', 'type': 'REFEREE', 'nationality': 'France'}]",2081,France,FRA,https://crests.football-data.org/773.svg,2015,Ligue 1,FL1,LEAGUE,https://crests.football-data.org/FL1.png,2420,2025-08-17,2026-05-16,2,,512,Stade Brestois 29,Brest,BRE,https://crests.football-data.org/512.png,521,Lille OSC,Lille,LIL,https://crests.football-data.org/521.png,DRAW,REGULAR,3.0,3.0,1.0,2.0,Activate Odds-Package in User-Panel to retrieve odds.,,,,,,
542406,2025-08-17T15:15:00Z,FINISHED,1,REGULAR_SEASON,,2025-08-23T00:20:52Z,"[{'id': 57501, 'name': 'Abdelatif Kherradji', 'type': 'REFEREE', 'nationality': 'France'}]",2081,France,FRA,https://crests.football-data.org/773.svg,2015,Ligue 1,FL1,LEAGUE,https://crests.football-data.org/FL1.png,2420,2025-08-17,2026-05-16,2,,519,AJ Auxerre,Auxerre,AJA,https://crests.football-data.org/519.png,525,FC Lorient,Lorient,FCL,https://crests.football-data.org/525.png,HOME_TEAM,REGULAR,1.0,0.0,0.0,0.0,Activate Odds-Package in User-Panel to retrieve odds.,,,,,,
542408,2025-08-17T15:15:00Z,FINISHED,1,REGULAR_SEASON,,2025-08-23T00:20:52Z,"[{'id': 57054, 'name': 'Mathieu Vernice', 'type': 'REFEREE', 'nationality': 'France'}]",2081,France,FRA,https://crests.football-data.org/773.svg,2015,Ligue 1,FL1,LEAGUE,https://crests.football-data.org/FL1.png,2420,2025-08-17,2026-05-16,2,,545,FC Metz,FC Metz,FCM,https://crests.football-data.org/545.png,576,RC Strasbourg Alsace,Strasbourg,RC ,https://crests.football-data.org/576.png,AWAY_TEAM,REGULAR,0.0,1.0,0.0,0.0,Activate Odds-Package in User-Panel to retrieve odds.,,,,,,
542412,2025-08-17T15:15:00Z,FINISHED,1,REGULAR_SEASON,,2025-08-23T00:20:52Z,"[{'id': 43918, 'name': 'François Letexier', 'type': 'REFEREE', 'nationality': 'France'}]",2081,France,FRA,https://crests.football-data.org/773.svg,2015,Ligue 1,FL1,LEAGUE,https://crests.football-data.org/FL1.png,2420,2025-08-17,2026-05-16,2,,532,Angers SCO,Angers SCO,ANG,https://crests.football-data.org/532.png,1045,Paris FC,Paris FC,PFC,https://crests.football-data.org/1045.png,HOME_TEAM,REGULAR,1.0,0.0,1.0,0.0,Activate Odds-Package in User-Panel to retrieve odds.,,,,,,
542409,2025-08-17T18:45:00Z,FINISHED,1,REGULAR_SEASON,,2025-08-23T00:20:52Z,"[{'id': 43926, 'name': 'Benoît Bastien', 'type': 'REFEREE', 'nationality': 'France'}]",2081,France,FRA,https://crests.football-data.org/773.svg,2015,Ligue 1,FL1,LEAGUE,https://crests.football-data.org/FL1.png,2420,2025-08-17,2026-05-16,2,,543,FC Nantes,Nantes,NAN,https://crests.football-data.org/543.png,524,Paris Saint-Germain FC,PSG,PSG,https://crests.football-data.org/524.png,AWAY_TEAM,REGULAR,0.0,1.0,0.0,0.0,Activate Odds-Package in User-Panel to retrieve odds.,,,,,,
542422,2025-08-22T18:45:00Z,FINISHED,2,REGULAR_SEASON,,2025-08-23T00:20:52Z,"[{'id': 57063, 'name': 'Hakim Ben El Hadj Salem', 'type': 'REFEREE', 'nationality': 'France'}]",2081,France,FRA,https://crests.football-data.org/773.svg,2015,Ligue 1,FL1,LEAGUE,https://crests.football-data.org/FL1.png,2420,2025-08-17,2026-05-16,2,,524,Paris Saint-Germain FC,PSG,PSG,https://crests.football-data.org/524.png,532,Angers SCO,Angers SCO,ANG,https://crests.football-data.org/532.png,HOME_TEAM,REGULAR,1.0,0.0,0.0,0.0,Activate Odds-Package in User-Panel to retrieve odds.,,,,,,
542420,2025-08-23T15:00:00Z,FINISHED,2,REGULAR_SEASON,,2025-08-23T17:03:51Z,"[{'id': 64781, 'name': 'Marc Bollengier', 'type': 'REFEREE', 'nationality': 'France'}]",2081,France,FRA,https://crests.football-data.org/773.svg,2015,Ligue 1,FL1,LEAGUE,https://crests.football-data.org/FL1.png,2420,2025-08-17,2026-05-16,2,,516,Olympique de Marseille,Marseille,MAR,https://crests.football-data.org/516.png,1045,Paris FC,Paris FC,PFC,https://crests.football-data.org/1045.png,HOME_TEAM,REGULAR,5.0,2.0,2.0,1.0,Activate Odds-Package in User-Panel to retrieve odds.,0.0,0.0,0.0,0.0,0.0,0.0
542418,2025-08-23T17:00:00Z,IN_PLAY,2,REGULAR_SEASON,,2025-08-23T17:08:06Z,"[{'id': 1049, 'name': 'Jeremy Stinat', 'type': 'REFEREE', 'nationality': 'France'}]",2081,France,FRA,https://crests.football-data.org/773.svg,2015,Ligue 1,FL1,LEAGUE,https://crests.football-data.org/FL1.png,2420,2025-08-17,2026-05-16,2,,522,OGC Nice,Nice,NIC,https://crests.football-data.org/522.png,519,AJ Auxerre,Auxerre,AJA,https://crests.football-data.org/519.png,HOME_TEAM,REGULAR,1.0,0.0,0.0,0.0,Activate Odds-Package in User-Panel to retrieve odds.,0.0,0.0,0.0,0.0,0.0,0.0
542419,2025-08-23T19:05:00Z,TIMED,2,REGULAR_SEASON,,2025-08-23T01:32:01Z,"[{'id': 57092, 'name': 'Eric Wattellier', 'type': 'REFEREE', 'nationality': 'France'}]",2081,France,FRA,https://crests.football-data.org/773.svg,2015,Ligue 1,FL1,LEAGUE,https://crests.football-data.org/FL1.png,2420,2025-08-17,2026-05-16,2,,523,Olympique Lyonnais,Olympique Lyon,LYO,https://crests.football-data.org/523.png,545,FC Metz,FC Metz,FCM,https://crests.football-data.org/545.png,,REGULAR,,,,,Activate Odds-Package in User-Panel to retrieve odds.,,,,,,
542416,2025-08-24T13:00:00Z,TIMED,2,REGULAR_SEASON,,2025-08-23T01:32:02Z,[],2081,France,FRA,https://crests.football-data.org/773.svg,2015,Ligue 1,FL1,LEAGUE,https://crests.football-data.org/FL1.png,2420,2025-08-17,2026-05-16,2,,525,FC Lorient,Lorient,FCL,https://crests.football-data.org/525.png,529,Stade Rennais FC 1901,Stade Rennais,REN,https://crests.football-data.org/529.png,,REGULAR,,,,,Activate Odds-Package in User-Panel to retrieve odds.,,,,,,
542415,2025-08-24T15:15:00Z,TIMED,2,REGULAR_SEASON,,2025-08-18T01:32:04Z,[],2081,France,FRA,https://crests.football-data.org/773.svg,2015,Ligue 1,FL1,LEAGUE,https://crests.football-data.org/FL1.png,2420,2025-08-17,2026-05-16,2,,533,Le Havre AC,Le Havre,HAC,https://crests.football-data.org/533.png,546,Racing Club de Lens,RC Lens,RCL,https://crests.football-data.org/546.png,,REGULAR,,,,,Activate Odds-Package in User-Panel to retrieve odds.,,,,,,
542417,2025-08-24T15:15:00Z,TIMED,2,REGULAR_SEASON,,2025-08-23T01:32:02Z,[],2081,France,FRA,https://crests.football-data.org/773.svg,2015,Ligue 1,FL1,LEAGUE,https://crests.football-data.org/FL1.png,2420,2025-08-17,2026-05-16,2,,511,Toulouse FC,Toulouse,TOU,https://crests.football-data.org/511.png,512,Stade Brestois 29,Brest,BRE,https://crests.football-data.org/512.png,,REGULAR,,,,,Activate Odds-Package in User-Panel to retrieve odds.,,,,,,
542423,2025-08-24T15:15:00Z,TIMED,2,REGULAR_SEASON,,2025-08-23T01:32:02Z,[],2081,France,FRA,https://crests.football-data.org/773.svg,2015,Ligue 1,FL1,LEAGUE,https://crests.football-data.org/FL1.png,2420,2025-08-17,2026-05-16,2,,576,RC Strasbourg Alsace,Strasbourg,RC ,https://crests.football-data.org/576.png,543,FC Nantes,Nantes,NAN,https://crests.football-data.org/543.png,,REGULAR,,,,,Activate Odds-Package in User-Panel to retrieve odds.,,,,,,
542421,2025-08-24T18:45:00Z,TIMED,2,REGULAR_SEASON,,2025-08-23T01:32:02Z,[],2081,France,FRA,https://crests.football-data.org/773.svg,2015,Ligue 1,FL1,LEAGUE,https://crests.football-data.org/FL1.png,2420,2025-08-17,2026-05-16,2,,521,Lille OSC,Lille,LIL,https://crests.football-data.org/521.png,548,AS Monaco FC,Monaco,ASM,https://crests.football-data.org/548.png,,REGULAR,,,,,Activate Odds-Package in User-Panel to retrieve odds.,,,,,,
542431,2025-08-29T18:45:00Z,TIMED,3,REGULAR_SEASON,,2025-08-23T01:32:04Z,[],2081,France,FRA,https://crests.football-data.org/773.svg,2015,Ligue 1,FL1,LEAGUE,https://crests.football-data.org/FL1.png,2420,2025-08-17,2026-05-16,2,,546,Racing Club de Lens,RC Lens,RCL,https://crests.football-data.org/546.png,512,Stade Brestois 29,Brest,BRE,https://crests.football-data.org/512.png,,REGULAR,,,,,Activate Odds-Package in User-Panel to retrieve odds.,,,,,,
542426,2025-08-30T15:00:00Z,TIMED,3,REGULAR_SEASON,,2025-08-13T08:22:25Z,[],2081,France,FRA,https://crests.football-data.org/773.svg,2015,Ligue 1,FL1,LEAGUE,https://crests.football-data.org/FL1.png,2420,2025-08-17,2026-05-16,2,,525,FC Lorient,Lorient,FCL,https://crests.football-data.org/525.png,521,Lille OSC,Lille,LIL,https://crests.football-data.org/521.png,,REGULAR,,,,,Activate Odds-Package in User-Panel to retrieve odds.,,,,,,
542427,2025-08-30T17:00:00Z,TIMED,3,REGULAR_SEASON,,2025-08-13T08:22:25Z,[],2081,France,FRA,https://crests.football-data.org/773.svg,2015,Ligue 1,FL1,LEAGUE,https://crests.football-data.org/FL1.png,2420,2025-08-17,2026-05-16,2,,543,FC Nantes,Nantes,NAN,https://crests.football-data.org/543.png,519,AJ Auxerre,Auxerre,AJA,https://crests.football-data.org/519.png,,REGULAR,,,,,Activate Odds-Package in User-Panel to retrieve odds.,,,,,,
542429,2025-08-30T19:05:00Z,TIMED,3,REGULAR_SEASON,,2025-08-23T00:20:52Z,[],2081,France,FRA,https://crests.football-data.org/773.svg,2015,Ligue 1,FL1,LEAGUE,https://crests.football-data.org/FL1.png,2420,2025-08-17,2026-05-16,2,,511,Toulouse FC,Toulouse,TOU,https://crests.football-data.org/511.png,524,Paris Saint-Germain FC,PSG,PSG,https://crests.football-data.org/524.png,,REGULAR,,,,,Activate Odds-Package in User-Panel to retrieve odds.,,,,,,
542432,2025-08-31T13:00:00Z,TIMED,3,REGULAR_SEASON,,2025-08-13T08:22:25Z,[],2081,France,FRA,https://crests.football-data.org/773.svg,2015,Ligue 1,FL1,LEAGUE,https://crests.football-data.org/FL1.png,2420,2025-08-17,2026-05-16,2,,532,Angers SCO,Angers SCO,ANG,https://crests.football-data.org/532.png,529,Stade Rennais FC 1901,Stade Rennais,REN,https://crests.football-data.org/529.png,,REGULAR,,,,,Activate Odds-Package in User-Panel to retrieve odds.,,,,,,
542424,2025-08-31T15:15:00Z,TIMED,3,REGULAR_SEASON,,2025-08-13T08:22:25Z,[],2081,France,FRA,https://crests.football-data.org/773.svg,2015,Ligue 1,FL1,LEAGUE,https://crests.football-data.org/FL1.png,2420,2025-08-17,2026-05-16,2,,533,Le Havre AC,Le Havre,HAC,https://crests.football-data.org/533.png,522,OGC Nice,Nice,NIC,https://crests.football-data.org/522.png,,REGULAR,,,,,Activate Odds-Package in User-Panel to retrieve odds.,,,,,,
542425,2025-08-31T15:15:00Z,TIMED,3,REGULAR_SEASON,,2025-08-13T08:22:25Z,[],2081,France,FRA,https://crests.football-data.org/773.svg,2015,Ligue 1,FL1,LEAGUE,https://crests.football-data.org/FL1.png,2420,2025-08-17,2026-05-16,2,,548,AS Monaco FC,Monaco,ASM,https://crests.football-data.org/548.png,576,RC Strasbourg Alsace,Strasbourg,RC ,https://crests.football-data.org/576.png,,REGULAR,,,,,Activate Odds-Package in User-Panel to retrieve odds.,,,,,,
542428,2025-08-31T15:15:00Z,TIMED,3,REGULAR_SEASON,,2025-08-13T08:23:18Z,[],2081,France,FRA,https://crests.football-data.org/773.svg,2015,Ligue 1,FL1,LEAGUE,https://crests.football-data.org/FL1.png,2420,2025-08-17,2026-05-16,2,,1045,Paris FC,Paris FC,PFC,https://crests.football-data.org/1045.png,545,FC Metz,FC Metz,FCM,https://crests.football-data.org/545.png,,REGULAR,,,,,Activate Odds-Package in User-Panel to retrieve odds.,,,,,,
542430,2025-08-31T18:45:00Z,TIMED,3,REGULAR_SEASON,,2025-08-13T08:22:24Z,[],2081,France,FRA,https://crests.football-data.org/773.svg,2015,Ligue 1,FL1,LEAGUE,https://crests.football-data.org/FL1.png,2420,2025-08-17,2026-05-16,2,,523,Olympique Lyonnais,Olympique Lyon,LYO,https://crests.football-data.org/523.png,516,Olympique de Marseille,Marseille,MAR,https://crests.football-data.org/516.png,,REGULAR,,,,,Activate Odds-Package in User-Panel to retrieve odds.,,,,,,
542433,2025-09-14T00:00:00Z,SCHEDULED,4,REGULAR_SEASON,,2025-08-13T08:22:25Z,[],2081,France,FRA,https://crests.football-data.org/773.svg,2015,Ligue 1,FL1,LEAGUE,https://crests.football-data.org/FL1.png,2420,2025-08-17,2026-05-16,2,,519,AJ Auxerre,Auxerre,AJA,https://crests.football-data.org/519.png,548,AS Monaco FC,Monaco,ASM,https://crests.football-data.org/548.png,,REGULAR,,,,,Activate Odds-Package in User-Panel to retrieve odds.,,,,,,
542435,2025-09-14T00:00:00Z,SCHEDULED,4,REGULAR_SEASON,,2025-08-13T08:22:25Z,[],2081,France,FRA,https://crests.football-data.org/773.svg,2015,Ligue 1,FL1,LEAGUE,https://crests.football-data.org/FL1.png,2420,2025-08-17,2026-05-16,2,,522,OGC Nice,Nice,NIC,https://crests.football-data.org/522.png,543,FC Nantes,Nantes,NAN,https://crests.football-data.org/543.png,,REGULAR,,,,,Activate Odds-Package in User-Panel to retrieve odds.,,,,,,
542436,2025-09-14T00:00:00Z,SCHEDULED,4,REGULAR_SEASON,,2025-08-13T08:22:25Z,[],2081,France,FRA,https://crests.football-data.org/773.svg,2015,Ligue 1,FL1,LEAGUE,https://crests.football-data.org/FL1.png,2420,2025-08-17,2026-05-16,2,,516,Olympique de Marseille,Marseille,MAR,https://crests.football-data.org/516.png,525,FC Lorient,Lorient,FCL,https://crests.football-data.org/525.png,,REGULAR,,,,,Activate Odds-Package in User-Panel to retrieve odds.,,,,,,
542437,2025-09-14T00:00:00Z,SCHEDULED,4,REGULAR_SEASON,,2025-08-13T08:22:25Z,[],2081,France,FRA,https://crests.football-data.org/773.svg,2015,Ligue 1,FL1,LEAGUE,https://crests.football-data.org/FL1.png,2420,2025-08-17,2026-05-16,2,,521,Lille OSC,Lille,LIL,https://crests.football-data.org/521.png,511,Toulouse FC,Toulouse,TOU,https://crests.football-data.org/511.png,,REGULAR,,,,,Activate Odds-Package in User-Panel to retrieve odds.,,,,,,
542438,2025-09-14T00:00:00Z,SCHEDULED,4,REGULAR_SEASON,,2025-08-23T00:20:52Z,[],2081,France,FRA,https://crests.football-data.org/773.svg,2015,Ligue 1,FL1,LEAGUE,https://crests.football-data.org/FL1.png,2420,2025-08-17,2026-05-16,2,,524,Paris Saint-Germain FC,PSG,PSG,https://crests.football-data.org/524.png,546,Racing Club de Lens,RC Lens,RCL,https://crests.football-data.org/546.png,,REGULAR,,,,,Activate Odds-Package in User-Panel to retrieve odds.,,,,,,
542439,2025-09-14T00:00:00Z,SCHEDULED,4,REGULAR_SEASON,,2025-08-13T08:22:25Z,[],2081,France,FRA,https://crests.football-data.org/773.svg,2015,Ligue 1,FL1,LEAGUE,https://crests.football-data.org/FL1.png,2420,2025-08-17,2026-05-16,2,,576,RC Strasbourg Alsace,Strasbourg,RC ,https://crests.football-data.org/576.png,533,Le Havre AC,Le Havre,HAC,https://crests.football-data.org/533.png,,REGULAR,,,,,Activate Odds-Package in User-Panel to retrieve odds.,,,,,,
542441,2025-09-14T00:00:00Z,SCHEDULED,4,REGULAR_SEASON,,2025-08-13T08:22:25Z,[],2081,France,FRA,https://crests.football-data.org/773.svg,2015,Ligue 1,FL1,LEAGUE,https://crests.football-data.org/FL1.png,2420,2025-08-17,2026-05-16,2,,529,Stade Rennais FC 1901,Stade Rennais,REN,https://crests.football-data.org/529.png,523,Olympique Lyonnais,Olympique Lyon,LYO,https://crests.football-data.org/523.png,,REGULAR,,,,,Activate Odds-Package in User-Panel to retrieve odds.,,,,,,
542434,2025-09-14T15:15:00Z,TIMED,4,REGULAR_SEASON,,2025-08-22T15:20:40Z,[],2081,France,FRA,https://crests.football-data.org/773.svg,2015,Ligue 1,FL1,LEAGUE,https://crests.football-data.org/FL1.png,2420,2025-08-17,2026-05-16,2,,545,FC Metz,FC Metz,FCM,https://crests.football-data.org/545.png,532,Angers SCO,Angers SCO,ANG,https://crests.football-data.org/532.png,,REGULAR,,,,,Activate Odds-Package in User-Panel to retrieve odds.,,,,,,
542440,2025-09-14T15:15:00Z,TIMED,4,REGULAR_SEASON,,2025-08-22T15:20:40Z,[],2081,France,FRA,https://crests.football-data.org/773.svg,2015,Ligue 1,FL1,LEAGUE,https://crests.football-data.org/FL1.png,2420,2025-08-17,2026-05-16,2,,512,Stade Brestois 29,Brest,BRE,https://crests.football-data.org/512.png,1045,Paris FC,Paris FC,PFC,https://crests.football-data.org/1045.png,,REGULAR,,,,,Activate Odds-Package in User-Panel to retrieve odds.,,,,,,
542442,2025-09-21T00:00:00Z,SCHEDULED,5,REGULAR_SEASON,,2025-08-13T08:22:25Z,[],2081,France,FRA,https://crests.football-data.org/773.svg,2015,Ligue 1,FL1,LEAGUE,https://crests.football-data.org/FL1.png,2420,2025-08-17,2026-05-16,2,,533,Le Havre AC,Le Havre,HAC,https://crests.football-data.org/533.png,525,FC Lorient,Lorient,FCL,https://crests.football-data.org/525.png,,REGULAR,,,,,Activate Odds-Package in User-Panel to retrieve odds.,,,,,,
542443,2025-09-21T00:00:00Z,SCHEDULED,5,REGULAR_SEASON,,2025-08-13T08:22:25Z,[],2081,France,FRA,https://crests.football-data.org/773.svg,2015,Ligue 1,FL1,LEAGUE,https://crests.football-data.org/FL1.png,2420,2025-08-17,2026-05-16,2,,519,AJ Auxerre,Auxerre,AJA,https://crests.football-data.org/519.png,511,Toulouse FC,Toulouse,TOU,https://crests.football-data.org/511.png,,REGULAR,,,,,Activate Odds-Package in User-Panel to retrieve odds.,,,,,,
542444,2025-09-21T00:00:00Z,SCHEDULED,5,REGULAR_SEASON,,2025-08-13T08:22:25Z,[],2081,France,FRA,https://crests.football-data.org/773.svg,2015,Ligue 1,FL1,LEAGUE,https://crests.football-data.org/FL1.png,2420,2025-08-17,2026-05-16,2,,548,AS Monaco FC,Monaco,ASM,https://crests.football-data.org/548.png,545,FC Metz,FC Metz,FCM,https://crests.football-data.org/545.png,,REGULAR,,,,,Activate Odds-Package in User-Panel to retrieve odds.,,,,,,
542445,2025-09-21T00:00:00Z,SCHEDULED,5,REGULAR_SEASON,,2025-08-13T08:22:25Z,[],2081,France,FRA,https://crests.football-data.org/773.svg,2015,Ligue 1,FL1,LEAGUE,https://crests.football-data.org/FL1.png,2420,2025-08-17,2026-05-16,2,,543,FC Nantes,Nantes,NAN,https://crests.football-data.org/543.png,529,Stade Rennais FC 1901,Stade Rennais,REN,https://crests.football-data.org/529.png,,REGULAR,,,,,Activate Odds-Package in User-Panel to retrieve odds.,,,,,,
542446,2025-09-21T00:00:00Z,SCHEDULED,5,REGULAR_SEASON,,2025-08-13T08:23:18Z,[],2081,France,FRA,https://crests.football-data.org/773.svg,2015,Ligue 1,FL1,LEAGUE,https://crests.football-data.org/FL1.png,2420,2025-08-17,2026-05-16,2,,1045,Paris FC,Paris FC,PFC,https://crests.football-data.org/1045.png,576,RC Strasbourg Alsace,Strasbourg,RC ,https://crests.football-data.org/576.png,,REGULAR,,,,,Activate Odds-Package in User-Panel to retrieve odds.,,,,,,
542447,2025-09-21T00:00:00Z,SCHEDULED,5,REGULAR_SEASON,,2025-08-23T00:20:52Z,[],2081,France,FRA,https://crests.football-data.org/773.svg,2015,Ligue 1,FL1,LEAGUE,https://crests.football-data.org/FL1.png,2420,2025-08-17,2026-05-16,2,,516,Olympique de Marseille,Marseille,MAR,https://crests.football-data.org/516.png,524,Paris Saint-Germain FC,PSG,PSG,https://crests.football-data.org/524.png,,REGULAR,,,,,Activate Odds-Package in User-Panel to retrieve odds.,,,,,,
542448,2025-09-21T00:00:00Z,SCHEDULED,5,REGULAR_SEASON,,2025-08-13T08:22:25Z,[],2081,France,FRA,https://crests.football-data.org/773.svg,2015,Ligue 1,FL1,LEAGUE,https://crests.football-data.org/FL1.png,2420,2025-08-17,2026-05-16,2,,523,Olympique Lyonnais,Olympique Lyon,LYO,https://crests.football-data.org/523.png,532,Angers SCO,Angers SCO,ANG,https://crests.football-data.org/532.png,,REGULAR,,,,,Activate Odds-Package in User-Panel to retrieve odds.,,,,,,
542449,2025-09-21T00:00:00Z,SCHEDULED,5,REGULAR_SEASON,,2025-08-13T08:22:25Z,[],2081,France,FRA,https://crests.football-data.org/773.svg,2015,Ligue 1,FL1,LEAGUE,https://crests.football-data.org/FL1.png,2420,2025-08-17,2026-05-16,2,,546,Racing Club de Lens,RC Lens,RCL,https://crests.football-data.org/546.png,521,Lille OSC,Lille,LIL,https://crests.football-data.org/521.png,,REGULAR,,,,,Activate Odds-Package in User-Panel to retrieve odds.,,,,,,
542450,2025-09-21T00:00:00Z,SCHEDULED,5,REGULAR_SEASON,,2025-08-13T08:22:25Z,[],2081,France,FRA,https://crests.football-data.org/773.svg,2015,Ligue 1,FL1,LEAGUE,https://crests.football-data.org/FL1.png,2420,2025-08-17,2026-05-16,2,,512,Stade Brestois 29,Brest,BRE,https://crests.football-data.org/512.png,522,OGC Nice,Nice,NIC,https://crests.football-data.org/522.png,,REGULAR,,,,,Activate Odds-Package in User-Panel to retrieve odds.,,,,,,
542451,2025-09-28T00:00:00Z,SCHEDULED,6,REGULAR_SEASON,,2025-08-13T08:22:25Z,[],2081,France,FRA,https://crests.football-data.org/773.svg,2015,Ligue 1,FL1,LEAGUE,https://crests.football-data.org/FL1.png,2420,2025-08-17,2026-05-16,2,,525,FC Lorient,Lorient,FCL,https://crests.football-data.org/525.png,548,AS Monaco FC,Monaco,ASM,https://crests.football-data.org/548.png,,REGULAR,,,,,Activate Odds-Package in User-Panel to retrieve odds.,,,,,,
542452,2025-09-28T00:00:00Z,SCHEDULED,6,REGULAR_SEASON,,2025-08-13T08:22:25Z,[],2081,France,FRA,https://crests.football-data.org/773.svg,2015,Ligue 1,FL1,LEAGUE,https://crests.football-data.org/FL1.png,2420,2025-08-17,2026-05-16,2,,545,FC Metz,FC Metz,FCM,https://crests.football-data.org/545.png,533,Le Havre AC,Le Havre,HAC,https://crests.football-data.org/533.png,,REGULAR,,,,,Activate Odds-Package in User-Panel to retrieve odds.,,,,,,
542453,2025-09-28T00:00:00Z,SCHEDULED,6,REGULAR_SEASON,,2025-08-13T08:22:25Z,[],2081,France,FRA,https://crests.football-data.org/773.svg,2015,Ligue 1,FL1,LEAGUE,https://crests.football-data.org/FL1.png,2420,2025-08-17,2026-05-16,2,,511,Toulouse FC,Toulouse,TOU,https://crests.football-data.org/511.png,543,FC Nantes,Nantes,NAN,https://crests.football-data.org/543.png,,REGULAR,,,,,Activate Odds-Package in User-Panel to retrieve odds.,,,,,,
542454,2025-09-28T00:00:00Z,SCHEDULED,6,REGULAR_SEASON,,2025-08-13T08:22:25Z,[],2081,France,FRA,https://crests.football-data.org/773.svg,2015,Ligue 1,FL1,LEAGUE,https://crests.football-data.org/FL1.png,2420,2025-08-17,2026-05-16,2,,522,OGC Nice,Nice,NIC,https://crests.football-data.org/522.png,1045,Paris FC,Paris FC,PFC,https://crests.football-data.org/1045.png,,REGULAR,,,,,Activate Odds-Package in User-Panel to retrieve odds.,,,,,,
542455,2025-09-28T00:00:00Z,SCHEDULED,6,REGULAR_SEASON,,2025-08-13T08:22:25Z,[],2081,France,FRA,https://crests.football-data.org/773.svg,2015,Ligue 1,FL1,LEAGUE,https://crests.football-data.org/FL1.png,2420,2025-08-17,2026-05-16,2,,521,Lille OSC,Lille,LIL,https://crests.football-data.org/521.png,523,Olympique Lyonnais,Olympique Lyon,LYO,https://crests.football-data.org/523.png,,REGULAR,,,,,Activate Odds-Package in User-Panel to retrieve odds.,,,,,,
542456,2025-09-28T00:00:00Z,SCHEDULED,6,REGULAR_SEASON,,2025-08-23T00:20:52Z,[],2081,France,FRA,https://crests.football-data.org/773.svg,2015,Ligue 1,FL1,LEAGUE,https://crests.football-data.org/FL1.png,2420,2025-08-17,2026-05-16,2,,524,Paris Saint-Germain FC,PSG,PSG,https://crests.football-data.org/524.png,519,AJ Auxerre,Auxerre,AJA,https://crests.football-data.org/519.png,,REGULAR,,,,,Activate Odds-Package in User-Panel to retrieve odds.,,,,,,
542457,2025-09-28T00:00:00Z,SCHEDULED,6,REGULAR_SEASON,,2025-08-13T08:22:25Z,[],2081,France,FRA,https://crests.football-data.org/773.svg,2015,Ligue 1,FL1,LEAGUE,https://crests.football-data.org/FL1.png,2420,2025-08-17,2026-05-16,2,,576,RC Strasbourg Alsace,Strasbourg,RC ,https://crests.football-data.org/576.png,516,Olympique de Marseille,Marseille,MAR,https://crests.football-data.org/516.png,,REGULAR,,,,,Activate Odds-Package in User-Panel to retrieve odds.,,,,,,
542458,2025-09-28T00:00:00Z,SCHEDULED,6,REGULAR_SEASON,,2025-08-13T08:22:25Z,[],2081,France,FRA,https://crests.football-data.org/773.svg,2015,Ligue 1,FL1,LEAGUE,https://crests.football-data.org/FL1.png,2420,2025-08-17,2026-05-16,2,,532,Angers SCO,Angers SCO,ANG,https://crests.football-data.org/532.png,512,Stade Brestois 29,Brest,BRE,https://crests.football-data.org/512.png,,REGULAR,,,,,Activate Odds-Package in User-Panel to retrieve odds.,,,,,,
542459,2025-09-28T00:00:00Z,SCHEDULED,6,REGULAR_SEASON,,2025-08-13T08:22:25Z,[],2081,France,FRA,https://crests.football-data.org/773.svg,2015,Ligue 1,FL1,LEAGUE,https://crests.football-data.org/FL1.png,2420,2025-08-17,2026-05-16,2,,529,Stade Rennais FC 1901,Stade Rennais,REN,https://crests.football-data.org/529.png,546,Racing Club de Lens,RC Lens,RCL,https://crests.football-data.org/546.png,,REGULAR,,,,,Activate Odds-Package in User-Panel to retrieve odds.,,,,,,
542464,2025-10-05T00:00:00Z,SCHEDULED,7,REGULAR_SEASON,,2025-08-13T08:23:18Z,[],2081,France,FRA,https://crests.football-data.org/773.svg,2015,Ligue 1,FL1,LEAGUE,https://crests.football-data.org/FL1.png,2420,2025-08-17,2026-05-16,2,,1045,Paris FC,Paris FC,PFC,https://crests.football-data.org/1045.png,525,FC Lorient,Lorient,FCL,https://crests.football-data.org/525.png,,REGULAR,,,,,Activate Odds-Package in User-Panel to retrieve odds.,,,,,,
542465,2025-10-05T00:00:00Z,SCHEDULED,7,REGULAR_SEASON,,2025-08-13T08:22:25Z,[],2081,France,FRA,https://crests.football-data.org/773.svg,2015,Ligue 1,FL1,LEAGUE,https://crests.football-data.org/FL1.png,2420,2025-08-17,2026-05-16,2,,523,Olympique Lyonnais,Olympique Lyon,LYO,https://crests.football-data.org/523.png,511,Toulouse FC,Toulouse,TOU,https://crests.football-data.org/511.png,,REGULAR,,,,,Activate Odds-Package in User-Panel to retrieve odds.,,,,,,
542466,2025-10-05T00:00:00Z,SCHEDULED,7,REGULAR_SEASON,,2025-08-23T00:20:52Z,[],2081,France,FRA,https://crests.football-data.org/773.svg,2015,Ligue 1,FL1,LEAGUE,https://crests.football-data.org/FL1.png,2420,2025-08-17,2026-05-16,2,,521,Lille OSC,Lille,LIL,https://crests.football-data.org/521.png,524,Paris Saint-Germain FC,PSG,PSG,https://crests.football-data.org/524.png,,REGULAR,,,,,Activate Odds-Package in User-Panel to retrieve odds.,,,,,,
542467,2025-10-05T00:00:00Z,SCHEDULED,7,REGULAR_SEASON,,2025-08-13T08:22:25Z,[],2081,France,FRA,https://crests.football-data.org/773.svg,2015,Ligue 1,FL1,LEAGUE,https://crests.football-data.org/FL1.png,2420,2025-08-17,2026-05-16,2,,576,RC Strasbourg Alsace,Strasbourg,RC ,https://crests.football-data.org/576.png,532,Angers SCO,Angers SCO,ANG,https://crests.football-data.org/532.png,,REGULAR,,,,,Activate Odds-Package in User-Panel to retrieve odds.,,,,,,
542468,2025-10-05T00:00:00Z,SCHEDULED,7,REGULAR_SEASON,,2025-08-13T08:22:25Z,[],2081,France,FRA,https://crests.football-data.org/773.svg,2015,Ligue 1,FL1,LEAGUE,https://crests.football-data.org/FL1.png,2420,2025-08-17,2026-05-16,2,,512,Stade Brestois 29,Brest,BRE,https://crests.football-data.org/512.png,543,FC Nantes,Nantes,NAN,https://crests.football-data.org/543.png,,REGULAR,,,,,Activate Odds-Package in User-Panel to retrieve odds.,,,,,,
542460,2025-10-05T00:00:00Z,SCHEDULED,7,REGULAR_SEASON,,2025-08-13T08:22:24Z,[],2081,France,FRA,https://crests.football-data.org/773.svg,2015,Ligue 1,FL1,LEAGUE,https://crests.football-data.org/FL1.png,2420,2025-08-17,2026-05-16,2,,533,Le Havre AC,Le Havre,HAC,https://crests.football-data.org/533.png,529,Stade Rennais FC 1901,Stade Rennais,REN,https://crests.football-data.org/529.png,,REGULAR,,,,,Activate Odds-Package in User-Panel to retrieve odds.,,,,,,
542461,2025-10-05T00:00:00Z,SCHEDULED,7,REGULAR_SEASON,,2025-08-13T08:22:25Z,[],2081,France,FRA,https://crests.football-data.org/773.svg,2015,Ligue 1,FL1,LEAGUE,https://crests.football-data.org/FL1.png,2420,2025-08-17,2026-05-16,2,,519,AJ Auxerre,Auxerre,AJA,https://crests.football-data.org/519.png,546,Racing Club de Lens,RC Lens,RCL,https://crests.football-data.org/546.png,,REGULAR,,,,,Activate Odds-Package in User-Panel to retrieve odds.,,,,,,
542462,2025-10-05T00:00:00Z,SCHEDULED,7,REGULAR_SEASON,,2025-08-13T08:22:25Z,[],2081,France,FRA,https://crests.football-data.org/773.svg,2015,Ligue 1,FL1,LEAGUE,https://crests.football-data.org/FL1.png,2420,2025-08-17,2026-05-16,2,,548,AS Monaco FC,Monaco,ASM,https://crests.football-data.org/548.png,522,OGC Nice,Nice,NIC,https://crests.football-data.org/522.png,,REGULAR,,,,,Activate Odds-Package in User-Panel to retrieve odds.,,,,,,
542463,2025-10-05T00:00:00Z,SCHEDULED,7,REGULAR_SEASON,,2025-08-13T08:22:25Z,[],2081,France,FRA,https://crests.football-data.org/773.svg,2015,Ligue 1,FL1,LEAGUE,https://crests.football-data.org/FL1.png,2420,2025-08-17,2026-05-16,2,,545,FC Metz,FC Metz,FCM,https://crests.football-data.org/545.png,516,Olympique de Marseille,Marseille,MAR,https://crests.football-data.org/516.png,,REGULAR,,,,,Activate Odds-Package in User-Panel to retrieve odds.,,,,,,
542469,2025-10-19T00:00:00Z,SCHEDULED,8,REGULAR_SEASON,,2025-08-13T08:22:25Z,[],2081,France,FRA,https://crests.football-data.org/773.svg,2015,Ligue 1,FL1,LEAGUE,https://crests.football-data.org/FL1.png,2420,2025-08-17,2026-05-16,2,,525,FC Lorient,Lorient,FCL,https://crests.football-data.org/525.png,512,Stade Brestois 29,Brest,BRE,https://crests.football-data.org/512.png,,REGULAR,,,,,Activate Odds-Package in User-Panel to retrieve odds.,,,,,,
542470,2025-10-19T00:00:00Z,SCHEDULED,8,REGULAR_SEASON,,2025-08-13T08:22:25Z,[],2081,France,FRA,https://crests.football-data.org/773.svg,2015,Ligue 1,FL1,LEAGUE,https://crests.football-data.org/FL1.png,2420,2025-08-17,2026-05-16,2,,543,FC Nantes,Nantes,NAN,https://crests.football-data.org/543.png,521,Lille OSC,Lille,LIL,https://crests.football-data.org/521.png,,REGULAR,,,,,Activate Odds-Package in User-Panel to retrieve odds.,,,,,,
542471,2025-10-19T00:00:00Z,SCHEDULED,8,REGULAR_SEASON,,2025-08-13T08:22:25Z,[],2081,France,FRA,https://crests.football-data.org/773.svg,2015,Ligue 1,FL1,LEAGUE,https://crests.football-data.org/FL1.png,2420,2025-08-17,2026-05-16,2,,511,Toulouse FC,Toulouse,TOU,https://crests.football-data.org/511.png,545,FC Metz,FC Metz,FCM,https://crests.football-data.org/545.png,,REGULAR,,,,,Activate Odds-Package in User-Panel to retrieve odds.,,,,,,
542472,2025-10-19T00:00:00Z,SCHEDULED,8,REGULAR_SEASON,,2025-08-13T08:22:25Z,[],2081,France,FRA,https://crests.football-data.org/773.svg,2015,Ligue 1,FL1,LEAGUE,https://crests.football-data.org/FL1.png,2420,2025-08-17,2026-05-16,2,,522,OGC Nice,Nice,NIC,https://crests.football-data.org/522.png,523,Olympique Lyonnais,Olympique Lyon,LYO,https://crests.football-data.org/523.png,,REGULAR,,,,,Activate Odds-Package in User-Panel to retrieve odds.,,,,,,
542473,2025-10-19T00:00:00Z,SCHEDULED,8,REGULAR_SEASON,,2025-08-13T08:22:25Z,[],2081,France,FRA,https://crests.football-data.org/773.svg,2015,Ligue 1,FL1,LEAGUE,https://crests.football-data.org/FL1.png,2420,2025-08-17,2026-05-16,2,,516,Olympique de Marseille,Marseille,MAR,https://crests.football-data.org/516.png,533,Le Havre AC,Le Havre,HAC,https://crests.football-data.org/533.png,,REGULAR,,,,,Activate Odds-Package in User-Panel to retrieve odds.,,,,,,
542474,2025-10-19T00:00:00Z,SCHEDULED,8,REGULAR_SEASON,,2025-08-23T00:20:52Z,[],2081,France,FRA,https://crests.football-data.org/773.svg,2015,Ligue 1,FL1,LEAGUE,https://crests.football-data.org/FL1.png,2420,2025-08-17,2026-05-16,2,,524,Paris Saint-Germain FC,PSG,PSG,https://crests.football-data.org/524.png,576,RC Strasbourg Alsace,Strasbourg,RC ,https://crests.football-data.org/576.png,,REGULAR,,,,,Activate Odds-Package in User-Panel to retrieve odds.,,,,,,
542475,2025-10-19T00:00:00Z,SCHEDULED,8,REGULAR_SEASON,,2025-08-13T08:22:25Z,[],2081,France,FRA,https://crests.football-data.org/773.svg,2015,Ligue 1,FL1,LEAGUE,https://crests.football-data.org/FL1.png,2420,2025-08-17,2026-05-16,2,,546,Racing Club de Lens,RC Lens,RCL,https://crests.football-data.org/546.png,1045,Paris FC,Paris FC,PFC,https://crests.football-data.org/1045.png,,REGULAR,,,,,Activate Odds-Package in User-Panel to retrieve odds.,,,,,,
542476,2025-10-19T00:00:00Z,SCHEDULED,8,REGULAR_SEASON,,2025-08-13T08:22:25Z,[],2081,France,FRA,https://crests.football-data.org/773.svg,2015,Ligue 1,FL1,LEAGUE,https://crests.football-data.org/FL1.png,2420,2025-08-17,2026-05-16,2,,532,Angers SCO,Angers SCO,ANG,https://crests.football-data.org/532.png,548,AS Monaco FC,Monaco,ASM,https://crests.football-data.org/548.png,,REGULAR,,,,,Activate Odds-Package in User-Panel to retrieve odds.,,,,,,
542477,2025-10-19T00:00:00Z,SCHEDULED,8,REGULAR_SEASON,,2025-08-13T08:22:25Z,[],2081,France,FRA,https://crests.football-data.org/773.svg,2015,Ligue 1,FL1,LEAGUE,https://crests.football-data.org/FL1.png,2420,2025-08-17,2026-05-16,2,,529,Stade Rennais FC 1901,Stade Rennais,REN,https://crests.football-data.org/529.png,519,AJ Auxerre,Auxerre,AJA,https://crests.football-data.org/519.png,,REGULAR,,,,,Activate Odds-Package in User-Panel to retrieve odds.,,,,,,
542478,2025-10-26T00:00:00Z,SCHEDULED,9,REGULAR_SEASON,,2025-08-13T08:22:25Z,[],2081,France,FRA,https://crests.football-data.org/773.svg,2015,Ligue 1,FL1,LEAGUE,https://crests.football-data.org/FL1.png,2420,2025-08-17,2026-05-16,2,,519,AJ Auxerre,Auxerre,AJA,https://crests.football-data.org/519.png,533,Le Havre AC,Le Havre,HAC,https://crests.football-data.org/533.png,,REGULAR,,,,,Activate Odds-Package in User-Panel to retrieve odds.,,,,,,
542479,2025-10-26T00:00:00Z,SCHEDULED,9,REGULAR_SEASON,,2025-08-13T08:22:25Z,[],2081,France,FRA,https://crests.football-data.org/773.svg,2015,Ligue 1,FL1,LEAGUE,https://crests.football-data.org/FL1.png,2420,2025-08-17,2026-05-16,2,,548,AS Monaco FC,Monaco,ASM,https://crests.football-data.org/548.png,511,Toulouse FC,Toulouse,TOU,https://crests.football-data.org/511.png,,REGULAR,,,,,Activate Odds-Package in User-Panel to retrieve odds.,,,,,,
542480,2025-10-26T00:00:00Z,SCHEDULED,9,REGULAR_SEASON,,2025-08-13T08:23:19Z,[],2081,France,FRA,https://crests.football-data.org/773.svg,2015,Ligue 1,FL1,LEAGUE,https://crests.football-data.org/FL1.png,2420,2025-08-17,2026-05-16,2,,1045,Paris FC,Paris FC,PFC,https://crests.football-data.org/1045.png,543,FC Nantes,Nantes,NAN,https://crests.football-data.org/543.png,,REGULAR,,,,,Activate Odds-Package in User-Panel to retrieve odds.,,,,,,
542481,2025-10-26T00:00:00Z,SCHEDULED,9,REGULAR_SEASON,,2025-08-13T08:22:24Z,[],2081,France,FRA,https://crests.football-data.org/773.svg,2015,Ligue 1,FL1,LEAGUE,https://crests.football-data.org/FL1.png,2420,2025-08-17,2026-05-16,2,,523,Olympique Lyonnais,Olympique Lyon,LYO,https://crests.football-data.org/523.png,576,RC Strasbourg Alsace,Strasbourg,RC ,https://crests.football-data.org/576.png,,REGULAR,,,,,Activate Odds-Package in User-Panel to retrieve odds.,,,,,,
542482,2025-10-26T00:00:00Z,SCHEDULED,9,REGULAR_SEASON,,2025-08-13T08:22:25Z,[],2081,France,FRA,https://crests.football-data.org/773.svg,2015,Ligue 1,FL1,LEAGUE,https://crests.football-data.org/FL1.png,2420,2025-08-17,2026-05-16,2,,521,Lille OSC,Lille,LIL,https://crests.football-data.org/521.png,545,FC Metz,FC Metz,FCM,https://crests.football-data.org/545.png,,REGULAR,,,,,Activate Odds-Package in User-Panel to retrieve odds.,,,,,,
542483,2025-10-26T00:00:00Z,SCHEDULED,9,REGULAR_SEASON,,2025-08-13T08:22:25Z,[],2081,France,FRA,https://crests.football-data.org/773.svg,2015,Ligue 1,FL1,LEAGUE,https://crests.football-data.org/FL1.png,2420,2025-08-17,2026-05-16,2,,546,Racing Club de Lens,RC Lens,RCL,https://crests.football-data.org/546.png,516,Olympique de Marseille,Marseille,MAR,https://crests.football-data.org/516.png,,REGULAR,,,,,Activate Odds-Package in User-Panel to retrieve odds.,,,,,,
542484,2025-10-26T00:00:00Z,SCHEDULED,9,REGULAR_SEASON,,2025-08-13T08:22:25Z,[],2081,France,FRA,https://crests.football-data.org/773.svg,2015,Ligue 1,FL1,LEAGUE,https://crests.football-data.org/FL1.png,2420,2025-08-17,2026-05-16,2,,532,Angers SCO,Angers SCO,ANG,https://crests.football-data.org/532.png,525,FC Lorient,Lorient,FCL,https://crests.football-data.org/525.png,,REGULAR,,,,,Activate Odds-Package in User-Panel to retrieve odds.,,,,,,
542485,2025-10-26T00:00:00Z,SCHEDULED,9,REGULAR_SEASON,,2025-08-23T00:20:52Z,[],2081,France,FRA,https://crests.football-data.org/773.svg,2015,Ligue 1,FL1,LEAGUE,https://crests.football-data.org/FL1.png,2420,2025-08-17,2026-05-16,2,,512,Stade Brestois 29,Brest,BRE,https://crests.football-data.org/512.png,524,Paris Saint-Germain FC,PSG,PSG,https://crests.football-data.org/524.png,,REGULAR,,,,,Activate Odds-Package in User-Panel to retrieve odds.,,,,,,
542486,2025-10-26T00:00:00Z,SCHEDULED,9,REGULAR_SEASON,,2025-08-13T08:22:25Z,[],2081,France,FRA,https://crests.football-data.org/773.svg,2015,Ligue 1,FL1,LEAGUE,https://crests.football-data.org/FL1.png,2420,2025-08-17,2026-05-16,2,,529,Stade Rennais FC 1901,Stade Rennais,REN,https://crests.football-data.org/529.png,522,OGC Nice,Nice,NIC,https://crests.football-data.org/522.png,,REGULAR,,,,,Activate Odds-Package in User-Panel to retrieve odds.,,,,,,
542487,2025-10-29T00:00:00Z,SCHEDULED,10,REGULAR_SEASON,,2025-08-13T08:22:25Z,[],2081,France,FRA,https://crests.football-data.org/773.svg,2015,Ligue 1,FL1,LEAGUE,https://crests.football-data.org/FL1.png,2420,2025-08-17,2026-05-16,2,,533,Le Havre AC,Le Havre,HAC,https://crests.football-data.org/533.png,512,Stade Brestois 29,Brest,BRE,https://crests.football-data.org/512.png,,REGULAR,,,,,Activate Odds-Package in User-Panel to retrieve odds.,,,,,,
542488,2025-10-29T00:00:00Z,SCHEDULED,10,REGULAR_SEASON,,2025-08-23T00:20:52Z,[],2081,France,FRA,https://crests.football-data.org/773.svg,2015,Ligue 1,FL1,LEAGUE,https://crests.football-data.org/FL1.png,2420,2025-08-17,2026-05-16,2,,525,FC Lorient,Lorient,FCL,https://crests.football-data.org/525.png,524,Paris Saint-Germain FC,PSG,PSG,https://crests.football-data.org/524.png,,REGULAR,,,,,Activate Odds-Package in User-Panel to retrieve odds.,,,,,,
542489,2025-10-29T00:00:00Z,SCHEDULED,10,REGULAR_SEASON,,2025-08-13T08:22:25Z,[],2081,France,FRA,https://crests.football-data.org/773.svg,2015,Ligue 1,FL1,LEAGUE,https://crests.football-data.org/FL1.png,2420,2025-08-17,2026-05-16,2,,545,FC Metz,FC Metz,FCM,https://crests.football-data.org/545.png,546,Racing Club de Lens,RC Lens,RCL,https://crests.football-data.org/546.png,,REGULAR,,,,,Activate Odds-Package in User-Panel to retrieve odds.,,,,,,
542490,2025-10-29T00:00:00Z,SCHEDULED,10,REGULAR_SEASON,,2025-08-13T08:22:25Z,[],2081,France,FRA,https://crests.football-data.org/773.svg,2015,Ligue 1,FL1,LEAGUE,https://crests.football-data.org/FL1.png,2420,2025-08-17,2026-05-16,2,,543,FC Nantes,Nantes,NAN,https://crests.football-data.org/543.png,548,AS Monaco FC,Monaco,ASM,https://crests.football-data.org/548.png,,REGULAR,,,,,Activate Odds-Package in User-Panel to retrieve odds.,,,,,,
542491,2025-10-29T00:00:00Z,SCHEDULED,10,REGULAR_SEASON,,2025-08-13T08:23:19Z,[],2081,France,FRA,https://crests.football-data.org/773.svg,2015,Ligue 1,FL1,LEAGUE,https://crests.football-data.org/FL1.png,2420,2025-08-17,2026-05-16,2,,1045,Paris FC,Paris FC,PFC,https://crests.football-data.org/1045.png,523,Olympique Lyonnais,Olympique Lyon,LYO,https://crests.football-data.org/523.png,,REGULAR,,,,,Activate Odds-Package in User-Panel to retrieve odds.,,,,,,
542492,2025-10-29T00:00:00Z,SCHEDULED,10,REGULAR_SEASON,,2025-08-13T08:22:25Z,[],2081,France,FRA,https://crests.football-data.org/773.svg,2015,Ligue 1,FL1,LEAGUE,https://crests.football-data.org/FL1.png,2420,2025-08-17,2026-05-16,2,,511,Toulouse FC,Toulouse,TOU,https://crests.football-data.org/511.png,529,Stade Rennais FC 1901,Stade Rennais,REN,https://crests.football-data.org/529.png,,REGULAR,,,,,Activate Odds-Package in User-Panel to retrieve odds.,,,,,,
542493,2025-10-29T00:00:00Z,SCHEDULED,10,REGULAR_SEASON,,2025-08-13T08:22:25Z,[],2081,France,FRA,https://crests.football-data.org/773.svg,2015,Ligue 1,FL1,LEAGUE,https://crests.football-data.org/FL1.png,2420,2025-08-17,2026-05-16,2,,522,OGC Nice,Nice,NIC,https://crests.football-data.org/522.png,521,Lille OSC,Lille,LIL,https://crests.football-data.org/521.png,,REGULAR,,,,,Activate Odds-Package in User-Panel to retrieve odds.,,,,,,
542494,2025-10-29T00:00:00Z,SCHEDULED,10,REGULAR_SEASON,,2025-08-13T08:22:25Z,[],2081,France,FRA,https://crests.football-data.org/773.svg,2015,Ligue 1,FL1,LEAGUE,https://crests.football-data.org/FL1.png,2420,2025-08-17,2026-05-16,2,,516,Olympique de Marseille,Marseille,MAR,https://crests.football-data.org/516.png,532,Angers SCO,Angers SCO,ANG,https://crests.football-data.org/532.png,,REGULAR,,,,,Activate Odds-Package in User-Panel to retrieve odds.,,,,,,
542495,2025-10-29T00:00:00Z,SCHEDULED,10,REGULAR_SEASON,,2025-08-13T08:22:25Z,[],2081,France,FRA,https://crests.football-data.org/773.svg,2015,Ligue 1,FL1,LEAGUE,https://crests.football-data.org/FL1.png,2420,2025-08-17,2026-05-16,2,,576,RC Strasbourg Alsace,Strasbourg,RC ,https://crests.football-data.org/576.png,519,AJ Auxerre,Auxerre,AJA,https://crests.football-data.org/519.png,,REGULAR,,,,,Activate Odds-Package in User-Panel to retrieve odds.,,,,,,
542496,2025-11-02T00:00:00Z,SCHEDULED,11,REGULAR_SEASON,,2025-08-13T08:22:25Z,[],2081,France,FRA,https://crests.football-data.org/773.svg,2015,Ligue 1,FL1,LEAGUE,https://crests.football-data.org/FL1.png,2420,2025-08-17,2026-05-16,2,,519,AJ Auxerre,Auxerre,AJA,https://crests.football-data.org/519.png,516,Olympique de Marseille,Marseille,MAR,https://crests.football-data.org/516.png,,REGULAR,,,,,Activate Odds-Package in User-Panel to retrieve odds.,,,,,,
542497,2025-11-02T00:00:00Z,SCHEDULED,11,REGULAR_SEASON,,2025-08-13T08:22:24Z,[],2081,France,FRA,https://crests.football-data.org/773.svg,2015,Ligue 1,FL1,LEAGUE,https://crests.football-data.org/FL1.png,2420,2025-08-17,2026-05-16,2,,548,AS Monaco FC,Monaco,ASM,https://crests.football-data.org/548.png,1045,Paris FC,Paris FC,PFC,https://crests.football-data.org/1045.png,,REGULAR,,,,,Activate Odds-Package in User-Panel to retrieve odds.,,,,,,
542498,2025-11-02T00:00:00Z,SCHEDULED,11,REGULAR_SEASON,,2025-08-13T08:22:25Z,[],2081,France,FRA,https://crests.football-data.org/773.svg,2015,Ligue 1,FL1,LEAGUE,https://crests.football-data.org/FL1.png,2420,2025-08-17,2026-05-16,2,,543,FC Nantes,Nantes,NAN,https://crests.football-data.org/543.png,545,FC Metz,FC Metz,FCM,https://crests.football-data.org/545.png,,REGULAR,,,,,Activate Odds-Package in User-Panel to retrieve odds.,,,,,,
542499,2025-11-02T00:00:00Z,SCHEDULED,11,REGULAR_SEASON,,2025-08-13T08:22:25Z,[],2081,France,FRA,https://crests.football-data.org/773.svg,2015,Ligue 1,FL1,LEAGUE,https://crests.football-data.org/FL1.png,2420,2025-08-17,2026-05-16,2,,511,Toulouse FC,Toulouse,TOU,https://crests.football-data.org/511.png,533,Le Havre AC,Le Havre,HAC,https://crests.football-data.org/533.png,,REGULAR,,,,,Activate Odds-Package in User-Panel to retrieve odds.,,,,,,
542500,2025-11-02T00:00:00Z,SCHEDULED,11,REGULAR_SEASON,,2025-08-13T08:22:25Z,[],2081,France,FRA,https://crests.football-data.org/773.svg,2015,Ligue 1,FL1,LEAGUE,https://crests.football-data.org/FL1.png,2420,2025-08-17,2026-05-16,2,,521,Lille OSC,Lille,LIL,https://crests.football-data.org/521.png,532,Angers SCO,Angers SCO,ANG,https://crests.football-data.org/532.png,,REGULAR,,,,,Activate Odds-Package in User-Panel to retrieve odds.,,,,,,
542501,2025-11-02T00:00:00Z,SCHEDULED,11,REGULAR_SEASON,,2025-08-23T00:20:52Z,[],2081,France,FRA,https://crests.football-data.org/773.svg,2015,Ligue 1,FL1,LEAGUE,https://crests.football-data.org/FL1.png,2420,2025-08-17,2026-05-16,2,,524,Paris Saint-Germain FC,PSG,PSG,https://crests.football-data.org/524.png,522,OGC Nice,Nice,NIC,https://crests.football-data.org/522.png,,REGULAR,,,,,Activate Odds-Package in User-Panel to retrieve odds.,,,,,,
542502,2025-11-02T00:00:00Z,SCHEDULED,11,REGULAR_SEASON,,2025-08-13T08:22:25Z,[],2081,France,FRA,https://crests.football-data.org/773.svg,2015,Ligue 1,FL1,LEAGUE,https://crests.football-data.org/FL1.png,2420,2025-08-17,2026-05-16,2,,546,Racing Club de Lens,RC Lens,RCL,https://crests.football-data.org/546.png,525,FC Lorient,Lorient,FCL,https://crests.football-data.org/525.png,,REGULAR,,,,,Activate Odds-Package in User-Panel to retrieve odds.,,,,,,
542503,2025-11-02T00:00:00Z,SCHEDULED,11,REGULAR_SEASON,,2025-08-13T08:22:25Z,[],2081,France,FRA,https://crests.football-data.org/773.svg,2015,Ligue 1,FL1,LEAGUE,https://crests.football-data.org/FL1.png,2420,2025-08-17,2026-05-16,2,,512,Stade Brestois 29,Brest,BRE,https://crests.football-data.org/512.png,523,Olympique Lyonnais,Olympique Lyon,LYO,https://crests.football-data.org/523.png,,REGULAR,,,,,Activate Odds-Package in User-Panel to retrieve odds.,,,,,,
542504,2025-11-02T00:00:00Z,SCHEDULED,11,REGULAR_SEASON,,2025-08-13T08:22:25Z,[],2081,France,FRA,https://crests.football-data.org/773.svg,2015,Ligue 1,FL1,LEAGUE,https://crests.football-data.org/FL1.png,2420,2025-08-17,2026-05-16,2,,529,Stade Rennais FC 1901,Stade Rennais,REN,https://crests.football-data.org/529.png,576,RC Strasbourg Alsace,Strasbourg,RC ,https://crests.football-data.org/576.png,,REGULAR,,,,,Activate Odds-Package in User-Panel to retrieve odds.,,,,,,
542505,2025-11-09T00:00:00Z,SCHEDULED,12,REGULAR_SEASON,,2025-08-13T08:22:25Z,[],2081,France,FRA,https://crests.football-data.org/773.svg,2015,Ligue 1,FL1,LEAGUE,https://crests.football-data.org/FL1.png,2420,2025-08-17,2026-05-16,2,,533,Le Havre AC,Le Havre,HAC,https://crests.football-data.org/533.png,543,FC Nantes,Nantes,NAN,https://crests.football-data.org/543.png,,REGULAR,,,,,Activate Odds-Package in User-Panel to retrieve odds.,,,,,,
542506,2025-11-09T00:00:00Z,SCHEDULED,12,REGULAR_SEASON,,2025-08-13T08:22:25Z,[],2081,France,FRA,https://crests.football-data.org/773.svg,2015,Ligue 1,FL1,LEAGUE,https://crests.football-data.org/FL1.png,2420,2025-08-17,2026-05-16,2,,548,AS Monaco FC,Monaco,ASM,https://crests.football-data.org/548.png,546,Racing Club de Lens,RC Lens,RCL,https://crests.football-data.org/546.png,,REGULAR,,,,,Activate Odds-Package in User-Panel to retrieve odds.,,,,,,
542507,2025-11-09T00:00:00Z,SCHEDULED,12,REGULAR_SEASON,,2025-08-13T08:22:24Z,[],2081,France,FRA,https://crests.football-data.org/773.svg,2015,Ligue 1,FL1,LEAGUE,https://crests.football-data.org/FL1.png,2420,2025-08-17,2026-05-16,2,,525,FC Lorient,Lorient,FCL,https://crests.football-data.org/525.png,511,Toulouse FC,Toulouse,TOU,https://crests.football-data.org/511.png,,REGULAR,,,,,Activate Odds-Package in User-Panel to retrieve odds.,,,,,,
542508,2025-11-09T00:00:00Z,SCHEDULED,12,REGULAR_SEASON,,2025-08-13T08:22:25Z,[],2081,France,FRA,https://crests.football-data.org/773.svg,2015,Ligue 1,FL1,LEAGUE,https://crests.football-data.org/FL1.png,2420,2025-08-17,2026-05-16,2,,545,FC Metz,FC Metz,FCM,https://crests.football-data.org/545.png,522,OGC Nice,Nice,NIC,https://crests.football-data.org/522.png,,REGULAR,,,,,Activate Odds-Package in User-Panel to retrieve odds.,,,,,,
542509,2025-11-09T00:00:00Z,SCHEDULED,12,REGULAR_SEASON,,2025-08-13T08:23:18Z,[],2081,France,FRA,https://crests.football-data.org/773.svg,2015,Ligue 1,FL1,LEAGUE,https://crests.football-data.org/FL1.png,2420,2025-08-17,2026-05-16,2,,1045,Paris FC,Paris FC,PFC,https://crests.football-data.org/1045.png,529,Stade Rennais FC 1901,Stade Rennais,REN,https://crests.football-data.org/529.png,,REGULAR,,,,,Activate Odds-Package in User-Panel to retrieve odds.,,,,,,
542510,2025-11-09T00:00:00Z,SCHEDULED,12,REGULAR_SEASON,,2025-08-23T00:20:52Z,[],2081,France,FRA,https://crests.football-data.org/773.svg,2015,Ligue 1,FL1,LEAGUE,https://crests.football-data.org/FL1.png,2420,2025-08-17,2026-05-16,2,,523,Olympique Lyonnais,Olympique Lyon,LYO,https://crests.football-data.org/523.png,524,Paris Saint-Germain FC,PSG,PSG,https://crests.football-data.org/524.png,,REGULAR,,,,,Activate Odds-Package in User-Panel to retrieve odds.,,,,,,
542511,2025-11-09T00:00:00Z,SCHEDULED,12,REGULAR_SEASON,,2025-08-13T08:22:25Z,[],2081,France,FRA,https://crests.football-data.org/773.svg,2015,Ligue 1,FL1,LEAGUE,https://crests.football-data.org/FL1.png,2420,2025-08-17,2026-05-16,2,,516,Olympique de Marseille,Marseille,MAR,https://crests.football-data.org/516.png,512,Stade Brestois 29,Brest,BRE,https://crests.football-data.org/512.png,,REGULAR,,,,,Activate Odds-Package in User-Panel to retrieve odds.,,,,,,
542512,2025-11-09T00:00:00Z,SCHEDULED,12,REGULAR_SEASON,,2025-08-13T08:22:25Z,[],2081,France,FRA,https://crests.football-data.org/773.svg,2015,Ligue 1,FL1,LEAGUE,https://crests.football-data.org/FL1.png,2420,2025-08-17,2026-05-16,2,,576,RC Strasbourg Alsace,Strasbourg,RC ,https://crests.football-data.org/576.png,521,Lille OSC,Lille,LIL,https://crests.football-data.org/521.png,,REGULAR,,,,,Activate Odds-Package in User-Panel to retrieve odds.,,,,,,
542513,2025-11-09T00:00:00Z,SCHEDULED,12,REGULAR_SEASON,,2025-08-13T08:22:25Z,[],2081,France,FRA,https://crests.football-data.org/773.svg,2015,Ligue 1,FL1,LEAGUE,https://crests.football-data.org/FL1.png,2420,2025-08-17,2026-05-16,2,,532,Angers SCO,Angers SCO,ANG,https://crests.football-data.org/532.png,519,AJ Auxerre,Auxerre,AJA,https://crests.football-data.org/519.png,,REGULAR,,,,,Activate Odds-Package in User-Panel to retrieve odds.,,,,,,
542514,2025-11-23T00:00:00Z,SCHEDULED,13,REGULAR_SEASON,,2025-08-13T08:22:25Z,[],2081,France,FRA,https://crests.football-data.org/773.svg,2015,Ligue 1,FL1,LEAGUE,https://crests.football-data.org/FL1.png,2420,2025-08-17,2026-05-16,2,,519,AJ Auxerre,Auxerre,AJA,https://crests.football-data.org/519.png,523,Olympique Lyonnais,Olympique Lyon,LYO,https://crests.football-data.org/523.png,,REGULAR,,,,,Activate Odds-Package in User-Panel to retrieve odds.,,,,,,
542515,2025-11-23T00:00:00Z,SCHEDULED,13,REGULAR_SEASON,,2025-08-13T08:22:25Z,[],2081,France,FRA,https://crests.football-data.org/773.svg,2015,Ligue 1,FL1,LEAGUE,https://crests.football-data.org/FL1.png,2420,2025-08-17,2026-05-16,2,,543,FC Nantes,Nantes,NAN,https://crests.football-data.org/543.png,525,FC Lorient,Lorient,FCL,https://crests.football-data.org/525.png,,REGULAR,,,,,Activate Odds-Package in User-Panel to retrieve odds.,,,,,,
542516,2025-11-23T00:00:00Z,SCHEDULED,13,REGULAR_SEASON,,2025-08-13T08:22:25Z,[],2081,France,FRA,https://crests.football-data.org/773.svg,2015,Ligue 1,FL1,LEAGUE,https://crests.football-data.org/FL1.png,2420,2025-08-17,2026-05-16,2,,511,Toulouse FC,Toulouse,TOU,https://crests.football-data.org/511.png,532,Angers SCO,Angers SCO,ANG,https://crests.football-data.org/532.png,,REGULAR,,,,,Activate Odds-Package in User-Panel to retrieve odds.,,,,,,
542517,2025-11-23T00:00:00Z,SCHEDULED,13,REGULAR_SEASON,,2025-08-13T08:22:25Z,[],2081,France,FRA,https://crests.football-data.org/773.svg,2015,Ligue 1,FL1,LEAGUE,https://crests.football-data.org/FL1.png,2420,2025-08-17,2026-05-16,2,,522,OGC Nice,Nice,NIC,https://crests.football-data.org/522.png,516,Olympique de Marseille,Marseille,MAR,https://crests.football-data.org/516.png,,REGULAR,,,,,Activate Odds-Package in User-Panel to retrieve odds.,,,,,,
542518,2025-11-23T00:00:00Z,SCHEDULED,13,REGULAR_SEASON,,2025-08-13T08:22:25Z,[],2081,France,FRA,https://crests.football-data.org/773.svg,2015,Ligue 1,FL1,LEAGUE,https://crests.football-data.org/FL1.png,2420,2025-08-17,2026-05-16,2,,521,Lille OSC,Lille,LIL,https://crests.football-data.org/521.png,1045,Paris FC,Paris FC,PFC,https://crests.football-data.org/1045.png,,REGULAR,,,,,Activate Odds-Package in User-Panel to retrieve odds.,,,,,,
542519,2025-11-23T00:00:00Z,SCHEDULED,13,REGULAR_SEASON,,2025-08-23T00:20:52Z,[],2081,France,FRA,https://crests.football-data.org/773.svg,2015,Ligue 1,FL1,LEAGUE,https://crests.football-data.org/FL1.png,2420,2025-08-17,2026-05-16,2,,524,Paris Saint-Germain FC,PSG,PSG,https://crests.football-data.org/524.png,533,Le Havre AC,Le Havre,HAC,https://crests.football-data.org/533.png,,REGULAR,,,,,Activate Odds-Package in User-Panel to retrieve odds.,,,,,,
542520,2025-11-23T00:00:00Z,SCHEDULED,13,REGULAR_SEASON,,2025-08-13T08:22:25Z,[],2081,France,FRA,https://crests.football-data.org/773.svg,2015,Ligue 1,FL1,LEAGUE,https://crests.football-data.org/FL1.png,2420,2025-08-17,2026-05-16,2,,546,Racing Club de Lens,RC Lens,RCL,https://crests.football-data.org/546.png,576,RC Strasbourg Alsace,Strasbourg,RC ,https://crests.football-data.org/576.png,,REGULAR,,,,,Activate Odds-Package in User-Panel to retrieve odds.,,,,,,
542521,2025-11-23T00:00:00Z,SCHEDULED,13,REGULAR_SEASON,,2025-08-13T08:22:25Z,[],2081,France,FRA,https://crests.football-data.org/773.svg,2015,Ligue 1,FL1,LEAGUE,https://crests.football-data.org/FL1.png,2420,2025-08-17,2026-05-16,2,,512,Stade Brestois 29,Brest,BRE,https://crests.football-data.org/512.png,545,FC Metz,FC Metz,FCM,https://crests.football-data.org/545.png,,REGULAR,,,,,Activate Odds-Package in User-Panel to retrieve odds.,,,,,,
542522,2025-11-23T00:00:00Z,SCHEDULED,13,REGULAR_SEASON,,2025-08-13T08:22:25Z,[],2081,France,FRA,https://crests.football-data.org/773.svg,2015,Ligue 1,FL1,LEAGUE,https://crests.football-data.org/FL1.png,2420,2025-08-17,2026-05-16,2,,529,Stade Rennais FC 1901,Stade Rennais,REN,https://crests.football-data.org/529.png,548,AS Monaco FC,Monaco,ASM,https://crests.football-data.org/548.png,,REGULAR,,,,,Activate Odds-Package in User-Panel to retrieve odds.,,,,,,
542523,2025-11-30T00:00:00Z,SCHEDULED,14,REGULAR_SEASON,,2025-08-13T08:22:25Z,[],2081,France,FRA,https://crests.football-data.org/773.svg,2015,Ligue 1,FL1,LEAGUE,https://crests.football-data.org/FL1.png,2420,2025-08-17,2026-05-16,2,,533,Le Havre AC,Le Havre,HAC,https://crests.football-data.org/533.png,521,Lille OSC,Lille,LIL,https://crests.football-data.org/521.png,,REGULAR,,,,,Activate Odds-Package in User-Panel to retrieve odds.,,,,,,
542524,2025-11-30T00:00:00Z,SCHEDULED,14,REGULAR_SEASON,,2025-08-23T00:20:52Z,[],2081,France,FRA,https://crests.football-data.org/773.svg,2015,Ligue 1,FL1,LEAGUE,https://crests.football-data.org/FL1.png,2420,2025-08-17,2026-05-16,2,,548,AS Monaco FC,Monaco,ASM,https://crests.football-data.org/548.png,524,Paris Saint-Germain FC,PSG,PSG,https://crests.football-data.org/524.png,,REGULAR,,,,,Activate Odds-Package in User-Panel to retrieve odds.,,,,,,
542525,2025-11-30T00:00:00Z,SCHEDULED,14,REGULAR_SEASON,,2025-08-13T08:22:24Z,[],2081,France,FRA,https://crests.football-data.org/773.svg,2015,Ligue 1,FL1,LEAGUE,https://crests.football-data.org/FL1.png,2420,2025-08-17,2026-05-16,2,,525,FC Lorient,Lorient,FCL,https://crests.football-data.org/525.png,522,OGC Nice,Nice,NIC,https://crests.football-data.org/522.png,,REGULAR,,,,,Activate Odds-Package in User-Panel to retrieve odds.,,,,,,
542526,2025-11-30T00:00:00Z,SCHEDULED,14,REGULAR_SEASON,,2025-08-13T08:22:25Z,[],2081,France,FRA,https://crests.football-data.org/773.svg,2015,Ligue 1,FL1,LEAGUE,https://crests.football-data.org/FL1.png,2420,2025-08-17,2026-05-16,2,,545,FC Metz,FC Metz,FCM,https://crests.football-data.org/545.png,529,Stade Rennais FC 1901,Stade Rennais,REN,https://crests.football-data.org/529.png,,REGULAR,,,,,Activate Odds-Package in User-Panel to retrieve odds.,,,,,,
542527,2025-11-30T00:00:00Z,SCHEDULED,14,REGULAR_SEASON,,2025-08-13T08:23:18Z,[],2081,France,FRA,https://crests.football-data.org/773.svg,2015,Ligue 1,FL1,LEAGUE,https://crests.football-data.org/FL1.png,2420,2025-08-17,2026-05-16,2,,1045,Paris FC,Paris FC,PFC,https://crests.football-data.org/1045.png,519,AJ Auxerre,Auxerre,AJA,https://crests.football-data.org/519.png,,REGULAR,,,,,Activate Odds-Package in User-Panel to retrieve odds.,,,,,,
542528,2025-11-30T00:00:00Z,SCHEDULED,14,REGULAR_SEASON,,2025-08-13T08:22:25Z,[],2081,France,FRA,https://crests.football-data.org/773.svg,2015,Ligue 1,FL1,LEAGUE,https://crests.football-data.org/FL1.png,2420,2025-08-17,2026-05-16,2,,523,Olympique Lyonnais,Olympique Lyon,LYO,https://crests.football-data.org/523.png,543,FC Nantes,Nantes,NAN,https://crests.football-data.org/543.png,,REGULAR,,,,,Activate Odds-Package in User-Panel to retrieve odds.,,,,,,
542529,2025-11-30T00:00:00Z,SCHEDULED,14,REGULAR_SEASON,,2025-08-13T08:22:25Z,[],2081,France,FRA,https://crests.football-data.org/773.svg,2015,Ligue 1,FL1,LEAGUE,https://crests.football-data.org/FL1.png,2420,2025-08-17,2026-05-16,2,,516,Olympique de Marseille,Marseille,MAR,https://crests.football-data.org/516.png,511,Toulouse FC,Toulouse,TOU,https://crests.football-data.org/511.png,,REGULAR,,,,,Activate Odds-Package in User-Panel to retrieve odds.,,,,,,
542530,2025-11-30T00:00:00Z,SCHEDULED,14,REGULAR_SEASON,,2025-08-13T08:22:24Z,[],2081,France,FRA,https://crests.football-data.org/773.svg,2015,Ligue 1,FL1,LEAGUE,https://crests.football-data.org/FL1.png,2420,2025-08-17,2026-05-16,2,,576,RC Strasbourg Alsace,Strasbourg,RC ,https://crests.football-data.org/576.png,512,Stade Brestois 29,Brest,BRE,https://crests.football-data.org/512.png,,REGULAR,,,,,Activate Odds-Package in User-Panel to retrieve odds.,,,,,,
542531,2025-11-30T00:00:00Z,SCHEDULED,14,REGULAR_SEASON,,2025-08-13T08:22:25Z,[],2081,France,FRA,https://crests.football-data.org/773.svg,2015,Ligue 1,FL1,LEAGUE,https://crests.football-data.org/FL1.png,2420,2025-08-17,2026-05-16,2,,532,Angers SCO,Angers SCO,ANG,https://crests.football-data.org/532.png,546,Racing Club de Lens,RC Lens,RCL,https://crests.football-data.org/546.png,,REGULAR,,,,,Activate Odds-Package in User-Panel to retrieve odds.,,,,,,
542532,2025-12-07T00:00:00Z,SCHEDULED,15,REGULAR_SEASON,,2025-08-13T08:22:25Z,[],2081,France,FRA,https://crests.football-data.org/773.svg,2015,Ligue 1,FL1,LEAGUE,https://crests.football-data.org/FL1.png,2420,2025-08-17,2026-05-16,2,,533,Le Havre AC,Le Havre,HAC,https://crests.football-data.org/533.png,1045,Paris FC,Paris FC,PFC,https://crests.football-data.org/1045.png,,REGULAR,,,,,Activate Odds-Package in User-Panel to retrieve odds.,,,,,,
542533,2025-12-07T00:00:00Z,SCHEDULED,15,REGULAR_SEASON,,2025-08-13T08:22:25Z,[],2081,France,FRA,https://crests.football-data.org/773.svg,2015,Ligue 1,FL1,LEAGUE,https://crests.football-data.org/FL1.png,2420,2025-08-17,2026-05-16,2,,519,AJ Auxerre,Auxerre,AJA,https://crests.football-data.org/519.png,545,FC Metz,FC Metz,FCM,https://crests.football-data.org/545.png,,REGULAR,,,,,Activate Odds-Package in User-Panel to retrieve odds.,,,,,,
542534,2025-12-07T00:00:00Z,SCHEDULED,15,REGULAR_SEASON,,2025-08-13T08:22:25Z,[],2081,France,FRA,https://crests.football-data.org/773.svg,2015,Ligue 1,FL1,LEAGUE,https://crests.football-data.org/FL1.png,2420,2025-08-17,2026-05-16,2,,525,FC Lorient,Lorient,FCL,https://crests.football-data.org/525.png,523,Olympique Lyonnais,Olympique Lyon,LYO,https://crests.football-data.org/523.png,,REGULAR,,,,,Activate Odds-Package in User-Panel to retrieve odds.,,,,,,
542535,2025-12-07T00:00:00Z,SCHEDULED,15,REGULAR_SEASON,,2025-08-13T08:22:25Z,[],2081,France,FRA,https://crests.football-data.org/773.svg,2015,Ligue 1,FL1,LEAGUE,https://crests.football-data.org/FL1.png,2420,2025-08-17,2026-05-16,2,,543,FC Nantes,Nantes,NAN,https://crests.football-data.org/543.png,546,Racing Club de Lens,RC Lens,RCL,https://crests.football-data.org/546.png,,REGULAR,,,,,Activate Odds-Package in User-Panel to retrieve odds.,,,,,,
542536,2025-12-07T00:00:00Z,SCHEDULED,15,REGULAR_SEASON,,2025-08-13T08:22:25Z,[],2081,France,FRA,https://crests.football-data.org/773.svg,2015,Ligue 1,FL1,LEAGUE,https://crests.football-data.org/FL1.png,2420,2025-08-17,2026-05-16,2,,511,Toulouse FC,Toulouse,TOU,https://crests.football-data.org/511.png,576,RC Strasbourg Alsace,Strasbourg,RC ,https://crests.football-data.org/576.png,,REGULAR,,,,,Activate Odds-Package in User-Panel to retrieve odds.,,,,,,
542537,2025-12-07T00:00:00Z,SCHEDULED,15,REGULAR_SEASON,,2025-08-13T08:22:25Z,[],2081,France,FRA,https://crests.football-data.org/773.svg,2015,Ligue 1,FL1,LEAGUE,https://crests.football-data.org/FL1.png,2420,2025-08-17,2026-05-16,2,,522,OGC Nice,Nice,NIC,https://crests.football-data.org/522.png,532,Angers SCO,Angers SCO,ANG,https://crests.football-data.org/532.png,,REGULAR,,,,,Activate Odds-Package in User-Panel to retrieve odds.,,,,,,
542538,2025-12-07T00:00:00Z,SCHEDULED,15,REGULAR_SEASON,,2025-08-13T08:22:25Z,[],2081,France,FRA,https://crests.football-data.org/773.svg,2015,Ligue 1,FL1,LEAGUE,https://crests.football-data.org/FL1.png,2420,2025-08-17,2026-05-16,2,,521,Lille OSC,Lille,LIL,https://crests.football-data.org/521.png,516,Olympique de Marseille,Marseille,MAR,https://crests.football-data.org/516.png,,REGULAR,,,,,Activate Odds-Package in User-Panel to retrieve odds.,,,,,,
542539,2025-12-07T00:00:00Z,SCHEDULED,15,REGULAR_SEASON,,2025-08-23T00:20:52Z,[],2081,France,FRA,https://crests.football-data.org/773.svg,2015,Ligue 1,FL1,LEAGUE,https://crests.football-data.org/FL1.png,2420,2025-08-17,2026-05-16,2,,524,Paris Saint-Germain FC,PSG,PSG,https://crests.football-data.org/524.png,529,Stade Rennais FC 1901,Stade Rennais,REN,https://crests.football-data.org/529.png,,REGULAR,,,,,Activate Odds-Package in User-Panel to retrieve odds.,,,,,,
542540,2025-12-07T00:00:00Z,SCHEDULED,15,REGULAR_SEASON,,2025-08-13T08:22:25Z,[],2081,France,FRA,https://crests.football-data.org/773.svg,2015,Ligue 1,FL1,LEAGUE,https://crests.football-data.org/FL1.png,2420,2025-08-17,2026-05-16,2,,512,Stade Brestois 29,Brest,BRE,https://crests.football-data.org/512.png,548,AS Monaco FC,Monaco,ASM,https://crests.football-data.org/548.png,,REGULAR,,,,,Activate Odds-Package in User-Panel to retrieve odds.,,,,,,
542541,2025-12-14T00:00:00Z,SCHEDULED,16,REGULAR_SEASON,,2025-08-13T08:22:25Z,[],2081,France,FRA,https://crests.football-data.org/773.svg,2015,Ligue 1,FL1,LEAGUE,https://crests.football-data.org/FL1.png,2420,2025-08-17,2026-05-16,2,,519,AJ Auxerre,Auxerre,AJA,https://crests.football-data.org/519.png,521,Lille OSC,Lille,LIL,https://crests.football-data.org/521.png,,REGULAR,,,,,Activate Odds-Package in User-Panel to retrieve odds.,,,,,,
542542,2025-12-14T00:00:00Z,SCHEDULED,16,REGULAR_SEASON,,2025-08-23T00:20:52Z,[],2081,France,FRA,https://crests.football-data.org/773.svg,2015,Ligue 1,FL1,LEAGUE,https://crests.football-data.org/FL1.png,2420,2025-08-17,2026-05-16,2,,545,FC Metz,FC Metz,FCM,https://crests.football-data.org/545.png,524,Paris Saint-Germain FC,PSG,PSG,https://crests.football-data.org/524.png,,REGULAR,,,,,Activate Odds-Package in User-Panel to retrieve odds.,,,,,,
542543,2025-12-14T00:00:00Z,SCHEDULED,16,REGULAR_SEASON,,2025-08-13T08:23:18Z,[],2081,France,FRA,https://crests.football-data.org/773.svg,2015,Ligue 1,FL1,LEAGUE,https://crests.football-data.org/FL1.png,2420,2025-08-17,2026-05-16,2,,1045,Paris FC,Paris FC,PFC,https://crests.football-data.org/1045.png,511,Toulouse FC,Toulouse,TOU,https://crests.football-data.org/511.png,,REGULAR,,,,,Activate Odds-Package in User-Panel to retrieve odds.,,,,,,
542544,2025-12-14T00:00:00Z,SCHEDULED,16,REGULAR_SEASON,,2025-08-13T08:22:25Z,[],2081,France,FRA,https://crests.football-data.org/773.svg,2015,Ligue 1,FL1,LEAGUE,https://crests.football-data.org/FL1.png,2420,2025-08-17,2026-05-16,2,,523,Olympique Lyonnais,Olympique Lyon,LYO,https://crests.football-data.org/523.png,533,Le Havre AC,Le Havre,HAC,https://crests.football-data.org/533.png,,REGULAR,,,,,Activate Odds-Package in User-Panel to retrieve odds.,,,,,,
542545,2025-12-14T00:00:00Z,SCHEDULED,16,REGULAR_SEASON,,2025-08-13T08:22:25Z,[],2081,France,FRA,https://crests.football-data.org/773.svg,2015,Ligue 1,FL1,LEAGUE,https://crests.football-data.org/FL1.png,2420,2025-08-17,2026-05-16,2,,516,Olympique de Marseille,Marseille,MAR,https://crests.football-data.org/516.png,548,AS Monaco FC,Monaco,ASM,https://crests.football-data.org/548.png,,REGULAR,,,,,Activate Odds-Package in User-Panel to retrieve odds.,,,,,,
542546,2025-12-14T00:00:00Z,SCHEDULED,16,REGULAR_SEASON,,2025-08-13T08:22:25Z,[],2081,France,FRA,https://crests.football-data.org/773.svg,2015,Ligue 1,FL1,LEAGUE,https://crests.football-data.org/FL1.png,2420,2025-08-17,2026-05-16,2,,576,RC Strasbourg Alsace,Strasbourg,RC ,https://crests.football-data.org/576.png,525,FC Lorient,Lorient,FCL,https://crests.football-data.org/525.png,,REGULAR,,,,,Activate Odds-Package in User-Panel to retrieve odds.,,,,,,
542547,2025-12-14T00:00:00Z,SCHEDULED,16,REGULAR_SEASON,,2025-08-13T08:22:25Z,[],2081,France,FRA,https://crests.football-data.org/773.svg,2015,Ligue 1,FL1,LEAGUE,https://crests.football-data.org/FL1.png,2420,2025-08-17,2026-05-16,2,,546,Racing Club de Lens,RC Lens,RCL,https://crests.football-data.org/546.png,522,OGC Nice,Nice,NIC,https://crests.football-data.org/522.png,,REGULAR,,,,,Activate Odds-Package in User-Panel to retrieve odds.,,,,,,
542548,2025-12-14T00:00:00Z,SCHEDULED,16,REGULAR_SEASON,,2025-08-13T08:22:25Z,[],2081,France,FRA,https://crests.football-data.org/773.svg,2015,Ligue 1,FL1,LEAGUE,https://crests.football-data.org/FL1.png,2420,2025-08-17,2026-05-16,2,,532,Angers SCO,Angers SCO,ANG,https://crests.football-data.org/532.png,543,FC Nantes,Nantes,NAN,https://crests.football-data.org/543.png,,REGULAR,,,,,Activate Odds-Package in User-Panel to retrieve odds.,,,,,,
542549,2025-12-14T00:00:00Z,SCHEDULED,16,REGULAR_SEASON,,2025-08-13T08:22:25Z,[],2081,France,FRA,https://crests.football-data.org/773.svg,2015,Ligue 1,FL1,LEAGUE,https://crests.football-data.org/FL1.png,2420,2025-08-17,2026-05-16,2,,529,Stade Rennais FC 1901,Stade Rennais,REN,https://crests.football-data.org/529.png,512,Stade Brestois 29,Brest,BRE,https://crests.football-data.org/512.png,,REGULAR,,,,,Activate Odds-Package in User-Panel to retrieve odds.,,,,,,
542550,2026-01-04T00:00:00Z,SCHEDULED,17,REGULAR_SEASON,,2025-08-13T08:22:25Z,[],2081,France,FRA,https://crests.football-data.org/773.svg,2015,Ligue 1,FL1,LEAGUE,https://crests.football-data.org/FL1.png,2420,2025-08-17,2026-05-16,2,,533,Le Havre AC,Le Havre,HAC,https://crests.football-data.org/533.png,532,Angers SCO,Angers SCO,ANG,https://crests.football-data.org/532.png,,REGULAR,,,,,Activate Odds-Package in User-Panel to retrieve odds.,,,,,,
542551,2026-01-04T00:00:00Z,SCHEDULED,17,REGULAR_SEASON,,2025-08-13T08:22:25Z,[],2081,France,FRA,https://crests.football-data.org/773.svg,2015,Ligue 1,FL1,LEAGUE,https://crests.football-data.org/FL1.png,2420,2025-08-17,2026-05-16,2,,548,AS Monaco FC,Monaco,ASM,https://crests.football-data.org/548.png,523,Olympique Lyonnais,Olympique Lyon,LYO,https://crests.football-data.org/523.png,,REGULAR,,,,,Activate Odds-Package in User-Panel to retrieve odds.,,,,,,
542552,2026-01-04T00:00:00Z,SCHEDULED,17,REGULAR_SEASON,,2025-08-13T08:22:24Z,[],2081,France,FRA,https://crests.football-data.org/773.svg,2015,Ligue 1,FL1,LEAGUE,https://crests.football-data.org/FL1.png,2420,2025-08-17,2026-05-16,2,,525,FC Lorient,Lorient,FCL,https://crests.football-data.org/525.png,545,FC Metz,FC Metz,FCM,https://crests.football-data.org/545.png,,REGULAR,,,,,Activate Odds-Package in User-Panel to retrieve odds.,,,,,,
542553,2026-01-04T00:00:00Z,SCHEDULED,17,REGULAR_SEASON,,2025-08-13T08:22:25Z,[],2081,France,FRA,https://crests.football-data.org/773.svg,2015,Ligue 1,FL1,LEAGUE,https://crests.football-data.org/FL1.png,2420,2025-08-17,2026-05-16,2,,511,Toulouse FC,Toulouse,TOU,https://crests.football-data.org/511.png,546,Racing Club de Lens,RC Lens,RCL,https://crests.football-data.org/546.png,,REGULAR,,,,,Activate Odds-Package in User-Panel to retrieve odds.,,,,,,
542554,2026-01-04T00:00:00Z,SCHEDULED,17,REGULAR_SEASON,,2025-08-13T08:22:25Z,[],2081,France,FRA,https://crests.football-data.org/773.svg,2015,Ligue 1,FL1,LEAGUE,https://crests.football-data.org/FL1.png,2420,2025-08-17,2026-05-16,2,,522,OGC Nice,Nice,NIC,https://crests.football-data.org/522.png,576,RC Strasbourg Alsace,Strasbourg,RC ,https://crests.football-data.org/576.png,,REGULAR,,,,,Activate Odds-Package in User-Panel to retrieve odds.,,,,,,
542555,2026-01-04T00:00:00Z,SCHEDULED,17,REGULAR_SEASON,,2025-08-13T08:22:24Z,[],2081,France,FRA,https://crests.football-data.org/773.svg,2015,Ligue 1,FL1,LEAGUE,https://crests.football-data.org/FL1.png,2420,2025-08-17,2026-05-16,2,,516,Olympique de Marseille,Marseille,MAR,https://crests.football-data.org/516.png,543,FC Nantes,Nantes,NAN,https://crests.football-data.org/543.png,,REGULAR,,,,,Activate Odds-Package in User-Panel to retrieve odds.,,,,,,
542556,2026-01-04T00:00:00Z,SCHEDULED,17,REGULAR_SEASON,,2025-08-13T08:22:24Z,[],2081,France,FRA,https://crests.football-data.org/773.svg,2015,Ligue 1,FL1,LEAGUE,https://crests.football-data.org/FL1.png,2420,2025-08-17,2026-05-16,2,,521,Lille OSC,Lille,LIL,https://crests.football-data.org/521.png,529,Stade Rennais FC 1901,Stade Rennais,REN,https://crests.football-data.org/529.png,,REGULAR,,,,,Activate Odds-Package in User-Panel to retrieve odds.,,,,,,
542557,2026-01-04T00:00:00Z,SCHEDULED,17,REGULAR_SEASON,,2025-08-23T00:20:52Z,[],2081,France,FRA,https://crests.football-data.org/773.svg,2015,Ligue 1,FL1,LEAGUE,https://crests.football-data.org/FL1.png,2420,2025-08-17,2026-05-16,2,,524,Paris Saint-Germain FC,PSG,PSG,https://crests.football-data.org/524.png,1045,Paris FC,Paris FC,PFC,https://crests.football-data.org/1045.png,,REGULAR,,,,,Activate Odds-Package in User-Panel to retrieve odds.,,,,,,
542558,2026-01-04T00:00:00Z,SCHEDULED,17,REGULAR_SEASON,,2025-08-13T08:22:25Z,[],2081,France,FRA,https://crests.football-data.org/773.svg,2015,Ligue 1,FL1,LEAGUE,https://crests.football-data.org/FL1.png,2420,2025-08-17,2026-05-16,2,,512,Stade Brestois 29,Brest,BRE,https://crests.football-data.org/512.png,519,AJ Auxerre,Auxerre,AJA,https://crests.football-data.org/519.png,,REGULAR,,,,,Activate Odds-Package in User-Panel to retrieve odds.,,,,,,
542559,2026-01-18T00:00:00Z,SCHEDULED,18,REGULAR_SEASON,,2025-08-13T08:22:24Z,[],2081,France,FRA,https://crests.football-data.org/773.svg,2015,Ligue 1,FL1,LEAGUE,https://crests.football-data.org/FL1.png,2420,2025-08-17,2026-05-16,2,,548,AS Monaco FC,Monaco,ASM,https://crests.football-data.org/548.png,525,FC Lorient,Lorient,FCL,https://crests.football-data.org/525.png,,REGULAR,,,,,Activate Odds-Package in User-Panel to retrieve odds.,,,,,,
542560,2026-01-18T00:00:00Z,SCHEDULED,18,REGULAR_SEASON,,2025-08-13T08:22:24Z,[],2081,France,FRA,https://crests.football-data.org/773.svg,2015,Ligue 1,FL1,LEAGUE,https://crests.football-data.org/FL1.png,2420,2025-08-17,2026-05-16,2,,543,FC Nantes,Nantes,NAN,https://crests.football-data.org/543.png,1045,Paris FC,Paris FC,PFC,https://crests.football-data.org/1045.png,,REGULAR,,,,,Activate Odds-Package in User-Panel to retrieve odds.,,,,,,
542561,2026-01-18T00:00:00Z,SCHEDULED,18,REGULAR_SEASON,,2025-08-13T08:22:25Z,[],2081,France,FRA,https://crests.football-data.org/773.svg,2015,Ligue 1,FL1,LEAGUE,https://crests.football-data.org/FL1.png,2420,2025-08-17,2026-05-16,2,,511,Toulouse FC,Toulouse,TOU,https://crests.football-data.org/511.png,522,OGC Nice,Nice,NIC,https://crests.football-data.org/522.png,,REGULAR,,,,,Activate Odds-Package in User-Panel to retrieve odds.,,,,,,
542562,2026-01-18T00:00:00Z,SCHEDULED,18,REGULAR_SEASON,,2025-08-13T08:22:25Z,[],2081,France,FRA,https://crests.football-data.org/773.svg,2015,Ligue 1,FL1,LEAGUE,https://crests.football-data.org/FL1.png,2420,2025-08-17,2026-05-16,2,,523,Olympique Lyonnais,Olympique Lyon,LYO,https://crests.football-data.org/523.png,512,Stade Brestois 29,Brest,BRE,https://crests.football-data.org/512.png,,REGULAR,,,,,Activate Odds-Package in User-Panel to retrieve odds.,,,,,,
542563,2026-01-18T00:00:00Z,SCHEDULED,18,REGULAR_SEASON,,2025-08-23T00:20:52Z,[],2081,France,FRA,https://crests.football-data.org/773.svg,2015,Ligue 1,FL1,LEAGUE,https://crests.football-data.org/FL1.png,2420,2025-08-17,2026-05-16,2,,524,Paris Saint-Germain FC,PSG,PSG,https://crests.football-data.org/524.png,521,Lille OSC,Lille,LIL,https://crests.football-data.org/521.png,,REGULAR,,,,,Activate Odds-Package in User-Panel to retrieve odds.,,,,,,
542564,2026-01-18T00:00:00Z,SCHEDULED,18,REGULAR_SEASON,,2025-08-13T08:22:24Z,[],2081,France,FRA,https://crests.football-data.org/773.svg,2015,Ligue 1,FL1,LEAGUE,https://crests.football-data.org/FL1.png,2420,2025-08-17,2026-05-16,2,,576,RC Strasbourg Alsace,Strasbourg,RC ,https://crests.football-data.org/576.png,545,FC Metz,FC Metz,FCM,https://crests.football-data.org/545.png,,REGULAR,,,,,Activate Odds-Package in User-Panel to retrieve odds.,,,,,,
542565,2026-01-18T00:00:00Z,SCHEDULED,18,REGULAR_SEASON,,2025-08-13T08:22:25Z,[],2081,France,FRA,https://crests.football-data.org/773.svg,2015,Ligue 1,FL1,LEAGUE,https://crests.football-data.org/FL1.png,2420,2025-08-17,2026-05-16,2,,546,Racing Club de Lens,RC Lens,RCL,https://crests.football-data.org/546.png,519,AJ Auxerre,Auxerre,AJA,https://crests.football-data.org/519.png,,REGULAR,,,,,Activate Odds-Package in User-Panel to retrieve odds.,,,,,,
542566,2026-01-18T00:00:00Z,SCHEDULED,18,REGULAR_SEASON,,2025-08-13T08:22:25Z,[],2081,France,FRA,https://crests.football-data.org/773.svg,2015,Ligue 1,FL1,LEAGUE,https://crests.football-data.org/FL1.png,2420,2025-08-17,2026-05-16,2,,532,Angers SCO,Angers SCO,ANG,https://crests.football-data.org/532.png,516,Olympique de Marseille,Marseille,MAR,https://crests.football-data.org/516.png,,REGULAR,,,,,Activate Odds-Package in User-Panel to retrieve odds.,,,,,,
542567,2026-01-18T00:00:00Z,SCHEDULED,18,REGULAR_SEASON,,2025-08-13T08:22:24Z,[],2081,France,FRA,https://crests.football-data.org/773.svg,2015,Ligue 1,FL1,LEAGUE,https://crests.football-data.org/FL1.png,2420,2025-08-17,2026-05-16,2,,529,Stade Rennais FC 1901,Stade Rennais,REN,https://crests.football-data.org/529.png,533,Le Havre AC,Le Havre,HAC,https://crests.football-data.org/533.png,,REGULAR,,,,,Activate Odds-Package in User-Panel to retrieve odds.,,,,,,
542568,2026-01-25T00:00:00Z,SCHEDULED,19,REGULAR_SEASON,,2025-08-13T08:22:24Z,[],2081,France,FRA,https://crests.football-data.org/773.svg,2015,Ligue 1,FL1,LEAGUE,https://crests.football-data.org/FL1.png,2420,2025-08-17,2026-05-16,2,,533,Le Havre AC,Le Havre,HAC,https://crests.football-data.org/533.png,548,AS Monaco FC,Monaco,ASM,https://crests.football-data.org/548.png,,REGULAR,,,,,Activate Odds-Package in User-Panel to retrieve odds.,,,,,,
542569,2026-01-25T00:00:00Z,SCHEDULED,19,REGULAR_SEASON,,2025-08-23T00:20:52Z,[],2081,France,FRA,https://crests.football-data.org/773.svg,2015,Ligue 1,FL1,LEAGUE,https://crests.football-data.org/FL1.png,2420,2025-08-17,2026-05-16,2,,519,AJ Auxerre,Auxerre,AJA,https://crests.football-data.org/519.png,524,Paris Saint-Germain FC,PSG,PSG,https://crests.football-data.org/524.png,,REGULAR,,,,,Activate Odds-Package in User-Panel to retrieve odds.,,,,,,
542570,2026-01-25T00:00:00Z,SCHEDULED,19,REGULAR_SEASON,,2025-08-13T08:22:25Z,[],2081,France,FRA,https://crests.football-data.org/773.svg,2015,Ligue 1,FL1,LEAGUE,https://crests.football-data.org/FL1.png,2420,2025-08-17,2026-05-16,2,,545,FC Metz,FC Metz,FCM,https://crests.football-data.org/545.png,523,Olympique Lyonnais,Olympique Lyon,LYO,https://crests.football-data.org/523.png,,REGULAR,,,,,Activate Odds-Package in User-Panel to retrieve odds.,,,,,,
542571,2026-01-25T00:00:00Z,SCHEDULED,19,REGULAR_SEASON,,2025-08-13T08:22:24Z,[],2081,France,FRA,https://crests.football-data.org/773.svg,2015,Ligue 1,FL1,LEAGUE,https://crests.football-data.org/FL1.png,2420,2025-08-17,2026-05-16,2,,543,FC Nantes,Nantes,NAN,https://crests.football-data.org/543.png,522,OGC Nice,Nice,NIC,https://crests.football-data.org/522.png,,REGULAR,,,,,Activate Odds-Package in User-Panel to retrieve odds.,,,,,,
542572,2026-01-25T00:00:00Z,SCHEDULED,19,REGULAR_SEASON,,2025-08-13T08:23:18Z,[],2081,France,FRA,https://crests.football-data.org/773.svg,2015,Ligue 1,FL1,LEAGUE,https://crests.football-data.org/FL1.png,2420,2025-08-17,2026-05-16,2,,1045,Paris FC,Paris FC,PFC,https://crests.football-data.org/1045.png,532,Angers SCO,Angers SCO,ANG,https://crests.football-data.org/532.png,,REGULAR,,,,,Activate Odds-Package in User-Panel to retrieve odds.,,,,,,
542573,2026-01-25T00:00:00Z,SCHEDULED,19,REGULAR_SEASON,,2025-08-13T08:22:25Z,[],2081,France,FRA,https://crests.football-data.org/773.svg,2015,Ligue 1,FL1,LEAGUE,https://crests.football-data.org/FL1.png,2420,2025-08-17,2026-05-16,2,,516,Olympique de Marseille,Marseille,MAR,https://crests.football-data.org/516.png,546,Racing Club de Lens,RC Lens,RCL,https://crests.football-data.org/546.png,,REGULAR,,,,,Activate Odds-Package in User-Panel to retrieve odds.,,,,,,
542574,2026-01-25T00:00:00Z,SCHEDULED,19,REGULAR_SEASON,,2025-08-13T08:22:24Z,[],2081,France,FRA,https://crests.football-data.org/773.svg,2015,Ligue 1,FL1,LEAGUE,https://crests.football-data.org/FL1.png,2420,2025-08-17,2026-05-16,2,,521,Lille OSC,Lille,LIL,https://crests.football-data.org/521.png,576,RC Strasbourg Alsace,Strasbourg,RC ,https://crests.football-data.org/576.png,,REGULAR,,,,,Activate Odds-Package in User-Panel to retrieve odds.,,,,,,
542575,2026-01-25T00:00:00Z,SCHEDULED,19,REGULAR_SEASON,,2025-08-13T08:22:25Z,[],2081,France,FRA,https://crests.football-data.org/773.svg,2015,Ligue 1,FL1,LEAGUE,https://crests.football-data.org/FL1.png,2420,2025-08-17,2026-05-16,2,,512,Stade Brestois 29,Brest,BRE,https://crests.football-data.org/512.png,511,Toulouse FC,Toulouse,TOU,https://crests.football-data.org/511.png,,REGULAR,,,,,Activate Odds-Package in User-Panel to retrieve odds.,,,,,,
542576,2026-01-25T00:00:00Z,SCHEDULED,19,REGULAR_SEASON,,2025-08-13T08:22:25Z,[],2081,France,FRA,https://crests.football-data.org/773.svg,2015,Ligue 1,FL1,LEAGUE,https://crests.football-data.org/FL1.png,2420,2025-08-17,2026-05-16,2,,529,Stade Rennais FC 1901,Stade Rennais,REN,https://crests.football-data.org/529.png,525,FC Lorient,Lorient,FCL,https://crests.football-data.org/525.png,,REGULAR,,,,,Activate Odds-Package in User-Panel to retrieve odds.,,,,,,
542577,2026-02-01T00:00:00Z,SCHEDULED,20,REGULAR_SEASON,,2025-08-13T08:22:25Z,[],2081,France,FRA,https://crests.football-data.org/773.svg,2015,Ligue 1,FL1,LEAGUE,https://crests.football-data.org/FL1.png,2420,2025-08-17,2026-05-16,2,,548,AS Monaco FC,Monaco,ASM,https://crests.football-data.org/548.png,529,Stade Rennais FC 1901,Stade Rennais,REN,https://crests.football-data.org/529.png,,REGULAR,,,,,Activate Odds-Package in User-Panel to retrieve odds.,,,,,,
542578,2026-02-01T00:00:00Z,SCHEDULED,20,REGULAR_SEASON,,2025-08-13T08:22:25Z,[],2081,France,FRA,https://crests.football-data.org/773.svg,2015,Ligue 1,FL1,LEAGUE,https://crests.football-data.org/FL1.png,2420,2025-08-17,2026-05-16,2,,525,FC Lorient,Lorient,FCL,https://crests.football-data.org/525.png,543,FC Nantes,Nantes,NAN,https://crests.football-data.org/543.png,,REGULAR,,,,,Activate Odds-Package in User-Panel to retrieve odds.,,,,,,
542579,2026-02-01T00:00:00Z,SCHEDULED,20,REGULAR_SEASON,,2025-08-13T08:23:18Z,[],2081,France,FRA,https://crests.football-data.org/773.svg,2015,Ligue 1,FL1,LEAGUE,https://crests.football-data.org/FL1.png,2420,2025-08-17,2026-05-16,2,,1045,Paris FC,Paris FC,PFC,https://crests.football-data.org/1045.png,516,Olympique de Marseille,Marseille,MAR,https://crests.football-data.org/516.png,,REGULAR,,,,,Activate Odds-Package in User-Panel to retrieve odds.,,,,,,
542580,2026-02-01T00:00:00Z,SCHEDULED,20,REGULAR_SEASON,,2025-08-13T08:22:25Z,[],2081,France,FRA,https://crests.football-data.org/773.svg,2015,Ligue 1,FL1,LEAGUE,https://crests.football-data.org/FL1.png,2420,2025-08-17,2026-05-16,2,,511,Toulouse FC,Toulouse,TOU,https://crests.football-data.org/511.png,519,AJ Auxerre,Auxerre,AJA,https://crests.football-data.org/519.png,,REGULAR,,,,,Activate Odds-Package in User-Panel to retrieve odds.,,,,,,
542581,2026-02-01T00:00:00Z,SCHEDULED,20,REGULAR_SEASON,,2025-08-13T08:22:25Z,[],2081,France,FRA,https://crests.football-data.org/773.svg,2015,Ligue 1,FL1,LEAGUE,https://crests.football-data.org/FL1.png,2420,2025-08-17,2026-05-16,2,,522,OGC Nice,Nice,NIC,https://crests.football-data.org/522.png,512,Stade Brestois 29,Brest,BRE,https://crests.football-data.org/512.png,,REGULAR,,,,,Activate Odds-Package in User-Panel to retrieve odds.,,,,,,
542582,2026-02-01T00:00:00Z,SCHEDULED,20,REGULAR_SEASON,,2025-08-13T08:22:24Z,[],2081,France,FRA,https://crests.football-data.org/773.svg,2015,Ligue 1,FL1,LEAGUE,https://crests.football-data.org/FL1.png,2420,2025-08-17,2026-05-16,2,,523,Olympique Lyonnais,Olympique Lyon,LYO,https://crests.football-data.org/523.png,521,Lille OSC,Lille,LIL,https://crests.football-data.org/521.png,,REGULAR,,,,,Activate Odds-Package in User-Panel to retrieve odds.,,,,,,
542583,2026-02-01T00:00:00Z,SCHEDULED,20,REGULAR_SEASON,,2025-08-23T00:20:52Z,[],2081,France,FRA,https://crests.football-data.org/773.svg,2015,Ligue 1,FL1,LEAGUE,https://crests.football-data.org/FL1.png,2420,2025-08-17,2026-05-16,2,,576,RC Strasbourg Alsace,Strasbourg,RC ,https://crests.football-data.org/576.png,524,Paris Saint-Germain FC,PSG,PSG,https://crests.football-data.org/524.png,,REGULAR,,,,,Activate Odds-Package in User-Panel to retrieve odds.,,,,,,
542584,2026-02-01T00:00:00Z,SCHEDULED,20,REGULAR_SEASON,,2025-08-13T08:22:25Z,[],2081,France,FRA,https://crests.football-data.org/773.svg,2015,Ligue 1,FL1,LEAGUE,https://crests.football-data.org/FL1.png,2420,2025-08-17,2026-05-16,2,,546,Racing Club de Lens,RC Lens,RCL,https://crests.football-data.org/546.png,533,Le Havre AC,Le Havre,HAC,https://crests.football-data.org/533.png,,REGULAR,,,,,Activate Odds-Package in User-Panel to retrieve odds.,,,,,,
542585,2026-02-01T00:00:00Z,SCHEDULED,20,REGULAR_SEASON,,2025-08-13T08:22:25Z,[],2081,France,FRA,https://crests.football-data.org/773.svg,2015,Ligue 1,FL1,LEAGUE,https://crests.football-data.org/FL1.png,2420,2025-08-17,2026-05-16,2,,532,Angers SCO,Angers SCO,ANG,https://crests.football-data.org/532.png,545,FC Metz,FC Metz,FCM,https://crests.football-data.org/545.png,,REGULAR,,,,,Activate Odds-Package in User-Panel to retrieve odds.,,,,,,
542586,2026-02-08T00:00:00Z,SCHEDULED,21,REGULAR_SEASON,,2025-08-13T08:22:25Z,[],2081,France,FRA,https://crests.football-data.org/773.svg,2015,Ligue 1,FL1,LEAGUE,https://crests.football-data.org/FL1.png,2420,2025-08-17,2026-05-16,2,,533,Le Havre AC,Le Havre,HAC,https://crests.football-data.org/533.png,576,RC Strasbourg Alsace,Strasbourg,RC ,https://crests.football-data.org/576.png,,REGULAR,,,,,Activate Odds-Package in User-Panel to retrieve odds.,,,,,,
542587,2026-02-08T00:00:00Z,SCHEDULED,21,REGULAR_SEASON,,2025-08-13T08:22:25Z,[],2081,France,FRA,https://crests.football-data.org/773.svg,2015,Ligue 1,FL1,LEAGUE,https://crests.football-data.org/FL1.png,2420,2025-08-17,2026-05-16,2,,519,AJ Auxerre,Auxerre,AJA,https://crests.football-data.org/519.png,1045,Paris FC,Paris FC,PFC,https://crests.football-data.org/1045.png,,REGULAR,,,,,Activate Odds-Package in User-Panel to retrieve odds.,,,,,,
542588,2026-02-08T00:00:00Z,SCHEDULED,21,REGULAR_SEASON,,2025-08-13T08:22:24Z,[],2081,France,FRA,https://crests.football-data.org/773.svg,2015,Ligue 1,FL1,LEAGUE,https://crests.football-data.org/FL1.png,2420,2025-08-17,2026-05-16,2,,545,FC Metz,FC Metz,FCM,https://crests.football-data.org/545.png,521,Lille OSC,Lille,LIL,https://crests.football-data.org/521.png,,REGULAR,,,,,Activate Odds-Package in User-Panel to retrieve odds.,,,,,,
542589,2026-02-08T00:00:00Z,SCHEDULED,21,REGULAR_SEASON,,2025-08-13T08:22:24Z,[],2081,France,FRA,https://crests.football-data.org/773.svg,2015,Ligue 1,FL1,LEAGUE,https://crests.football-data.org/FL1.png,2420,2025-08-17,2026-05-16,2,,543,FC Nantes,Nantes,NAN,https://crests.football-data.org/543.png,523,Olympique Lyonnais,Olympique Lyon,LYO,https://crests.football-data.org/523.png,,REGULAR,,,,,Activate Odds-Package in User-Panel to retrieve odds.,,,,,,
542590,2026-02-08T00:00:00Z,SCHEDULED,21,REGULAR_SEASON,,2025-08-13T08:22:25Z,[],2081,France,FRA,https://crests.football-data.org/773.svg,2015,Ligue 1,FL1,LEAGUE,https://crests.football-data.org/FL1.png,2420,2025-08-17,2026-05-16,2,,522,OGC Nice,Nice,NIC,https://crests.football-data.org/522.png,548,AS Monaco FC,Monaco,ASM,https://crests.football-data.org/548.png,,REGULAR,,,,,Activate Odds-Package in User-Panel to retrieve odds.,,,,,,
542591,2026-02-08T00:00:00Z,SCHEDULED,21,REGULAR_SEASON,,2025-08-23T00:20:52Z,[],2081,France,FRA,https://crests.football-data.org/773.svg,2015,Ligue 1,FL1,LEAGUE,https://crests.football-data.org/FL1.png,2420,2025-08-17,2026-05-16,2,,524,Paris Saint-Germain FC,PSG,PSG,https://crests.football-data.org/524.png,516,Olympique de Marseille,Marseille,MAR,https://crests.football-data.org/516.png,,REGULAR,,,,,Activate Odds-Package in User-Panel to retrieve odds.,,,,,,
542592,2026-02-08T00:00:00Z,SCHEDULED,21,REGULAR_SEASON,,2025-08-13T08:22:24Z,[],2081,France,FRA,https://crests.football-data.org/773.svg,2015,Ligue 1,FL1,LEAGUE,https://crests.football-data.org/FL1.png,2420,2025-08-17,2026-05-16,2,,546,Racing Club de Lens,RC Lens,RCL,https://crests.football-data.org/546.png,529,Stade Rennais FC 1901,Stade Rennais,REN,https://crests.football-data.org/529.png,,REGULAR,,,,,Activate Odds-Package in User-Panel to retrieve odds.,,,,,,
542593,2026-02-08T00:00:00Z,SCHEDULED,21,REGULAR_SEASON,,2025-08-13T08:22:24Z,[],2081,France,FRA,https://crests.football-data.org/773.svg,2015,Ligue 1,FL1,LEAGUE,https://crests.football-data.org/FL1.png,2420,2025-08-17,2026-05-16,2,,532,Angers SCO,Angers SCO,ANG,https://crests.football-data.org/532.png,511,Toulouse FC,Toulouse,TOU,https://crests.football-data.org/511.png,,REGULAR,,,,,Activate Odds-Package in User-Panel to retrieve odds.,,,,,,
542594,2026-02-08T00:00:00Z,SCHEDULED,21,REGULAR_SEASON,,2025-08-13T08:22:25Z,[],2081,France,FRA,https://crests.football-data.org/773.svg,2015,Ligue 1,FL1,LEAGUE,https://crests.football-data.org/FL1.png,2420,2025-08-17,2026-05-16,2,,512,Stade Brestois 29,Brest,BRE,https://crests.football-data.org/512.png,525,FC Lorient,Lorient,FCL,https://crests.football-data.org/525.png,,REGULAR,,,,,Activate Odds-Package in User-Panel to retrieve odds.,,,,,,
542595,2026-02-15T00:00:00Z,SCHEDULED,22,REGULAR_SEASON,,2025-08-13T08:22:25Z,[],2081,France,FRA,https://crests.football-data.org/773.svg,2015,Ligue 1,FL1,LEAGUE,https://crests.football-data.org/FL1.png,2420,2025-08-17,2026-05-16,2,,533,Le Havre AC,Le Havre,HAC,https://crests.football-data.org/533.png,511,Toulouse FC,Toulouse,TOU,https://crests.football-data.org/511.png,,REGULAR,,,,,Activate Odds-Package in User-Panel to retrieve odds.,,,,,,
542596,2026-02-15T00:00:00Z,SCHEDULED,22,REGULAR_SEASON,,2025-08-13T08:22:25Z,[],2081,France,FRA,https://crests.football-data.org/773.svg,2015,Ligue 1,FL1,LEAGUE,https://crests.football-data.org/FL1.png,2420,2025-08-17,2026-05-16,2,,548,AS Monaco FC,Monaco,ASM,https://crests.football-data.org/548.png,543,FC Nantes,Nantes,NAN,https://crests.football-data.org/543.png,,REGULAR,,,,,Activate Odds-Package in User-Panel to retrieve odds.,,,,,,
542597,2026-02-15T00:00:00Z,SCHEDULED,22,REGULAR_SEASON,,2025-08-13T08:22:24Z,[],2081,France,FRA,https://crests.football-data.org/773.svg,2015,Ligue 1,FL1,LEAGUE,https://crests.football-data.org/FL1.png,2420,2025-08-17,2026-05-16,2,,525,FC Lorient,Lorient,FCL,https://crests.football-data.org/525.png,532,Angers SCO,Angers SCO,ANG,https://crests.football-data.org/532.png,,REGULAR,,,,,Activate Odds-Package in User-Panel to retrieve odds.,,,,,,
542598,2026-02-15T00:00:00Z,SCHEDULED,22,REGULAR_SEASON,,2025-08-13T08:22:25Z,[],2081,France,FRA,https://crests.football-data.org/773.svg,2015,Ligue 1,FL1,LEAGUE,https://crests.football-data.org/FL1.png,2420,2025-08-17,2026-05-16,2,,545,FC Metz,FC Metz,FCM,https://crests.football-data.org/545.png,519,AJ Auxerre,Auxerre,AJA,https://crests.football-data.org/519.png,,REGULAR,,,,,Activate Odds-Package in User-Panel to retrieve odds.,,,,,,
542599,2026-02-15T00:00:00Z,SCHEDULED,22,REGULAR_SEASON,,2025-08-13T08:23:18Z,[],2081,France,FRA,https://crests.football-data.org/773.svg,2015,Ligue 1,FL1,LEAGUE,https://crests.football-data.org/FL1.png,2420,2025-08-17,2026-05-16,2,,1045,Paris FC,Paris FC,PFC,https://crests.football-data.org/1045.png,546,Racing Club de Lens,RC Lens,RCL,https://crests.football-data.org/546.png,,REGULAR,,,,,Activate Odds-Package in User-Panel to retrieve odds.,,,,,,
542600,2026-02-15T00:00:00Z,SCHEDULED,22,REGULAR_SEASON,,2025-08-13T08:22:25Z,[],2081,France,FRA,https://crests.football-data.org/773.svg,2015,Ligue 1,FL1,LEAGUE,https://crests.football-data.org/FL1.png,2420,2025-08-17,2026-05-16,2,,523,Olympique Lyonnais,Olympique Lyon,LYO,https://crests.football-data.org/523.png,522,OGC Nice,Nice,NIC,https://crests.football-data.org/522.png,,REGULAR,,,,,Activate Odds-Package in User-Panel to retrieve odds.,,,,,,
542601,2026-02-15T00:00:00Z,SCHEDULED,22,REGULAR_SEASON,,2025-08-13T08:22:24Z,[],2081,France,FRA,https://crests.football-data.org/773.svg,2015,Ligue 1,FL1,LEAGUE,https://crests.football-data.org/FL1.png,2420,2025-08-17,2026-05-16,2,,516,Olympique de Marseille,Marseille,MAR,https://crests.football-data.org/516.png,576,RC Strasbourg Alsace,Strasbourg,RC ,https://crests.football-data.org/576.png,,REGULAR,,,,,Activate Odds-Package in User-Panel to retrieve odds.,,,,,,
542602,2026-02-15T00:00:00Z,SCHEDULED,22,REGULAR_SEASON,,2025-08-13T08:22:25Z,[],2081,France,FRA,https://crests.football-data.org/773.svg,2015,Ligue 1,FL1,LEAGUE,https://crests.football-data.org/FL1.png,2420,2025-08-17,2026-05-16,2,,521,Lille OSC,Lille,LIL,https://crests.football-data.org/521.png,512,Stade Brestois 29,Brest,BRE,https://crests.football-data.org/512.png,,REGULAR,,,,,Activate Odds-Package in User-Panel to retrieve odds.,,,,,,
542603,2026-02-15T00:00:00Z,SCHEDULED,22,REGULAR_SEASON,,2025-08-23T00:20:52Z,[],2081,France,FRA,https://crests.football-data.org/773.svg,2015,Ligue 1,FL1,LEAGUE,https://crests.football-data.org/FL1.png,2420,2025-08-17,2026-05-16,2,,529,Stade Rennais FC 1901,Stade Rennais,REN,https://crests.football-data.org/529.png,524,Paris Saint-Germain FC,PSG,PSG,https://crests.football-data.org/524.png,,REGULAR,,,,,Activate Odds-Package in User-Panel to retrieve odds.,,,,,,
542604,2026-02-22T00:00:00Z,SCHEDULED,23,REGULAR_SEASON,,2025-08-13T08:22:25Z,[],2081,France,FRA,https://crests.football-data.org/773.svg,2015,Ligue 1,FL1,LEAGUE,https://crests.football-data.org/FL1.png,2420,2025-08-17,2026-05-16,2,,519,AJ Auxerre,Auxerre,AJA,https://crests.football-data.org/519.png,529,Stade Rennais FC 1901,Stade Rennais,REN,https://crests.football-data.org/529.png,,REGULAR,,,,,Activate Odds-Package in User-Panel to retrieve odds.,,,,,,
542605,2026-02-22T00:00:00Z,SCHEDULED,23,REGULAR_SEASON,,2025-08-13T08:22:24Z,[],2081,France,FRA,https://crests.football-data.org/773.svg,2015,Ligue 1,FL1,LEAGUE,https://crests.football-data.org/FL1.png,2420,2025-08-17,2026-05-16,2,,543,FC Nantes,Nantes,NAN,https://crests.football-data.org/543.png,533,Le Havre AC,Le Havre,HAC,https://crests.football-data.org/533.png,,REGULAR,,,,,Activate Odds-Package in User-Panel to retrieve odds.,,,,,,
542606,2026-02-22T00:00:00Z,SCHEDULED,23,REGULAR_SEASON,,2025-08-13T08:22:25Z,[],2081,France,FRA,https://crests.football-data.org/773.svg,2015,Ligue 1,FL1,LEAGUE,https://crests.football-data.org/FL1.png,2420,2025-08-17,2026-05-16,2,,511,Toulouse FC,Toulouse,TOU,https://crests.football-data.org/511.png,1045,Paris FC,Paris FC,PFC,https://crests.football-data.org/1045.png,,REGULAR,,,,,Activate Odds-Package in User-Panel to retrieve odds.,,,,,,
542607,2026-02-22T00:00:00Z,SCHEDULED,23,REGULAR_SEASON,,2025-08-13T08:22:24Z,[],2081,France,FRA,https://crests.football-data.org/773.svg,2015,Ligue 1,FL1,LEAGUE,https://crests.football-data.org/FL1.png,2420,2025-08-17,2026-05-16,2,,522,OGC Nice,Nice,NIC,https://crests.football-data.org/522.png,525,FC Lorient,Lorient,FCL,https://crests.football-data.org/525.png,,REGULAR,,,,,Activate Odds-Package in User-Panel to retrieve odds.,,,,,,
542608,2026-02-22T00:00:00Z,SCHEDULED,23,REGULAR_SEASON,,2025-08-23T00:20:52Z,[],2081,France,FRA,https://crests.football-data.org/773.svg,2015,Ligue 1,FL1,LEAGUE,https://crests.football-data.org/FL1.png,2420,2025-08-17,2026-05-16,2,,524,Paris Saint-Germain FC,PSG,PSG,https://crests.football-data.org/524.png,545,FC Metz,FC Metz,FCM,https://crests.football-data.org/545.png,,REGULAR,,,,,Activate Odds-Package in User-Panel to retrieve odds.,,,,,,
542609,2026-02-22T00:00:00Z,SCHEDULED,23,REGULAR_SEASON,,2025-08-13T08:22:25Z,[],2081,France,FRA,https://crests.football-data.org/773.svg,2015,Ligue 1,FL1,LEAGUE,https://crests.football-data.org/FL1.png,2420,2025-08-17,2026-05-16,2,,576,RC Strasbourg Alsace,Strasbourg,RC ,https://crests.football-data.org/576.png,523,Olympique Lyonnais,Olympique Lyon,LYO,https://crests.football-data.org/523.png,,REGULAR,,,,,Activate Odds-Package in User-Panel to retrieve odds.,,,,,,
542610,2026-02-22T00:00:00Z,SCHEDULED,23,REGULAR_SEASON,,2025-08-13T08:22:24Z,[],2081,France,FRA,https://crests.football-data.org/773.svg,2015,Ligue 1,FL1,LEAGUE,https://crests.football-data.org/FL1.png,2420,2025-08-17,2026-05-16,2,,546,Racing Club de Lens,RC Lens,RCL,https://crests.football-data.org/546.png,548,AS Monaco FC,Monaco,ASM,https://crests.football-data.org/548.png,,REGULAR,,,,,Activate Odds-Package in User-Panel to retrieve odds.,,,,,,
542611,2026-02-22T00:00:00Z,SCHEDULED,23,REGULAR_SEASON,,2025-08-13T08:22:24Z,[],2081,France,FRA,https://crests.football-data.org/773.svg,2015,Ligue 1,FL1,LEAGUE,https://crests.football-data.org/FL1.png,2420,2025-08-17,2026-05-16,2,,532,Angers SCO,Angers SCO,ANG,https://crests.football-data.org/532.png,521,Lille OSC,Lille,LIL,https://crests.football-data.org/521.png,,REGULAR,,,,,Activate Odds-Package in User-Panel to retrieve odds.,,,,,,
542612,2026-02-22T00:00:00Z,SCHEDULED,23,REGULAR_SEASON,,2025-08-13T08:22:25Z,[],2081,France,FRA,https://crests.football-data.org/773.svg,2015,Ligue 1,FL1,LEAGUE,https://crests.football-data.org/FL1.png,2420,2025-08-17,2026-05-16,2,,512,Stade Brestois 29,Brest,BRE,https://crests.football-data.org/512.png,516,Olympique de Marseille,Marseille,MAR,https://crests.football-data.org/516.png,,REGULAR,,,,,Activate Odds-Package in User-Panel to retrieve odds.,,,,,,
542613,2026-03-01T00:00:00Z,SCHEDULED,24,REGULAR_SEASON,,2025-08-23T00:20:52Z,[],2081,France,FRA,https://crests.football-data.org/773.svg,2015,Ligue 1,FL1,LEAGUE,https://crests.football-data.org/FL1.png,2420,2025-08-17,2026-05-16,2,,533,Le Havre AC,Le Havre,HAC,https://crests.football-data.org/533.png,524,Paris Saint-Germain FC,PSG,PSG,https://crests.football-data.org/524.png,,REGULAR,,,,,Activate Odds-Package in User-Panel to retrieve odds.,,,,,,
542614,2026-03-01T00:00:00Z,SCHEDULED,24,REGULAR_SEASON,,2025-08-13T08:22:25Z,[],2081,France,FRA,https://crests.football-data.org/773.svg,2015,Ligue 1,FL1,LEAGUE,https://crests.football-data.org/FL1.png,2420,2025-08-17,2026-05-16,2,,548,AS Monaco FC,Monaco,ASM,https://crests.football-data.org/548.png,532,Angers SCO,Angers SCO,ANG,https://crests.football-data.org/532.png,,REGULAR,,,,,Activate Odds-Package in User-Panel to retrieve odds.,,,,,,
542615,2026-03-01T00:00:00Z,SCHEDULED,24,REGULAR_SEASON,,2025-08-13T08:22:25Z,[],2081,France,FRA,https://crests.football-data.org/773.svg,2015,Ligue 1,FL1,LEAGUE,https://crests.football-data.org/FL1.png,2420,2025-08-17,2026-05-16,2,,525,FC Lorient,Lorient,FCL,https://crests.football-data.org/525.png,519,AJ Auxerre,Auxerre,AJA,https://crests.football-data.org/519.png,,REGULAR,,,,,Activate Odds-Package in User-Panel to retrieve odds.,,,,,,
542616,2026-03-01T00:00:00Z,SCHEDULED,24,REGULAR_SEASON,,2025-08-13T08:22:25Z,[],2081,France,FRA,https://crests.football-data.org/773.svg,2015,Ligue 1,FL1,LEAGUE,https://crests.football-data.org/FL1.png,2420,2025-08-17,2026-05-16,2,,545,FC Metz,FC Metz,FCM,https://crests.football-data.org/545.png,512,Stade Brestois 29,Brest,BRE,https://crests.football-data.org/512.png,,REGULAR,,,,,Activate Odds-Package in User-Panel to retrieve odds.,,,,,,
542617,2026-03-01T00:00:00Z,SCHEDULED,24,REGULAR_SEASON,,2025-08-13T08:23:18Z,[],2081,France,FRA,https://crests.football-data.org/773.svg,2015,Ligue 1,FL1,LEAGUE,https://crests.football-data.org/FL1.png,2420,2025-08-17,2026-05-16,2,,1045,Paris FC,Paris FC,PFC,https://crests.football-data.org/1045.png,522,OGC Nice,Nice,NIC,https://crests.football-data.org/522.png,,REGULAR,,,,,Activate Odds-Package in User-Panel to retrieve odds.,,,,,,
542618,2026-03-01T00:00:00Z,SCHEDULED,24,REGULAR_SEASON,,2025-08-13T08:22:24Z,[],2081,France,FRA,https://crests.football-data.org/773.svg,2015,Ligue 1,FL1,LEAGUE,https://crests.football-data.org/FL1.png,2420,2025-08-17,2026-05-16,2,,516,Olympique de Marseille,Marseille,MAR,https://crests.football-data.org/516.png,523,Olympique Lyonnais,Olympique Lyon,LYO,https://crests.football-data.org/523.png,,REGULAR,,,,,Activate Odds-Package in User-Panel to retrieve odds.,,,,,,
542619,2026-03-01T00:00:00Z,SCHEDULED,24,REGULAR_SEASON,,2025-08-13T08:22:25Z,[],2081,France,FRA,https://crests.football-data.org/773.svg,2015,Ligue 1,FL1,LEAGUE,https://crests.football-data.org/FL1.png,2420,2025-08-17,2026-05-16,2,,521,Lille OSC,Lille,LIL,https://crests.football-data.org/521.png,543,FC Nantes,Nantes,NAN,https://crests.football-data.org/543.png,,REGULAR,,,,,Activate Odds-Package in User-Panel to retrieve odds.,,,,,,
542620,2026-03-01T00:00:00Z,SCHEDULED,24,REGULAR_SEASON,,2025-08-13T08:22:25Z,[],2081,France,FRA,https://crests.football-data.org/773.svg,2015,Ligue 1,FL1,LEAGUE,https://crests.football-data.org/FL1.png,2420,2025-08-17,2026-05-16,2,,576,RC Strasbourg Alsace,Strasbourg,RC ,https://crests.football-data.org/576.png,546,Racing Club de Lens,RC Lens,RCL,https://crests.football-data.org/546.png,,REGULAR,,,,,Activate Odds-Package in User-Panel to retrieve odds.,,,,,,
542621,2026-03-01T00:00:00Z,SCHEDULED,24,REGULAR_SEASON,,2025-08-13T08:22:24Z,[],2081,France,FRA,https://crests.football-data.org/773.svg,2015,Ligue 1,FL1,LEAGUE,https://crests.football-data.org/FL1.png,2420,2025-08-17,2026-05-16,2,,529,Stade Rennais FC 1901,Stade Rennais,REN,https://crests.football-data.org/529.png,511,Toulouse FC,Toulouse,TOU,https://crests.football-data.org/511.png,,REGULAR,,,,,Activate Odds-Package in User-Panel to retrieve odds.,,,,,,
542622,2026-03-08T00:00:00Z,SCHEDULED,25,REGULAR_SEASON,,2025-08-13T08:22:24Z,[],2081,France,FRA,https://crests.football-data.org/773.svg,2015,Ligue 1,FL1,LEAGUE,https://crests.football-data.org/FL1.png,2420,2025-08-17,2026-05-16,2,,519,AJ Auxerre,Auxerre,AJA,https://crests.football-data.org/519.png,576,RC Strasbourg Alsace,Strasbourg,RC ,https://crests.football-data.org/576.png,,REGULAR,,,,,Activate Odds-Package in User-Panel to retrieve odds.,,,,,,
542623,2026-03-08T00:00:00Z,SCHEDULED,25,REGULAR_SEASON,,2025-08-13T08:22:24Z,[],2081,France,FRA,https://crests.football-data.org/773.svg,2015,Ligue 1,FL1,LEAGUE,https://crests.football-data.org/FL1.png,2420,2025-08-17,2026-05-16,2,,543,FC Nantes,Nantes,NAN,https://crests.football-data.org/543.png,532,Angers SCO,Angers SCO,ANG,https://crests.football-data.org/532.png,,REGULAR,,,,,Activate Odds-Package in User-Panel to retrieve odds.,,,,,,
542624,2026-03-08T00:00:00Z,SCHEDULED,25,REGULAR_SEASON,,2025-08-13T08:22:25Z,[],2081,France,FRA,https://crests.football-data.org/773.svg,2015,Ligue 1,FL1,LEAGUE,https://crests.football-data.org/FL1.png,2420,2025-08-17,2026-05-16,2,,511,Toulouse FC,Toulouse,TOU,https://crests.football-data.org/511.png,516,Olympique de Marseille,Marseille,MAR,https://crests.football-data.org/516.png,,REGULAR,,,,,Activate Odds-Package in User-Panel to retrieve odds.,,,,,,
542625,2026-03-08T00:00:00Z,SCHEDULED,25,REGULAR_SEASON,,2025-08-13T08:22:24Z,[],2081,France,FRA,https://crests.football-data.org/773.svg,2015,Ligue 1,FL1,LEAGUE,https://crests.football-data.org/FL1.png,2420,2025-08-17,2026-05-16,2,,522,OGC Nice,Nice,NIC,https://crests.football-data.org/522.png,529,Stade Rennais FC 1901,Stade Rennais,REN,https://crests.football-data.org/529.png,,REGULAR,,,,,Activate Odds-Package in User-Panel to retrieve odds.,,,,,,
542626,2026-03-08T00:00:00Z,SCHEDULED,25,REGULAR_SEASON,,2025-08-13T08:22:24Z,[],2081,France,FRA,https://crests.football-data.org/773.svg,2015,Ligue 1,FL1,LEAGUE,https://crests.football-data.org/FL1.png,2420,2025-08-17,2026-05-16,2,,523,Olympique Lyonnais,Olympique Lyon,LYO,https://crests.football-data.org/523.png,1045,Paris FC,Paris FC,PFC,https://crests.football-data.org/1045.png,,REGULAR,,,,,Activate Odds-Package in User-Panel to retrieve odds.,,,,,,
542627,2026-03-08T00:00:00Z,SCHEDULED,25,REGULAR_SEASON,,2025-08-13T08:22:25Z,[],2081,France,FRA,https://crests.football-data.org/773.svg,2015,Ligue 1,FL1,LEAGUE,https://crests.football-data.org/FL1.png,2420,2025-08-17,2026-05-16,2,,521,Lille OSC,Lille,LIL,https://crests.football-data.org/521.png,525,FC Lorient,Lorient,FCL,https://crests.football-data.org/525.png,,REGULAR,,,,,Activate Odds-Package in User-Panel to retrieve odds.,,,,,,
542628,2026-03-08T00:00:00Z,SCHEDULED,25,REGULAR_SEASON,,2025-08-23T00:20:52Z,[],2081,France,FRA,https://crests.football-data.org/773.svg,2015,Ligue 1,FL1,LEAGUE,https://crests.football-data.org/FL1.png,2420,2025-08-17,2026-05-16,2,,524,Paris Saint-Germain FC,PSG,PSG,https://crests.football-data.org/524.png,548,AS Monaco FC,Monaco,ASM,https://crests.football-data.org/548.png,,REGULAR,,,,,Activate Odds-Package in User-Panel to retrieve odds.,,,,,,
542629,2026-03-08T00:00:00Z,SCHEDULED,25,REGULAR_SEASON,,2025-08-13T08:22:24Z,[],2081,France,FRA,https://crests.football-data.org/773.svg,2015,Ligue 1,FL1,LEAGUE,https://crests.football-data.org/FL1.png,2420,2025-08-17,2026-05-16,2,,546,Racing Club de Lens,RC Lens,RCL,https://crests.football-data.org/546.png,545,FC Metz,FC Metz,FCM,https://crests.football-data.org/545.png,,REGULAR,,,,,Activate Odds-Package in User-Panel to retrieve odds.,,,,,,
542630,2026-03-08T00:00:00Z,SCHEDULED,25,REGULAR_SEASON,,2025-08-13T08:22:24Z,[],2081,France,FRA,https://crests.football-data.org/773.svg,2015,Ligue 1,FL1,LEAGUE,https://crests.football-data.org/FL1.png,2420,2025-08-17,2026-05-16,2,,512,Stade Brestois 29,Brest,BRE,https://crests.football-data.org/512.png,533,Le Havre AC,Le Havre,HAC,https://crests.football-data.org/533.png,,REGULAR,,,,,Activate Odds-Package in User-Panel to retrieve odds.,,,,,,
542631,2026-03-15T00:00:00Z,SCHEDULED,26,REGULAR_SEASON,,2025-08-13T08:22:25Z,[],2081,France,FRA,https://crests.football-data.org/773.svg,2015,Ligue 1,FL1,LEAGUE,https://crests.football-data.org/FL1.png,2420,2025-08-17,2026-05-16,2,,533,Le Havre AC,Le Havre,HAC,https://crests.football-data.org/533.png,523,Olympique Lyonnais,Olympique Lyon,LYO,https://crests.football-data.org/523.png,,REGULAR,,,,,Activate Odds-Package in User-Panel to retrieve odds.,,,,,,
542632,2026-03-15T00:00:00Z,SCHEDULED,26,REGULAR_SEASON,,2025-08-13T08:22:24Z,[],2081,France,FRA,https://crests.football-data.org/773.svg,2015,Ligue 1,FL1,LEAGUE,https://crests.football-data.org/FL1.png,2420,2025-08-17,2026-05-16,2,,548,AS Monaco FC,Monaco,ASM,https://crests.football-data.org/548.png,512,Stade Brestois 29,Brest,BRE,https://crests.football-data.org/512.png,,REGULAR,,,,,Activate Odds-Package in User-Panel to retrieve odds.,,,,,,
542633,2026-03-15T00:00:00Z,SCHEDULED,26,REGULAR_SEASON,,2025-08-13T08:22:24Z,[],2081,France,FRA,https://crests.football-data.org/773.svg,2015,Ligue 1,FL1,LEAGUE,https://crests.football-data.org/FL1.png,2420,2025-08-17,2026-05-16,2,,525,FC Lorient,Lorient,FCL,https://crests.football-data.org/525.png,546,Racing Club de Lens,RC Lens,RCL,https://crests.football-data.org/546.png,,REGULAR,,,,,Activate Odds-Package in User-Panel to retrieve odds.,,,,,,
542634,2026-03-15T00:00:00Z,SCHEDULED,26,REGULAR_SEASON,,2025-08-13T08:22:24Z,[],2081,France,FRA,https://crests.football-data.org/773.svg,2015,Ligue 1,FL1,LEAGUE,https://crests.football-data.org/FL1.png,2420,2025-08-17,2026-05-16,2,,545,FC Metz,FC Metz,FCM,https://crests.football-data.org/545.png,511,Toulouse FC,Toulouse,TOU,https://crests.football-data.org/511.png,,REGULAR,,,,,Activate Odds-Package in User-Panel to retrieve odds.,,,,,,
542635,2026-03-15T00:00:00Z,SCHEDULED,26,REGULAR_SEASON,,2025-08-13T08:22:24Z,[],2081,France,FRA,https://crests.football-data.org/773.svg,2015,Ligue 1,FL1,LEAGUE,https://crests.football-data.org/FL1.png,2420,2025-08-17,2026-05-16,2,,516,Olympique de Marseille,Marseille,MAR,https://crests.football-data.org/516.png,519,AJ Auxerre,Auxerre,AJA,https://crests.football-data.org/519.png,,REGULAR,,,,,Activate Odds-Package in User-Panel to retrieve odds.,,,,,,
542636,2026-03-15T00:00:00Z,SCHEDULED,26,REGULAR_SEASON,,2025-08-23T00:20:52Z,[],2081,France,FRA,https://crests.football-data.org/773.svg,2015,Ligue 1,FL1,LEAGUE,https://crests.football-data.org/FL1.png,2420,2025-08-17,2026-05-16,2,,524,Paris Saint-Germain FC,PSG,PSG,https://crests.football-data.org/524.png,543,FC Nantes,Nantes,NAN,https://crests.football-data.org/543.png,,REGULAR,,,,,Activate Odds-Package in User-Panel to retrieve odds.,,,,,,
542637,2026-03-15T00:00:00Z,SCHEDULED,26,REGULAR_SEASON,,2025-08-13T08:22:24Z,[],2081,France,FRA,https://crests.football-data.org/773.svg,2015,Ligue 1,FL1,LEAGUE,https://crests.football-data.org/FL1.png,2420,2025-08-17,2026-05-16,2,,576,RC Strasbourg Alsace,Strasbourg,RC ,https://crests.football-data.org/576.png,1045,Paris FC,Paris FC,PFC,https://crests.football-data.org/1045.png,,REGULAR,,,,,Activate Odds-Package in User-Panel to retrieve odds.,,,,,,
542638,2026-03-15T00:00:00Z,SCHEDULED,26,REGULAR_SEASON,,2025-08-13T08:22:24Z,[],2081,France,FRA,https://crests.football-data.org/773.svg,2015,Ligue 1,FL1,LEAGUE,https://crests.football-data.org/FL1.png,2420,2025-08-17,2026-05-16,2,,532,Angers SCO,Angers SCO,ANG,https://crests.football-data.org/532.png,522,OGC Nice,Nice,NIC,https://crests.football-data.org/522.png,,REGULAR,,,,,Activate Odds-Package in User-Panel to retrieve odds.,,,,,,
542639,2026-03-15T00:00:00Z,SCHEDULED,26,REGULAR_SEASON,,2025-08-13T08:22:24Z,[],2081,France,FRA,https://crests.football-data.org/773.svg,2015,Ligue 1,FL1,LEAGUE,https://crests.football-data.org/FL1.png,2420,2025-08-17,2026-05-16,2,,529,Stade Rennais FC 1901,Stade Rennais,REN,https://crests.football-data.org/529.png,521,Lille OSC,Lille,LIL,https://crests.football-data.org/521.png,,REGULAR,,,,,Activate Odds-Package in User-Panel to retrieve odds.,,,,,,
542640,2026-03-22T00:00:00Z,SCHEDULED,27,REGULAR_SEASON,,2025-08-13T08:22:24Z,[],2081,France,FRA,https://crests.football-data.org/773.svg,2015,Ligue 1,FL1,LEAGUE,https://crests.football-data.org/FL1.png,2420,2025-08-17,2026-05-16,2,,519,AJ Auxerre,Auxerre,AJA,https://crests.football-data.org/519.png,512,Stade Brestois 29,Brest,BRE,https://crests.football-data.org/512.png,,REGULAR,,,,,Activate Odds-Package in User-Panel to retrieve odds.,,,,,,
542641,2026-03-22T00:00:00Z,SCHEDULED,27,REGULAR_SEASON,,2025-08-13T08:22:24Z,[],2081,France,FRA,https://crests.football-data.org/773.svg,2015,Ligue 1,FL1,LEAGUE,https://crests.football-data.org/FL1.png,2420,2025-08-17,2026-05-16,2,,543,FC Nantes,Nantes,NAN,https://crests.football-data.org/543.png,576,RC Strasbourg Alsace,Strasbourg,RC ,https://crests.football-data.org/576.png,,REGULAR,,,,,Activate Odds-Package in User-Panel to retrieve odds.,,,,,,
542642,2026-03-22T00:00:00Z,SCHEDULED,27,REGULAR_SEASON,,2025-08-13T08:23:18Z,[],2081,France,FRA,https://crests.football-data.org/773.svg,2015,Ligue 1,FL1,LEAGUE,https://crests.football-data.org/FL1.png,2420,2025-08-17,2026-05-16,2,,1045,Paris FC,Paris FC,PFC,https://crests.football-data.org/1045.png,533,Le Havre AC,Le Havre,HAC,https://crests.football-data.org/533.png,,REGULAR,,,,,Activate Odds-Package in User-Panel to retrieve odds.,,,,,,
542643,2026-03-22T00:00:00Z,SCHEDULED,27,REGULAR_SEASON,,2025-08-13T08:22:24Z,[],2081,France,FRA,https://crests.football-data.org/773.svg,2015,Ligue 1,FL1,LEAGUE,https://crests.football-data.org/FL1.png,2420,2025-08-17,2026-05-16,2,,511,Toulouse FC,Toulouse,TOU,https://crests.football-data.org/511.png,525,FC Lorient,Lorient,FCL,https://crests.football-data.org/525.png,,REGULAR,,,,,Activate Odds-Package in User-Panel to retrieve odds.,,,,,,
542644,2026-03-22T00:00:00Z,SCHEDULED,27,REGULAR_SEASON,,2025-08-23T00:20:52Z,[],2081,France,FRA,https://crests.football-data.org/773.svg,2015,Ligue 1,FL1,LEAGUE,https://crests.football-data.org/FL1.png,2420,2025-08-17,2026-05-16,2,,522,OGC Nice,Nice,NIC,https://crests.football-data.org/522.png,524,Paris Saint-Germain FC,PSG,PSG,https://crests.football-data.org/524.png,,REGULAR,,,,,Activate Odds-Package in User-Panel to retrieve odds.,,,,,,
542645,2026-03-22T00:00:00Z,SCHEDULED,27,REGULAR_SEASON,,2025-08-13T08:22:24Z,[],2081,France,FRA,https://crests.football-data.org/773.svg,2015,Ligue 1,FL1,LEAGUE,https://crests.football-data.org/FL1.png,2420,2025-08-17,2026-05-16,2,,523,Olympique Lyonnais,Olympique Lyon,LYO,https://crests.football-data.org/523.png,548,AS Monaco FC,Monaco,ASM,https://crests.football-data.org/548.png,,REGULAR,,,,,Activate Odds-Package in User-Panel to retrieve odds.,,,,,,
542646,2026-03-22T00:00:00Z,SCHEDULED,27,REGULAR_SEASON,,2025-08-13T08:22:24Z,[],2081,France,FRA,https://crests.football-data.org/773.svg,2015,Ligue 1,FL1,LEAGUE,https://crests.football-data.org/FL1.png,2420,2025-08-17,2026-05-16,2,,516,Olympique de Marseille,Marseille,MAR,https://crests.football-data.org/516.png,521,Lille OSC,Lille,LIL,https://crests.football-data.org/521.png,,REGULAR,,,,,Activate Odds-Package in User-Panel to retrieve odds.,,,,,,
542647,2026-03-22T00:00:00Z,SCHEDULED,27,REGULAR_SEASON,,2025-08-13T08:22:25Z,[],2081,France,FRA,https://crests.football-data.org/773.svg,2015,Ligue 1,FL1,LEAGUE,https://crests.football-data.org/FL1.png,2420,2025-08-17,2026-05-16,2,,546,Racing Club de Lens,RC Lens,RCL,https://crests.football-data.org/546.png,532,Angers SCO,Angers SCO,ANG,https://crests.football-data.org/532.png,,REGULAR,,,,,Activate Odds-Package in User-Panel to retrieve odds.,,,,,,
542648,2026-03-22T00:00:00Z,SCHEDULED,27,REGULAR_SEASON,,2025-08-13T08:22:24Z,[],2081,France,FRA,https://crests.football-data.org/773.svg,2015,Ligue 1,FL1,LEAGUE,https://crests.football-data.org/FL1.png,2420,2025-08-17,2026-05-16,2,,529,Stade Rennais FC 1901,Stade Rennais,REN,https://crests.football-data.org/529.png,545,FC Metz,FC Metz,FCM,https://crests.football-data.org/545.png,,REGULAR,,,,,Activate Odds-Package in User-Panel to retrieve odds.,,,,,,
542649,2026-04-05T00:00:00Z,SCHEDULED,28,REGULAR_SEASON,,2025-08-13T08:22:24Z,[],2081,France,FRA,https://crests.football-data.org/773.svg,2015,Ligue 1,FL1,LEAGUE,https://crests.football-data.org/FL1.png,2420,2025-08-17,2026-05-16,2,,533,Le Havre AC,Le Havre,HAC,https://crests.football-data.org/533.png,519,AJ Auxerre,Auxerre,AJA,https://crests.football-data.org/519.png,,REGULAR,,,,,Activate Odds-Package in User-Panel to retrieve odds.,,,,,,
542650,2026-04-05T00:00:00Z,SCHEDULED,28,REGULAR_SEASON,,2025-08-13T08:22:24Z,[],2081,France,FRA,https://crests.football-data.org/773.svg,2015,Ligue 1,FL1,LEAGUE,https://crests.football-data.org/FL1.png,2420,2025-08-17,2026-05-16,2,,548,AS Monaco FC,Monaco,ASM,https://crests.football-data.org/548.png,516,Olympique de Marseille,Marseille,MAR,https://crests.football-data.org/516.png,,REGULAR,,,,,Activate Odds-Package in User-Panel to retrieve odds.,,,,,,
542651,2026-04-05T00:00:00Z,SCHEDULED,28,REGULAR_SEASON,,2025-08-13T08:22:24Z,[],2081,France,FRA,https://crests.football-data.org/773.svg,2015,Ligue 1,FL1,LEAGUE,https://crests.football-data.org/FL1.png,2420,2025-08-17,2026-05-16,2,,525,FC Lorient,Lorient,FCL,https://crests.football-data.org/525.png,1045,Paris FC,Paris FC,PFC,https://crests.football-data.org/1045.png,,REGULAR,,,,,Activate Odds-Package in User-Panel to retrieve odds.,,,,,,
542652,2026-04-05T00:00:00Z,SCHEDULED,28,REGULAR_SEASON,,2025-08-13T08:22:25Z,[],2081,France,FRA,https://crests.football-data.org/773.svg,2015,Ligue 1,FL1,LEAGUE,https://crests.football-data.org/FL1.png,2420,2025-08-17,2026-05-16,2,,545,FC Metz,FC Metz,FCM,https://crests.football-data.org/545.png,543,FC Nantes,Nantes,NAN,https://crests.football-data.org/543.png,,REGULAR,,,,,Activate Odds-Package in User-Panel to retrieve odds.,,,,,,
542653,2026-04-05T00:00:00Z,SCHEDULED,28,REGULAR_SEASON,,2025-08-13T08:22:25Z,[],2081,France,FRA,https://crests.football-data.org/773.svg,2015,Ligue 1,FL1,LEAGUE,https://crests.football-data.org/FL1.png,2420,2025-08-17,2026-05-16,2,,521,Lille OSC,Lille,LIL,https://crests.football-data.org/521.png,546,Racing Club de Lens,RC Lens,RCL,https://crests.football-data.org/546.png,,REGULAR,,,,,Activate Odds-Package in User-Panel to retrieve odds.,,,,,,
542654,2026-04-05T00:00:00Z,SCHEDULED,28,REGULAR_SEASON,,2025-08-23T00:20:52Z,[],2081,France,FRA,https://crests.football-data.org/773.svg,2015,Ligue 1,FL1,LEAGUE,https://crests.football-data.org/FL1.png,2420,2025-08-17,2026-05-16,2,,524,Paris Saint-Germain FC,PSG,PSG,https://crests.football-data.org/524.png,511,Toulouse FC,Toulouse,TOU,https://crests.football-data.org/511.png,,REGULAR,,,,,Activate Odds-Package in User-Panel to retrieve odds.,,,,,,
542655,2026-04-05T00:00:00Z,SCHEDULED,28,REGULAR_SEASON,,2025-08-13T08:22:25Z,[],2081,France,FRA,https://crests.football-data.org/773.svg,2015,Ligue 1,FL1,LEAGUE,https://crests.football-data.org/FL1.png,2420,2025-08-17,2026-05-16,2,,576,RC Strasbourg Alsace,Strasbourg,RC ,https://crests.football-data.org/576.png,522,OGC Nice,Nice,NIC,https://crests.football-data.org/522.png,,REGULAR,,,,,Activate Odds-Package in User-Panel to retrieve odds.,,,,,,
542656,2026-04-05T00:00:00Z,SCHEDULED,28,REGULAR_SEASON,,2025-08-13T08:22:24Z,[],2081,France,FRA,https://crests.football-data.org/773.svg,2015,Ligue 1,FL1,LEAGUE,https://crests.football-data.org/FL1.png,2420,2025-08-17,2026-05-16,2,,532,Angers SCO,Angers SCO,ANG,https://crests.football-data.org/532.png,523,Olympique Lyonnais,Olympique Lyon,LYO,https://crests.football-data.org/523.png,,REGULAR,,,,,Activate Odds-Package in User-Panel to retrieve odds.,,,,,,
542657,2026-04-05T00:00:00Z,SCHEDULED,28,REGULAR_SEASON,,2025-08-13T08:22:25Z,[],2081,France,FRA,https://crests.football-data.org/773.svg,2015,Ligue 1,FL1,LEAGUE,https://crests.football-data.org/FL1.png,2420,2025-08-17,2026-05-16,2,,512,Stade Brestois 29,Brest,BRE,https://crests.football-data.org/512.png,529,Stade Rennais FC 1901,Stade Rennais,REN,https://crests.football-data.org/529.png,,REGULAR,,,,,Activate Odds-Package in User-Panel to retrieve odds.,,,,,,
542658,2026-04-12T00:00:00Z,SCHEDULED,29,REGULAR_SEASON,,2025-08-13T08:22:25Z,[],2081,France,FRA,https://crests.football-data.org/773.svg,2015,Ligue 1,FL1,LEAGUE,https://crests.football-data.org/FL1.png,2420,2025-08-17,2026-05-16,2,,519,AJ Auxerre,Auxerre,AJA,https://crests.football-data.org/519.png,543,FC Nantes,Nantes,NAN,https://crests.football-data.org/543.png,,REGULAR,,,,,Activate Odds-Package in User-Panel to retrieve odds.,,,,,,
542659,2026-04-12T00:00:00Z,SCHEDULED,29,REGULAR_SEASON,,2025-08-13T08:23:18Z,[],2081,France,FRA,https://crests.football-data.org/773.svg,2015,Ligue 1,FL1,LEAGUE,https://crests.football-data.org/FL1.png,2420,2025-08-17,2026-05-16,2,,1045,Paris FC,Paris FC,PFC,https://crests.football-data.org/1045.png,548,AS Monaco FC,Monaco,ASM,https://crests.football-data.org/548.png,,REGULAR,,,,,Activate Odds-Package in User-Panel to retrieve odds.,,,,,,
542660,2026-04-12T00:00:00Z,SCHEDULED,29,REGULAR_SEASON,,2025-08-13T08:22:25Z,[],2081,France,FRA,https://crests.football-data.org/773.svg,2015,Ligue 1,FL1,LEAGUE,https://crests.football-data.org/FL1.png,2420,2025-08-17,2026-05-16,2,,511,Toulouse FC,Toulouse,TOU,https://crests.football-data.org/511.png,521,Lille OSC,Lille,LIL,https://crests.football-data.org/521.png,,REGULAR,,,,,Activate Odds-Package in User-Panel to retrieve odds.,,,,,,
542661,2026-04-12T00:00:00Z,SCHEDULED,29,REGULAR_SEASON,,2025-08-13T08:22:25Z,[],2081,France,FRA,https://crests.football-data.org/773.svg,2015,Ligue 1,FL1,LEAGUE,https://crests.football-data.org/FL1.png,2420,2025-08-17,2026-05-16,2,,522,OGC Nice,Nice,NIC,https://crests.football-data.org/522.png,533,Le Havre AC,Le Havre,HAC,https://crests.football-data.org/533.png,,REGULAR,,,,,Activate Odds-Package in User-Panel to retrieve odds.,,,,,,
542662,2026-04-12T00:00:00Z,SCHEDULED,29,REGULAR_SEASON,,2025-08-13T08:22:24Z,[],2081,France,FRA,https://crests.football-data.org/773.svg,2015,Ligue 1,FL1,LEAGUE,https://crests.football-data.org/FL1.png,2420,2025-08-17,2026-05-16,2,,523,Olympique Lyonnais,Olympique Lyon,LYO,https://crests.football-data.org/523.png,525,FC Lorient,Lorient,FCL,https://crests.football-data.org/525.png,,REGULAR,,,,,Activate Odds-Package in User-Panel to retrieve odds.,,,,,,
542663,2026-04-12T00:00:00Z,SCHEDULED,29,REGULAR_SEASON,,2025-08-13T08:22:24Z,[],2081,France,FRA,https://crests.football-data.org/773.svg,2015,Ligue 1,FL1,LEAGUE,https://crests.football-data.org/FL1.png,2420,2025-08-17,2026-05-16,2,,516,Olympique de Marseille,Marseille,MAR,https://crests.football-data.org/516.png,545,FC Metz,FC Metz,FCM,https://crests.football-data.org/545.png,,REGULAR,,,,,Activate Odds-Package in User-Panel to retrieve odds.,,,,,,
542664,2026-04-12T00:00:00Z,SCHEDULED,29,REGULAR_SEASON,,2025-08-23T00:20:52Z,[],2081,France,FRA,https://crests.football-data.org/773.svg,2015,Ligue 1,FL1,LEAGUE,https://crests.football-data.org/FL1.png,2420,2025-08-17,2026-05-16,2,,546,Racing Club de Lens,RC Lens,RCL,https://crests.football-data.org/546.png,524,Paris Saint-Germain FC,PSG,PSG,https://crests.football-data.org/524.png,,REGULAR,,,,,Activate Odds-Package in User-Panel to retrieve odds.,,,,,,
542665,2026-04-12T00:00:00Z,SCHEDULED,29,REGULAR_SEASON,,2025-08-13T08:22:24Z,[],2081,France,FRA,https://crests.football-data.org/773.svg,2015,Ligue 1,FL1,LEAGUE,https://crests.football-data.org/FL1.png,2420,2025-08-17,2026-05-16,2,,512,Stade Brestois 29,Brest,BRE,https://crests.football-data.org/512.png,576,RC Strasbourg Alsace,Strasbourg,RC ,https://crests.football-data.org/576.png,,REGULAR,,,,,Activate Odds-Package in User-Panel to retrieve odds.,,,,,,
542666,2026-04-12T00:00:00Z,SCHEDULED,29,REGULAR_SEASON,,2025-08-13T08:22:24Z,[],2081,France,FRA,https://crests.football-data.org/773.svg,2015,Ligue 1,FL1,LEAGUE,https://crests.football-data.org/FL1.png,2420,2025-08-17,2026-05-16,2,,529,Stade Rennais FC 1901,Stade Rennais,REN,https://crests.football-data.org/529.png,532,Angers SCO,Angers SCO,ANG,https://crests.football-data.org/532.png,,REGULAR,,,,,Activate Odds-Package in User-Panel to retrieve odds.,,,,,,
542667,2026-04-19T00:00:00Z,SCHEDULED,30,REGULAR_SEASON,,2025-08-13T08:22:25Z,[],2081,France,FRA,https://crests.football-data.org/773.svg,2015,Ligue 1,FL1,LEAGUE,https://crests.football-data.org/FL1.png,2420,2025-08-17,2026-05-16,2,,548,AS Monaco FC,Monaco,ASM,https://crests.football-data.org/548.png,519,AJ Auxerre,Auxerre,AJA,https://crests.football-data.org/519.png,,REGULAR,,,,,Activate Odds-Package in User-Panel to retrieve odds.,,,,,,
542668,2026-04-19T00:00:00Z,SCHEDULED,30,REGULAR_SEASON,,2025-08-13T08:22:25Z,[],2081,France,FRA,https://crests.football-data.org/773.svg,2015,Ligue 1,FL1,LEAGUE,https://crests.football-data.org/FL1.png,2420,2025-08-17,2026-05-16,2,,525,FC Lorient,Lorient,FCL,https://crests.football-data.org/525.png,516,Olympique de Marseille,Marseille,MAR,https://crests.football-data.org/516.png,,REGULAR,,,,,Activate Odds-Package in User-Panel to retrieve odds.,,,,,,
542669,2026-04-19T00:00:00Z,SCHEDULED,30,REGULAR_SEASON,,2025-08-13T08:22:24Z,[],2081,France,FRA,https://crests.football-data.org/773.svg,2015,Ligue 1,FL1,LEAGUE,https://crests.football-data.org/FL1.png,2420,2025-08-17,2026-05-16,2,,545,FC Metz,FC Metz,FCM,https://crests.football-data.org/545.png,1045,Paris FC,Paris FC,PFC,https://crests.football-data.org/1045.png,,REGULAR,,,,,Activate Odds-Package in User-Panel to retrieve odds.,,,,,,
542670,2026-04-19T00:00:00Z,SCHEDULED,30,REGULAR_SEASON,,2025-08-13T08:22:24Z,[],2081,France,FRA,https://crests.football-data.org/773.svg,2015,Ligue 1,FL1,LEAGUE,https://crests.football-data.org/FL1.png,2420,2025-08-17,2026-05-16,2,,543,FC Nantes,Nantes,NAN,https://crests.football-data.org/543.png,512,Stade Brestois 29,Brest,BRE,https://crests.football-data.org/512.png,,REGULAR,,,,,Activate Odds-Package in User-Panel to retrieve odds.,,,,,,
542671,2026-04-19T00:00:00Z,SCHEDULED,30,REGULAR_SEASON,,2025-08-13T08:22:24Z,[],2081,France,FRA,https://crests.football-data.org/773.svg,2015,Ligue 1,FL1,LEAGUE,https://crests.football-data.org/FL1.png,2420,2025-08-17,2026-05-16,2,,521,Lille OSC,Lille,LIL,https://crests.football-data.org/521.png,522,OGC Nice,Nice,NIC,https://crests.football-data.org/522.png,,REGULAR,,,,,Activate Odds-Package in User-Panel to retrieve odds.,,,,,,
542672,2026-04-19T00:00:00Z,SCHEDULED,30,REGULAR_SEASON,,2025-08-23T00:20:52Z,[],2081,France,FRA,https://crests.football-data.org/773.svg,2015,Ligue 1,FL1,LEAGUE,https://crests.football-data.org/FL1.png,2420,2025-08-17,2026-05-16,2,,524,Paris Saint-Germain FC,PSG,PSG,https://crests.football-data.org/524.png,523,Olympique Lyonnais,Olympique Lyon,LYO,https://crests.football-data.org/523.png,,REGULAR,,,,,Activate Odds-Package in User-Panel to retrieve odds.,,,,,,
542673,2026-04-19T00:00:00Z,SCHEDULED,30,REGULAR_SEASON,,2025-08-13T08:22:25Z,[],2081,France,FRA,https://crests.football-data.org/773.svg,2015,Ligue 1,FL1,LEAGUE,https://crests.football-data.org/FL1.png,2420,2025-08-17,2026-05-16,2,,576,RC Strasbourg Alsace,Strasbourg,RC ,https://crests.football-data.org/576.png,529,Stade Rennais FC 1901,Stade Rennais,REN,https://crests.football-data.org/529.png,,REGULAR,,,,,Activate Odds-Package in User-Panel to retrieve odds.,,,,,,
542674,2026-04-19T00:00:00Z,SCHEDULED,30,REGULAR_SEASON,,2025-08-13T08:22:24Z,[],2081,France,FRA,https://crests.football-data.org/773.svg,2015,Ligue 1,FL1,LEAGUE,https://crests.football-data.org/FL1.png,2420,2025-08-17,2026-05-16,2,,546,Racing Club de Lens,RC Lens,RCL,https://crests.football-data.org/546.png,511,Toulouse FC,Toulouse,TOU,https://crests.football-data.org/511.png,,REGULAR,,,,,Activate Odds-Package in User-Panel to retrieve odds.,,,,,,
542675,2026-04-19T00:00:00Z,SCHEDULED,30,REGULAR_SEASON,,2025-08-13T08:22:24Z,[],2081,France,FRA,https://crests.football-data.org/773.svg,2015,Ligue 1,FL1,LEAGUE,https://crests.football-data.org/FL1.png,2420,2025-08-17,2026-05-16,2,,532,Angers SCO,Angers SCO,ANG,https://crests.football-data.org/532.png,533,Le Havre AC,Le Havre,HAC,https://crests.football-data.org/533.png,,REGULAR,,,,,Activate Odds-Package in User-Panel to retrieve odds.,,,,,,
542676,2026-04-26T00:00:00Z,SCHEDULED,31,REGULAR_SEASON,,2025-08-13T08:22:24Z,[],2081,France,FRA,https://crests.football-data.org/773.svg,2015,Ligue 1,FL1,LEAGUE,https://crests.football-data.org/FL1.png,2420,2025-08-17,2026-05-16,2,,533,Le Havre AC,Le Havre,HAC,https://crests.football-data.org/533.png,545,FC Metz,FC Metz,FCM,https://crests.football-data.org/545.png,,REGULAR,,,,,Activate Odds-Package in User-Panel to retrieve odds.,,,,,,
542677,2026-04-26T00:00:00Z,SCHEDULED,31,REGULAR_SEASON,,2025-08-13T08:22:25Z,[],2081,France,FRA,https://crests.football-data.org/773.svg,2015,Ligue 1,FL1,LEAGUE,https://crests.football-data.org/FL1.png,2420,2025-08-17,2026-05-16,2,,525,FC Lorient,Lorient,FCL,https://crests.football-data.org/525.png,576,RC Strasbourg Alsace,Strasbourg,RC ,https://crests.football-data.org/576.png,,REGULAR,,,,,Activate Odds-Package in User-Panel to retrieve odds.,,,,,,
542678,2026-04-26T00:00:00Z,SCHEDULED,31,REGULAR_SEASON,,2025-08-13T08:23:18Z,[],2081,France,FRA,https://crests.football-data.org/773.svg,2015,Ligue 1,FL1,LEAGUE,https://crests.football-data.org/FL1.png,2420,2025-08-17,2026-05-16,2,,1045,Paris FC,Paris FC,PFC,https://crests.football-data.org/1045.png,521,Lille OSC,Lille,LIL,https://crests.football-data.org/521.png,,REGULAR,,,,,Activate Odds-Package in User-Panel to retrieve odds.,,,,,,
542679,2026-04-26T00:00:00Z,SCHEDULED,31,REGULAR_SEASON,,2025-08-13T08:22:25Z,[],2081,France,FRA,https://crests.football-data.org/773.svg,2015,Ligue 1,FL1,LEAGUE,https://crests.football-data.org/FL1.png,2420,2025-08-17,2026-05-16,2,,511,Toulouse FC,Toulouse,TOU,https://crests.football-data.org/511.png,548,AS Monaco FC,Monaco,ASM,https://crests.football-data.org/548.png,,REGULAR,,,,,Activate Odds-Package in User-Panel to retrieve odds.,,,,,,
542680,2026-04-26T00:00:00Z,SCHEDULED,31,REGULAR_SEASON,,2025-08-13T08:22:24Z,[],2081,France,FRA,https://crests.football-data.org/773.svg,2015,Ligue 1,FL1,LEAGUE,https://crests.football-data.org/FL1.png,2420,2025-08-17,2026-05-16,2,,523,Olympique Lyonnais,Olympique Lyon,LYO,https://crests.football-data.org/523.png,519,AJ Auxerre,Auxerre,AJA,https://crests.football-data.org/519.png,,REGULAR,,,,,Activate Odds-Package in User-Panel to retrieve odds.,,,,,,
542681,2026-04-26T00:00:00Z,SCHEDULED,31,REGULAR_SEASON,,2025-08-13T08:22:25Z,[],2081,France,FRA,https://crests.football-data.org/773.svg,2015,Ligue 1,FL1,LEAGUE,https://crests.football-data.org/FL1.png,2420,2025-08-17,2026-05-16,2,,516,Olympique de Marseille,Marseille,MAR,https://crests.football-data.org/516.png,522,OGC Nice,Nice,NIC,https://crests.football-data.org/522.png,,REGULAR,,,,,Activate Odds-Package in User-Panel to retrieve odds.,,,,,,
542682,2026-04-26T00:00:00Z,SCHEDULED,31,REGULAR_SEASON,,2025-08-23T00:20:52Z,[],2081,France,FRA,https://crests.football-data.org/773.svg,2015,Ligue 1,FL1,LEAGUE,https://crests.football-data.org/FL1.png,2420,2025-08-17,2026-05-16,2,,532,Angers SCO,Angers SCO,ANG,https://crests.football-data.org/532.png,524,Paris Saint-Germain FC,PSG,PSG,https://crests.football-data.org/524.png,,REGULAR,,,,,Activate Odds-Package in User-Panel to retrieve odds.,,,,,,
542683,2026-04-26T00:00:00Z,SCHEDULED,31,REGULAR_SEASON,,2025-08-13T08:22:25Z,[],2081,France,FRA,https://crests.football-data.org/773.svg,2015,Ligue 1,FL1,LEAGUE,https://crests.football-data.org/FL1.png,2420,2025-08-17,2026-05-16,2,,512,Stade Brestois 29,Brest,BRE,https://crests.football-data.org/512.png,546,Racing Club de Lens,RC Lens,RCL,https://crests.football-data.org/546.png,,REGULAR,,,,,Activate Odds-Package in User-Panel to retrieve odds.,,,,,,
542684,2026-04-26T00:00:00Z,SCHEDULED,31,REGULAR_SEASON,,2025-08-13T08:22:24Z,[],2081,France,FRA,https://crests.football-data.org/773.svg,2015,Ligue 1,FL1,LEAGUE,https://crests.football-data.org/FL1.png,2420,2025-08-17,2026-05-16,2,,529,Stade Rennais FC 1901,Stade Rennais,REN,https://crests.football-data.org/529.png,543,FC Nantes,Nantes,NAN,https://crests.football-data.org/543.png,,REGULAR,,,,,Activate Odds-Package in User-Panel to retrieve odds.,,,,,,
542685,2026-05-03T00:00:00Z,SCHEDULED,32,REGULAR_SEASON,,2025-08-13T08:22:25Z,[],2081,France,FRA,https://crests.football-data.org/773.svg,2015,Ligue 1,FL1,LEAGUE,https://crests.football-data.org/FL1.png,2420,2025-08-17,2026-05-16,2,,519,AJ Auxerre,Auxerre,AJA,https://crests.football-data.org/519.png,532,Angers SCO,Angers SCO,ANG,https://crests.football-data.org/532.png,,REGULAR,,,,,Activate Odds-Package in User-Panel to retrieve odds.,,,,,,
542686,2026-05-03T00:00:00Z,SCHEDULED,32,REGULAR_SEASON,,2025-08-13T08:22:24Z,[],2081,France,FRA,https://crests.football-data.org/773.svg,2015,Ligue 1,FL1,LEAGUE,https://crests.football-data.org/FL1.png,2420,2025-08-17,2026-05-16,2,,545,FC Metz,FC Metz,FCM,https://crests.football-data.org/545.png,548,AS Monaco FC,Monaco,ASM,https://crests.football-data.org/548.png,,REGULAR,,,,,Activate Odds-Package in User-Panel to retrieve odds.,,,,,,
542687,2026-05-03T00:00:00Z,SCHEDULED,32,REGULAR_SEASON,,2025-08-13T08:22:24Z,[],2081,France,FRA,https://crests.football-data.org/773.svg,2015,Ligue 1,FL1,LEAGUE,https://crests.football-data.org/FL1.png,2420,2025-08-17,2026-05-16,2,,543,FC Nantes,Nantes,NAN,https://crests.football-data.org/543.png,516,Olympique de Marseille,Marseille,MAR,https://crests.football-data.org/516.png,,REGULAR,,,,,Activate Odds-Package in User-Panel to retrieve odds.,,,,,,
542688,2026-05-03T00:00:00Z,SCHEDULED,32,REGULAR_SEASON,,2025-08-13T08:23:19Z,[],2081,France,FRA,https://crests.football-data.org/773.svg,2015,Ligue 1,FL1,LEAGUE,https://crests.football-data.org/FL1.png,2420,2025-08-17,2026-05-16,2,,1045,Paris FC,Paris FC,PFC,https://crests.football-data.org/1045.png,512,Stade Brestois 29,Brest,BRE,https://crests.football-data.org/512.png,,REGULAR,,,,,Activate Odds-Package in User-Panel to retrieve odds.,,,,,,
542689,2026-05-03T00:00:00Z,SCHEDULED,32,REGULAR_SEASON,,2025-08-13T08:22:24Z,[],2081,France,FRA,https://crests.football-data.org/773.svg,2015,Ligue 1,FL1,LEAGUE,https://crests.football-data.org/FL1.png,2420,2025-08-17,2026-05-16,2,,522,OGC Nice,Nice,NIC,https://crests.football-data.org/522.png,546,Racing Club de Lens,RC Lens,RCL,https://crests.football-data.org/546.png,,REGULAR,,,,,Activate Odds-Package in User-Panel to retrieve odds.,,,,,,
542690,2026-05-03T00:00:00Z,SCHEDULED,32,REGULAR_SEASON,,2025-08-13T08:22:25Z,[],2081,France,FRA,https://crests.football-data.org/773.svg,2015,Ligue 1,FL1,LEAGUE,https://crests.football-data.org/FL1.png,2420,2025-08-17,2026-05-16,2,,523,Olympique Lyonnais,Olympique Lyon,LYO,https://crests.football-data.org/523.png,529,Stade Rennais FC 1901,Stade Rennais,REN,https://crests.football-data.org/529.png,,REGULAR,,,,,Activate Odds-Package in User-Panel to retrieve odds.,,,,,,
542691,2026-05-03T00:00:00Z,SCHEDULED,32,REGULAR_SEASON,,2025-08-13T08:22:24Z,[],2081,France,FRA,https://crests.football-data.org/773.svg,2015,Ligue 1,FL1,LEAGUE,https://crests.football-data.org/FL1.png,2420,2025-08-17,2026-05-16,2,,521,Lille OSC,Lille,LIL,https://crests.football-data.org/521.png,533,Le Havre AC,Le Havre,HAC,https://crests.football-data.org/533.png,,REGULAR,,,,,Activate Odds-Package in User-Panel to retrieve odds.,,,,,,
542692,2026-05-03T00:00:00Z,SCHEDULED,32,REGULAR_SEASON,,2025-08-23T00:20:52Z,[],2081,France,FRA,https://crests.football-data.org/773.svg,2015,Ligue 1,FL1,LEAGUE,https://crests.football-data.org/FL1.png,2420,2025-08-17,2026-05-16,2,,524,Paris Saint-Germain FC,PSG,PSG,https://crests.football-data.org/524.png,525,FC Lorient,Lorient,FCL,https://crests.football-data.org/525.png,,REGULAR,,,,,Activate Odds-Package in User-Panel to retrieve odds.,,,,,,
542693,2026-05-03T00:00:00Z,SCHEDULED,32,REGULAR_SEASON,,2025-08-13T08:22:25Z,[],2081,France,FRA,https://crests.football-data.org/773.svg,2015,Ligue 1,FL1,LEAGUE,https://crests.football-data.org/FL1.png,2420,2025-08-17,2026-05-16,2,,576,RC Strasbourg Alsace,Strasbourg,RC ,https://crests.football-data.org/576.png,511,Toulouse FC,Toulouse,TOU,https://crests.football-data.org/511.png,,REGULAR,,,,,Activate Odds-Package in User-Panel to retrieve odds.,,,,,,
542694,2026-05-09T00:00:00Z,SCHEDULED,33,REGULAR_SEASON,,2025-08-13T08:22:24Z,[],2081,France,FRA,https://crests.football-data.org/773.svg,2015,Ligue 1,FL1,LEAGUE,https://crests.football-data.org/FL1.png,2420,2025-08-17,2026-05-16,2,,533,Le Havre AC,Le Havre,HAC,https://crests.football-data.org/533.png,516,Olympique de Marseille,Marseille,MAR,https://crests.football-data.org/516.png,,REGULAR,,,,,Activate Odds-Package in User-Panel to retrieve odds.,,,,,,
542695,2026-05-09T00:00:00Z,SCHEDULED,33,REGULAR_SEASON,,2025-08-13T08:22:25Z,[],2081,France,FRA,https://crests.football-data.org/773.svg,2015,Ligue 1,FL1,LEAGUE,https://crests.football-data.org/FL1.png,2420,2025-08-17,2026-05-16,2,,519,AJ Auxerre,Auxerre,AJA,https://crests.football-data.org/519.png,522,OGC Nice,Nice,NIC,https://crests.football-data.org/522.png,,REGULAR,,,,,Activate Odds-Package in User-Panel to retrieve odds.,,,,,,
542696,2026-05-09T00:00:00Z,SCHEDULED,33,REGULAR_SEASON,,2025-08-13T08:22:24Z,[],2081,France,FRA,https://crests.football-data.org/773.svg,2015,Ligue 1,FL1,LEAGUE,https://crests.football-data.org/FL1.png,2420,2025-08-17,2026-05-16,2,,548,AS Monaco FC,Monaco,ASM,https://crests.football-data.org/548.png,521,Lille OSC,Lille,LIL,https://crests.football-data.org/521.png,,REGULAR,,,,,Activate Odds-Package in User-Panel to retrieve odds.,,,,,,
542697,2026-05-09T00:00:00Z,SCHEDULED,33,REGULAR_SEASON,,2025-08-13T08:22:24Z,[],2081,France,FRA,https://crests.football-data.org/773.svg,2015,Ligue 1,FL1,LEAGUE,https://crests.football-data.org/FL1.png,2420,2025-08-17,2026-05-16,2,,545,FC Metz,FC Metz,FCM,https://crests.football-data.org/545.png,525,FC Lorient,Lorient,FCL,https://crests.football-data.org/525.png,,REGULAR,,,,,Activate Odds-Package in User-Panel to retrieve odds.,,,,,,
542698,2026-05-09T00:00:00Z,SCHEDULED,33,REGULAR_SEASON,,2025-08-13T08:22:24Z,[],2081,France,FRA,https://crests.football-data.org/773.svg,2015,Ligue 1,FL1,LEAGUE,https://crests.football-data.org/FL1.png,2420,2025-08-17,2026-05-16,2,,511,Toulouse FC,Toulouse,TOU,https://crests.football-data.org/511.png,523,Olympique Lyonnais,Olympique Lyon,LYO,https://crests.football-data.org/523.png,,REGULAR,,,,,Activate Odds-Package in User-Panel to retrieve odds.,,,,,,
542699,2026-05-09T00:00:00Z,SCHEDULED,33,REGULAR_SEASON,,2025-08-23T00:20:52Z,[],2081,France,FRA,https://crests.football-data.org/773.svg,2015,Ligue 1,FL1,LEAGUE,https://crests.football-data.org/FL1.png,2420,2025-08-17,2026-05-16,2,,524,Paris Saint-Germain FC,PSG,PSG,https://crests.football-data.org/524.png,512,Stade Brestois 29,Brest,BRE,https://crests.football-data.org/512.png,,REGULAR,,,,,Activate Odds-Package in User-Panel to retrieve odds.,,,,,,
542700,2026-05-09T00:00:00Z,SCHEDULED,33,REGULAR_SEASON,,2025-08-13T08:22:24Z,[],2081,France,FRA,https://crests.football-data.org/773.svg,2015,Ligue 1,FL1,LEAGUE,https://crests.football-data.org/FL1.png,2420,2025-08-17,2026-05-16,2,,546,Racing Club de Lens,RC Lens,RCL,https://crests.football-data.org/546.png,543,FC Nantes,Nantes,NAN,https://crests.football-data.org/543.png,,REGULAR,,,,,Activate Odds-Package in User-Panel to retrieve odds.,,,,,,
542701,2026-05-09T00:00:00Z,SCHEDULED,33,REGULAR_SEASON,,2025-08-13T08:22:25Z,[],2081,France,FRA,https://crests.football-data.org/773.svg,2015,Ligue 1,FL1,LEAGUE,https://crests.football-data.org/FL1.png,2420,2025-08-17,2026-05-16,2,,532,Angers SCO,Angers SCO,ANG,https://crests.football-data.org/532.png,576,RC Strasbourg Alsace,Strasbourg,RC ,https://crests.football-data.org/576.png,,REGULAR,,,,,Activate Odds-Package in User-Panel to retrieve odds.,,,,,,
542702,2026-05-09T00:00:00Z,SCHEDULED,33,REGULAR_SEASON,,2025-08-13T08:22:24Z,[],2081,France,FRA,https://crests.football-data.org/773.svg,2015,Ligue 1,FL1,LEAGUE,https://crests.football-data.org/FL1.png,2420,2025-08-17,2026-05-16,2,,529,Stade Rennais FC 1901,Stade Rennais,REN,https://crests.football-data.org/529.png,1045,Paris FC,Paris FC,PFC,https://crests.football-data.org/1045.png,,REGULAR,,,,,Activate Odds-Package in User-Panel to retrieve odds.,,,,,,
542703,2026-05-16T00:00:00Z,SCHEDULED,34,REGULAR_SEASON,,2025-08-13T08:22:24Z,[],2081,France,FRA,https://crests.football-data.org/773.svg,2015,Ligue 1,FL1,LEAGUE,https://crests.football-data.org/FL1.png,2420,2025-08-17,2026-05-16,2,,525,FC Lorient,Lorient,FCL,https://crests.football-data.org/525.png,533,Le Havre AC,Le Havre,HAC,https://crests.football-data.org/533.png,,REGULAR,,,,,Activate Odds-Package in User-Panel to retrieve odds.,,,,,,
542704,2026-05-16T00:00:00Z,SCHEDULED,34,REGULAR_SEASON,,2025-08-13T08:22:24Z,[],2081,France,FRA,https://crests.football-data.org/773.svg,2015,Ligue 1,FL1,LEAGUE,https://crests.football-data.org/FL1.png,2420,2025-08-17,2026-05-16,2,,543,FC Nantes,Nantes,NAN,https://crests.football-data.org/543.png,511,Toulouse FC,Toulouse,TOU,https://crests.football-data.org/511.png,,REGULAR,,,,,Activate Odds-Package in User-Panel to retrieve odds.,,,,,,
542705,2026-05-16T00:00:00Z,SCHEDULED,34,REGULAR_SEASON,,2025-08-23T00:20:52Z,[],2081,France,FRA,https://crests.football-data.org/773.svg,2015,Ligue 1,FL1,LEAGUE,https://crests.football-data.org/FL1.png,2420,2025-08-17,2026-05-16,2,,1045,Paris FC,Paris FC,PFC,https://crests.football-data.org/1045.png,524,Paris Saint-Germain FC,PSG,PSG,https://crests.football-data.org/524.png,,REGULAR,,,,,Activate Odds-Package in User-Panel to retrieve odds.,,,,,,
542706,2026-05-16T00:00:00Z,SCHEDULED,34,REGULAR_SEASON,,2025-08-13T08:22:24Z,[],2081,France,FRA,https://crests.football-data.org/773.svg,2015,Ligue 1,FL1,LEAGUE,https://crests.football-data.org/FL1.png,2420,2025-08-17,2026-05-16,2,,522,OGC Nice,Nice,NIC,https://crests.football-data.org/522.png,545,FC Metz,FC Metz,FCM,https://crests.football-data.org/545.png,,REGULAR,,,,,Activate Odds-Package in User-Panel to retrieve odds.,,,,,,
542707,2026-05-16T00:00:00Z,SCHEDULED,34,REGULAR_SEASON,,2025-08-13T08:22:24Z,[],2081,France,FRA,https://crests.football-data.org/773.svg,2015,Ligue 1,FL1,LEAGUE,https://crests.football-data.org/FL1.png,2420,2025-08-17,2026-05-16,2,,523,Olympique Lyonnais,Olympique Lyon,LYO,https://crests.football-data.org/523.png,546,Racing Club de Lens,RC Lens,RCL,https://crests.football-data.org/546.png,,REGULAR,,,,,Activate Odds-Package in User-Panel to retrieve odds.,,,,,,
542708,2026-05-16T00:00:00Z,SCHEDULED,34,REGULAR_SEASON,,2025-08-13T08:22:24Z,[],2081,France,FRA,https://crests.football-data.org/773.svg,2015,Ligue 1,FL1,LEAGUE,https://crests.football-data.org/FL1.png,2420,2025-08-17,2026-05-16,2,,516,Olympique de Marseille,Marseille,MAR,https://crests.football-data.org/516.png,529,Stade Rennais FC 1901,Stade Rennais,REN,https://crests.football-data.org/529.png,,REGULAR,,,,,Activate Odds-Package in User-Panel to retrieve odds.,,,,,,
542709,2026-05-16T00:00:00Z,SCHEDULED,34,REGULAR_SEASON,,2025-08-13T08:22:24Z,[],2081,France,FRA,https://crests.football-data.org/773.svg,2015,Ligue 1,FL1,LEAGUE,https://crests.football-data.org/FL1.png,2420,2025-08-17,2026-05-16,2,,521,Lille OSC,Lille,LIL,https://crests.football-data.org/521.png,519,AJ Auxerre,Auxerre,AJA,https://crests.football-data.org/519.png,,REGULAR,,,,,Activate Odds-Package in User-Panel to retrieve odds.,,,,,,
542710,2026-05-16T00:00:00Z,SCHEDULED,34,REGULAR_SEASON,,2025-08-13T08:22:24Z,[],2081,France,FRA,https://crests.football-data.org/773.svg,2015,Ligue 1,FL1,LEAGUE,https://crests.football-data.org/FL1.png,2420,2025-08-17,2026-05-16,2,,576,RC Strasbourg Alsace,Strasbourg,RC ,https://crests.football-data.org/576.png,548,AS Monaco FC,Monaco,ASM,https://crests.football-data.org/548.png,,REGULAR,,,,,Activate Odds-Package in User-Panel to retrieve odds.,,,,,,
542711,2026-05-16T00:00:00Z,SCHEDULED,34,REGULAR_SEASON,,2025-08-13T08:22:25Z,[],2081,France,FRA,https://crests.football-data.org/773.svg,2015,Ligue 1,FL1,LEAGUE,https://crests.football-data.org/FL1.png,2420,2025-08-17,2026-05-16,2,,512,Stade Brestois 29,Brest,BRE,https://crests.football-data.org/512.png,532,Angers SCO,Angers SCO,ANG,https://crests.football-data.org/532.png,,REGULAR,,,,,Activate Odds-Package in User-Panel to retrieve odds.,,,,,,
