id,utcDate,status,matchday,stage,group,lastUpdated,referees,area_id,area_name,area_code,area_flag,competition_id,competition_name,competition_code,competition_type,competition_emblem,season_id,season_startDate,season_endDate,season_currentMatchday,season_winner,homeTeam_id,homeTeam_name,homeTeam_shortName,homeTeam_tla,homeTeam_crest,awayTeam_id,awayTeam_name,awayTeam_shortName,awayTeam_tla,awayTeam_crest,score_winner,score_duration,score_fullTime_home,score_fullTime_away,score_halfTime_home,score_halfTime_away,odds_msg,score_regularTime_home,score_regularTime_away,score_extraTime_home,score_extraTime_away,score_penalties_home,score_penalties_away
537785,2025-08-15T19:00:00Z,FINISHED,1,REGULAR_SEASON,,2025-08-23T00:20:52Z,"[{'id': 11580, 'name': 'Anthony Taylor', 'type': 'REFEREE', 'nationality': 'England'}]",2072,England,ENG,https://crests.football-data.org/770.svg,2021,Premier League,PL,LEAGUE,https://crests.football-data.org/PL.png,2403,2025-08-15,2026-05-24,2,,64,Liverpool FC,Liverpool,LIV,https://crests.football-data.org/64.png,1044,AFC Bournemouth,Bournemouth,BOU,https://crests.football-data.org/bournemouth.png,HOME_TEAM,REGULAR,4.0,2.0,1.0,0.0,Activate Odds-Package in User-Panel to retrieve odds.,,,,,,
537786,2025-08-16T11:30:00Z,FINISHED,1,REGULAR_SEASON,,2025-08-23T00:20:52Z,"[{'id': 11585, 'name': 'Craig Pawson', 'type': 'REFEREE', 'nationality': 'England'}]",2072,England,ENG,https://crests.football-data.org/770.svg,2021,Premier League,PL,LEAGUE,https://crests.football-data.org/PL.png,2403,2025-08-15,2026-05-24,2,,58,Aston Villa FC,Aston Villa,AVL,https://crests.football-data.org/58.png,67,Newcastle United FC,Newcastle,NEW,https://crests.football-data.org/67.png,DRAW,REGULAR,0.0,0.0,0.0,0.0,Activate Odds-Package in User-Panel to retrieve odds.,,,,,,
537787,2025-08-16T14:00:00Z,FINISHED,1,REGULAR_SEASON,,2025-08-23T00:20:52Z,"[{'id': 213813, 'name': 'Sam Barrott', 'type': 'REFEREE', 'nationality': 'England'}]",2072,England,ENG,https://crests.football-data.org/770.svg,2021,Premier League,PL,LEAGUE,https://crests.football-data.org/PL.png,2403,2025-08-15,2026-05-24,2,,397,Brighton & Hove Albion FC,Brighton Hove,BHA,https://crests.football-data.org/397.png,63,Fulham FC,Fulham,FUL,https://crests.football-data.org/63.png,DRAW,REGULAR,1.0,1.0,0.0,0.0,Activate Odds-Package in User-Panel to retrieve odds.,,,,,,
537789,2025-08-16T14:00:00Z,FINISHED,1,REGULAR_SEASON,,2025-08-23T00:20:52Z,"[{'id': 11446, 'name': 'Robert Jones', 'type': 'REFEREE', 'nationality': 'England'}]",2072,England,ENG,https://crests.football-data.org/770.svg,2021,Premier League,PL,LEAGUE,https://crests.football-data.org/PL.png,2403,2025-08-15,2026-05-24,2,,71,Sunderland AFC,Sunderland,SUN,https://crests.football-data.org/71.png,563,West Ham United FC,West Ham,WHU,https://crests.football-data.org/563.png,HOME_TEAM,REGULAR,3.0,0.0,0.0,0.0,Activate Odds-Package in User-Panel to retrieve odds.,,,,,,
537790,2025-08-16T14:00:00Z,FINISHED,1,REGULAR_SEASON,,2025-08-23T00:20:52Z,"[{'id': 11605, 'name': 'Michael Oliver', 'type': 'REFEREE', 'nationality': 'England'}]",2072,England,ENG,https://crests.football-data.org/770.svg,2021,Premier League,PL,LEAGUE,https://crests.football-data.org/PL.png,2403,2025-08-15,2026-05-24,2,,73,Tottenham Hotspur FC,Tottenham,TOT,https://crests.football-data.org/73.png,328,Burnley FC,Burnley,BUR,https://crests.football-data.org/328.png,HOME_TEAM,REGULAR,3.0,0.0,1.0,0.0,Activate Odds-Package in User-Panel to retrieve odds.,,,,,,
537791,2025-08-16T16:30:00Z,FINISHED,1,REGULAR_SEASON,,2025-08-23T00:20:52Z,"[{'id': 23568, 'name': 'Jarred Gillett', 'type': 'REFEREE', 'nationality': 'Australia'}]",2072,England,ENG,https://crests.football-data.org/770.svg,2021,Premier League,PL,LEAGUE,https://crests.football-data.org/PL.png,2403,2025-08-15,2026-05-24,2,,76,Wolverhampton Wanderers FC,Wolverhampton,WOL,https://crests.football-data.org/76.png,65,Manchester City FC,Man City,MCI,https://crests.football-data.org/65.png,AWAY_TEAM,REGULAR,0.0,4.0,0.0,2.0,Activate Odds-Package in User-Panel to retrieve odds.,,,,,,
537788,2025-08-17T13:00:00Z,FINISHED,1,REGULAR_SEASON,,2025-08-23T00:20:52Z,"[{'id': 11309, 'name': 'Peter Bankes', 'type': 'REFEREE', 'nationality': 'England'}]",2072,England,ENG,https://crests.football-data.org/770.svg,2021,Premier League,PL,LEAGUE,https://crests.football-data.org/PL.png,2403,2025-08-15,2026-05-24,2,,351,Nottingham Forest FC,Nottingham,NOT,https://crests.football-data.org/351.png,402,Brentford FC,Brentford,BRE,https://crests.football-data.org/402.png,HOME_TEAM,REGULAR,3.0,1.0,3.0,0.0,Activate Odds-Package in User-Panel to retrieve odds.,,,,,,
537792,2025-08-17T13:00:00Z,FINISHED,1,REGULAR_SEASON,,2025-08-23T00:20:52Z,"[{'id': 11469, 'name': 'Darren England', 'type': 'REFEREE', 'nationality': 'England'}]",2072,England,ENG,https://crests.football-data.org/770.svg,2021,Premier League,PL,LEAGUE,https://crests.football-data.org/PL.png,2403,2025-08-15,2026-05-24,2,,61,Chelsea FC,Chelsea,CHE,https://crests.football-data.org/61.png,354,Crystal Palace FC,Crystal Palace,CRY,https://crests.football-data.org/354.png,DRAW,REGULAR,0.0,0.0,0.0,0.0,Activate Odds-Package in User-Panel to retrieve odds.,,,,,,
537793,2025-08-17T15:30:00Z,FINISHED,1,REGULAR_SEASON,,2025-08-23T00:20:52Z,"[{'id': 11430, 'name': 'Simon Hooper', 'type': 'REFEREE', 'nationality': 'England'}]",2072,England,ENG,https://crests.football-data.org/770.svg,2021,Premier League,PL,LEAGUE,https://crests.football-data.org/PL.png,2403,2025-08-15,2026-05-24,2,,66,Manchester United FC,Man United,MUN,https://crests.football-data.org/66.png,57,Arsenal FC,Arsenal,ARS,https://crests.football-data.org/57.png,AWAY_TEAM,REGULAR,0.0,1.0,0.0,1.0,Activate Odds-Package in User-Panel to retrieve odds.,,,,,,
537794,2025-08-18T19:00:00Z,FINISHED,1,REGULAR_SEASON,,2025-08-23T00:20:52Z,"[{'id': 11443, 'name': 'Chris Kavanagh', 'type': 'REFEREE', 'nationality': 'England'}]",2072,England,ENG,https://crests.football-data.org/770.svg,2021,Premier League,PL,LEAGUE,https://crests.football-data.org/PL.png,2403,2025-08-15,2026-05-24,2,,341,Leeds United FC,Leeds United,LEE,https://crests.football-data.org/341.png,62,Everton FC,Everton,EVE,https://crests.football-data.org/62.png,HOME_TEAM,REGULAR,1.0,0.0,0.0,0.0,Activate Odds-Package in User-Panel to retrieve odds.,,,,,,
537804,2025-08-22T19:00:00Z,FINISHED,2,REGULAR_SEASON,,2025-08-23T00:20:52Z,"[{'id': 11605, 'name': 'Michael Oliver', 'type': 'REFEREE', 'nationality': 'England'}]",2072,England,ENG,https://crests.football-data.org/770.svg,2021,Premier League,PL,LEAGUE,https://crests.football-data.org/PL.png,2403,2025-08-15,2026-05-24,2,,563,West Ham United FC,West Ham,WHU,https://crests.football-data.org/563.png,61,Chelsea FC,Chelsea,CHE,https://crests.football-data.org/61.png,AWAY_TEAM,REGULAR,1.0,5.0,1.0,3.0,Activate Odds-Package in User-Panel to retrieve odds.,,,,,,
537802,2025-08-23T11:30:00Z,FINISHED,2,REGULAR_SEASON,,2025-08-23T13:36:37Z,"[{'id': 11309, 'name': 'Peter Bankes', 'type': 'REFEREE', 'nationality': 'England'}]",2072,England,ENG,https://crests.football-data.org/770.svg,2021,Premier League,PL,LEAGUE,https://crests.football-data.org/PL.png,2403,2025-08-15,2026-05-24,2,,65,Manchester City FC,Man City,MCI,https://crests.football-data.org/65.png,73,Tottenham Hotspur FC,Tottenham,TOT,https://crests.football-data.org/73.png,AWAY_TEAM,REGULAR,0.0,2.0,0.0,2.0,Activate Odds-Package in User-Panel to retrieve odds.,0.0,0.0,0.0,0.0,0.0,0.0
537795,2025-08-23T14:00:00Z,FINISHED,2,REGULAR_SEASON,,2025-08-23T16:02:42Z,"[{'id': 11620, 'name': 'Thomas Bramall', 'type': 'REFEREE', 'nationality': 'England'}]",2072,England,ENG,https://crests.football-data.org/770.svg,2021,Premier League,PL,LEAGUE,https://crests.football-data.org/PL.png,2403,2025-08-15,2026-05-24,2,,1044,AFC Bournemouth,Bournemouth,BOU,https://crests.football-data.org/bournemouth.png,76,Wolverhampton Wanderers FC,Wolverhampton,WOL,https://crests.football-data.org/76.png,HOME_TEAM,REGULAR,1.0,0.0,1.0,0.0,Activate Odds-Package in User-Panel to retrieve odds.,0.0,0.0,0.0,0.0,0.0,0.0
537798,2025-08-23T14:00:00Z,FINISHED,2,REGULAR_SEASON,,2025-08-23T16:05:53Z,"[{'id': 11378, 'name': 'Tony Harrington', 'type': 'REFEREE', 'nationality': 'England'}]",2072,England,ENG,https://crests.football-data.org/770.svg,2021,Premier League,PL,LEAGUE,https://crests.football-data.org/PL.png,2403,2025-08-15,2026-05-24,2,,402,Brentford FC,Brentford,BRE,https://crests.football-data.org/402.png,58,Aston Villa FC,Aston Villa,AVL,https://crests.football-data.org/58.png,HOME_TEAM,REGULAR,1.0,0.0,1.0,0.0,Activate Odds-Package in User-Panel to retrieve odds.,0.0,0.0,0.0,0.0,0.0,0.0
537799,2025-08-23T14:00:00Z,FINISHED,2,REGULAR_SEASON,,2025-08-23T16:08:31Z,"[{'id': 11405, 'name': 'Michael Salisbury', 'type': 'REFEREE', 'nationality': 'England'}]",2072,England,ENG,https://crests.football-data.org/770.svg,2021,Premier League,PL,LEAGUE,https://crests.football-data.org/PL.png,2403,2025-08-15,2026-05-24,2,,328,Burnley FC,Burnley,BUR,https://crests.football-data.org/328.png,71,Sunderland AFC,Sunderland,SUN,https://crests.football-data.org/71.png,HOME_TEAM,REGULAR,2.0,0.0,0.0,0.0,Activate Odds-Package in User-Panel to retrieve odds.,0.0,0.0,0.0,0.0,0.0,0.0
537797,2025-08-23T16:30:00Z,PAUSED,2,REGULAR_SEASON,,2025-08-23T17:24:49Z,"[{'id': 23568, 'name': 'Jarred Gillett', 'type': 'REFEREE', 'nationality': 'Australia'}]",2072,England,ENG,https://crests.football-data.org/770.svg,2021,Premier League,PL,LEAGUE,https://crests.football-data.org/PL.png,2403,2025-08-15,2026-05-24,2,,57,Arsenal FC,Arsenal,ARS,https://crests.football-data.org/57.png,341,Leeds United FC,Leeds United,LEE,https://crests.football-data.org/341.png,HOME_TEAM,REGULAR,2.0,0.0,2.0,0.0,Activate Odds-Package in User-Panel to retrieve odds.,0.0,0.0,0.0,0.0,0.0,0.0
537796,2025-08-24T13:00:00Z,TIMED,2,REGULAR_SEASON,,2025-08-23T01:32:02Z,[],2072,England,ENG,https://crests.football-data.org/770.svg,2021,Premier League,PL,LEAGUE,https://crests.football-data.org/PL.png,2403,2025-08-15,2026-05-24,2,,354,Crystal Palace FC,Crystal Palace,CRY,https://crests.football-data.org/354.png,351,Nottingham Forest FC,Nottingham,NOT,https://crests.football-data.org/351.png,,REGULAR,,,,,Activate Odds-Package in User-Panel to retrieve odds.,,,,,,
537800,2025-08-24T13:00:00Z,TIMED,2,REGULAR_SEASON,,2025-08-23T01:32:02Z,[],2072,England,ENG,https://crests.football-data.org/770.svg,2021,Premier League,PL,LEAGUE,https://crests.football-data.org/PL.png,2403,2025-08-15,2026-05-24,2,,62,Everton FC,Everton,EVE,https://crests.football-data.org/62.png,397,Brighton & Hove Albion FC,Brighton Hove,BHA,https://crests.football-data.org/397.png,,REGULAR,,,,,Activate Odds-Package in User-Panel to retrieve odds.,,,,,,
537801,2025-08-24T15:30:00Z,TIMED,2,REGULAR_SEASON,,2025-08-23T01:32:02Z,[],2072,England,ENG,https://crests.football-data.org/770.svg,2021,Premier League,PL,LEAGUE,https://crests.football-data.org/PL.png,2403,2025-08-15,2026-05-24,2,,63,Fulham FC,Fulham,FUL,https://crests.football-data.org/63.png,66,Manchester United FC,Man United,MUN,https://crests.football-data.org/66.png,,REGULAR,,,,,Activate Odds-Package in User-Panel to retrieve odds.,,,,,,
537803,2025-08-25T19:00:00Z,TIMED,2,REGULAR_SEASON,,2025-08-23T01:32:03Z,[],2072,England,ENG,https://crests.football-data.org/770.svg,2021,Premier League,PL,LEAGUE,https://crests.football-data.org/PL.png,2403,2025-08-15,2026-05-24,2,,67,Newcastle United FC,Newcastle,NEW,https://crests.football-data.org/67.png,64,Liverpool FC,Liverpool,LIV,https://crests.football-data.org/64.png,,REGULAR,,,,,Activate Odds-Package in User-Panel to retrieve odds.,,,,,,
537808,2025-08-30T11:30:00Z,TIMED,3,REGULAR_SEASON,,2025-08-23T00:20:52Z,[],2072,England,ENG,https://crests.football-data.org/770.svg,2021,Premier League,PL,LEAGUE,https://crests.football-data.org/PL.png,2403,2025-08-15,2026-05-24,2,,61,Chelsea FC,Chelsea,CHE,https://crests.football-data.org/61.png,63,Fulham FC,Fulham,FUL,https://crests.football-data.org/63.png,,REGULAR,,,,,Activate Odds-Package in User-Panel to retrieve odds.,,,,,,
537805,2025-08-30T14:00:00Z,TIMED,3,REGULAR_SEASON,,2025-07-11T15:20:52Z,[],2072,England,ENG,https://crests.football-data.org/770.svg,2021,Premier League,PL,LEAGUE,https://crests.football-data.org/PL.png,2403,2025-08-15,2026-05-24,2,,71,Sunderland AFC,Sunderland,SUN,https://crests.football-data.org/71.png,402,Brentford FC,Brentford,BRE,https://crests.football-data.org/402.png,,REGULAR,,,,,Activate Odds-Package in User-Panel to retrieve odds.,,,,,,
537811,2025-08-30T14:00:00Z,TIMED,3,REGULAR_SEASON,,2025-08-23T00:20:52Z,[],2072,England,ENG,https://crests.football-data.org/770.svg,2021,Premier League,PL,LEAGUE,https://crests.football-data.org/PL.png,2403,2025-08-15,2026-05-24,2,,66,Manchester United FC,Man United,MUN,https://crests.football-data.org/66.png,328,Burnley FC,Burnley,BUR,https://crests.football-data.org/328.png,,REGULAR,,,,,Activate Odds-Package in User-Panel to retrieve odds.,,,,,,
537813,2025-08-30T14:00:00Z,TIMED,3,REGULAR_SEASON,,2025-07-11T15:20:52Z,[],2072,England,ENG,https://crests.football-data.org/770.svg,2021,Premier League,PL,LEAGUE,https://crests.football-data.org/PL.png,2403,2025-08-15,2026-05-24,2,,73,Tottenham Hotspur FC,Tottenham,TOT,https://crests.football-data.org/73.png,1044,AFC Bournemouth,Bournemouth,BOU,https://crests.football-data.org/bournemouth.png,,REGULAR,,,,,Activate Odds-Package in User-Panel to retrieve odds.,,,,,,
537814,2025-08-30T14:00:00Z,TIMED,3,REGULAR_SEASON,,2025-08-23T00:20:52Z,[],2072,England,ENG,https://crests.football-data.org/770.svg,2021,Premier League,PL,LEAGUE,https://crests.football-data.org/PL.png,2403,2025-08-15,2026-05-24,2,,76,Wolverhampton Wanderers FC,Wolverhampton,WOL,https://crests.football-data.org/76.png,62,Everton FC,Everton,EVE,https://crests.football-data.org/62.png,,REGULAR,,,,,Activate Odds-Package in User-Panel to retrieve odds.,,,,,,
537810,2025-08-30T16:30:00Z,TIMED,3,REGULAR_SEASON,,2025-08-23T00:20:52Z,[],2072,England,ENG,https://crests.football-data.org/770.svg,2021,Premier League,PL,LEAGUE,https://crests.football-data.org/PL.png,2403,2025-08-15,2026-05-24,2,,341,Leeds United FC,Leeds United,LEE,https://crests.football-data.org/341.png,67,Newcastle United FC,Newcastle,NEW,https://crests.football-data.org/67.png,,REGULAR,,,,,Activate Odds-Package in User-Panel to retrieve odds.,,,,,,
537807,2025-08-31T13:00:00Z,TIMED,3,REGULAR_SEASON,,2025-08-23T00:20:52Z,[],2072,England,ENG,https://crests.football-data.org/770.svg,2021,Premier League,PL,LEAGUE,https://crests.football-data.org/PL.png,2403,2025-08-15,2026-05-24,2,,397,Brighton & Hove Albion FC,Brighton Hove,BHA,https://crests.football-data.org/397.png,65,Manchester City FC,Man City,MCI,https://crests.football-data.org/65.png,,REGULAR,,,,,Activate Odds-Package in User-Panel to retrieve odds.,,,,,,
537812,2025-08-31T13:00:00Z,TIMED,3,REGULAR_SEASON,,2025-07-11T15:20:52Z,[],2072,England,ENG,https://crests.football-data.org/770.svg,2021,Premier League,PL,LEAGUE,https://crests.football-data.org/PL.png,2403,2025-08-15,2026-05-24,2,,351,Nottingham Forest FC,Nottingham,NOT,https://crests.football-data.org/351.png,563,West Ham United FC,West Ham,WHU,https://crests.football-data.org/563.png,,REGULAR,,,,,Activate Odds-Package in User-Panel to retrieve odds.,,,,,,
537809,2025-08-31T15:30:00Z,TIMED,3,REGULAR_SEASON,,2025-08-23T00:20:52Z,[],2072,England,ENG,https://crests.football-data.org/770.svg,2021,Premier League,PL,LEAGUE,https://crests.football-data.org/PL.png,2403,2025-08-15,2026-05-24,2,,64,Liverpool FC,Liverpool,LIV,https://crests.football-data.org/64.png,57,Arsenal FC,Arsenal,ARS,https://crests.football-data.org/57.png,,REGULAR,,,,,Activate Odds-Package in User-Panel to retrieve odds.,,,,,,
537806,2025-08-31T18:00:00Z,TIMED,3,REGULAR_SEASON,,2025-08-19T15:20:56Z,[],2072,England,ENG,https://crests.football-data.org/770.svg,2021,Premier League,PL,LEAGUE,https://crests.football-data.org/PL.png,2403,2025-08-15,2026-05-24,2,,58,Aston Villa FC,Aston Villa,AVL,https://crests.football-data.org/58.png,354,Crystal Palace FC,Crystal Palace,CRY,https://crests.football-data.org/354.png,,REGULAR,,,,,Activate Odds-Package in User-Panel to retrieve odds.,,,,,,
537817,2025-09-13T11:30:00Z,TIMED,4,REGULAR_SEASON,,2025-08-23T00:20:52Z,[],2072,England,ENG,https://crests.football-data.org/770.svg,2021,Premier League,PL,LEAGUE,https://crests.football-data.org/PL.png,2403,2025-08-15,2026-05-24,2,,57,Arsenal FC,Arsenal,ARS,https://crests.football-data.org/57.png,351,Nottingham Forest FC,Nottingham,NOT,https://crests.football-data.org/351.png,,REGULAR,,,,,Activate Odds-Package in User-Panel to retrieve odds.,,,,,,
537815,2025-09-13T14:00:00Z,TIMED,4,REGULAR_SEASON,,2025-07-29T15:20:53Z,[],2072,England,ENG,https://crests.football-data.org/770.svg,2021,Premier League,PL,LEAGUE,https://crests.football-data.org/PL.png,2403,2025-08-15,2026-05-24,2,,1044,AFC Bournemouth,Bournemouth,BOU,https://crests.football-data.org/bournemouth.png,397,Brighton & Hove Albion FC,Brighton Hove,BHA,https://crests.football-data.org/397.png,,REGULAR,,,,,Activate Odds-Package in User-Panel to retrieve odds.,,,,,,
537816,2025-09-13T14:00:00Z,TIMED,4,REGULAR_SEASON,,2025-07-29T15:20:53Z,[],2072,England,ENG,https://crests.football-data.org/770.svg,2021,Premier League,PL,LEAGUE,https://crests.football-data.org/PL.png,2403,2025-08-15,2026-05-24,2,,354,Crystal Palace FC,Crystal Palace,CRY,https://crests.football-data.org/354.png,71,Sunderland AFC,Sunderland,SUN,https://crests.football-data.org/71.png,,REGULAR,,,,,Activate Odds-Package in User-Panel to retrieve odds.,,,,,,
537820,2025-09-13T14:00:00Z,TIMED,4,REGULAR_SEASON,,2025-07-29T15:20:53Z,[],2072,England,ENG,https://crests.football-data.org/770.svg,2021,Premier League,PL,LEAGUE,https://crests.football-data.org/PL.png,2403,2025-08-15,2026-05-24,2,,62,Everton FC,Everton,EVE,https://crests.football-data.org/62.png,58,Aston Villa FC,Aston Villa,AVL,https://crests.football-data.org/58.png,,REGULAR,,,,,Activate Odds-Package in User-Panel to retrieve odds.,,,,,,
537821,2025-09-13T14:00:00Z,TIMED,4,REGULAR_SEASON,,2025-08-23T00:20:52Z,[],2072,England,ENG,https://crests.football-data.org/770.svg,2021,Premier League,PL,LEAGUE,https://crests.football-data.org/PL.png,2403,2025-08-15,2026-05-24,2,,63,Fulham FC,Fulham,FUL,https://crests.football-data.org/63.png,341,Leeds United FC,Leeds United,LEE,https://crests.football-data.org/341.png,,REGULAR,,,,,Activate Odds-Package in User-Panel to retrieve odds.,,,,,,
537823,2025-09-13T14:00:00Z,TIMED,4,REGULAR_SEASON,,2025-08-23T00:20:52Z,[],2072,England,ENG,https://crests.football-data.org/770.svg,2021,Premier League,PL,LEAGUE,https://crests.football-data.org/PL.png,2403,2025-08-15,2026-05-24,2,,67,Newcastle United FC,Newcastle,NEW,https://crests.football-data.org/67.png,76,Wolverhampton Wanderers FC,Wolverhampton,WOL,https://crests.football-data.org/76.png,,REGULAR,,,,,Activate Odds-Package in User-Panel to retrieve odds.,,,,,,
537824,2025-09-13T16:30:00Z,TIMED,4,REGULAR_SEASON,,2025-07-29T15:20:53Z,[],2072,England,ENG,https://crests.football-data.org/770.svg,2021,Premier League,PL,LEAGUE,https://crests.football-data.org/PL.png,2403,2025-08-15,2026-05-24,2,,563,West Ham United FC,West Ham,WHU,https://crests.football-data.org/563.png,73,Tottenham Hotspur FC,Tottenham,TOT,https://crests.football-data.org/73.png,,REGULAR,,,,,Activate Odds-Package in User-Panel to retrieve odds.,,,,,,
537818,2025-09-13T19:00:00Z,TIMED,4,REGULAR_SEASON,,2025-08-23T00:20:52Z,[],2072,England,ENG,https://crests.football-data.org/770.svg,2021,Premier League,PL,LEAGUE,https://crests.football-data.org/PL.png,2403,2025-08-15,2026-05-24,2,,402,Brentford FC,Brentford,BRE,https://crests.football-data.org/402.png,61,Chelsea FC,Chelsea,CHE,https://crests.football-data.org/61.png,,REGULAR,,,,,Activate Odds-Package in User-Panel to retrieve odds.,,,,,,
537819,2025-09-14T13:00:00Z,TIMED,4,REGULAR_SEASON,,2025-08-23T00:20:52Z,[],2072,England,ENG,https://crests.football-data.org/770.svg,2021,Premier League,PL,LEAGUE,https://crests.football-data.org/PL.png,2403,2025-08-15,2026-05-24,2,,328,Burnley FC,Burnley,BUR,https://crests.football-data.org/328.png,64,Liverpool FC,Liverpool,LIV,https://crests.football-data.org/64.png,,REGULAR,,,,,Activate Odds-Package in User-Panel to retrieve odds.,,,,,,
537822,2025-09-14T15:30:00Z,TIMED,4,REGULAR_SEASON,,2025-08-23T00:20:52Z,[],2072,England,ENG,https://crests.football-data.org/770.svg,2021,Premier League,PL,LEAGUE,https://crests.football-data.org/PL.png,2403,2025-08-15,2026-05-24,2,,65,Manchester City FC,Man City,MCI,https://crests.football-data.org/65.png,66,Manchester United FC,Man United,MUN,https://crests.football-data.org/66.png,,REGULAR,,,,,Activate Odds-Package in User-Panel to retrieve odds.,,,,,,
537831,2025-09-20T11:30:00Z,TIMED,5,REGULAR_SEASON,,2025-08-23T00:20:52Z,[],2072,England,ENG,https://crests.football-data.org/770.svg,2021,Premier League,PL,LEAGUE,https://crests.football-data.org/PL.png,2403,2025-08-15,2026-05-24,2,,64,Liverpool FC,Liverpool,LIV,https://crests.football-data.org/64.png,62,Everton FC,Everton,EVE,https://crests.football-data.org/62.png,,REGULAR,,,,,Activate Odds-Package in User-Panel to retrieve odds.,,,,,,
537825,2025-09-20T14:00:00Z,TIMED,5,REGULAR_SEASON,,2025-07-29T15:20:53Z,[],2072,England,ENG,https://crests.football-data.org/770.svg,2021,Premier League,PL,LEAGUE,https://crests.football-data.org/PL.png,2403,2025-08-15,2026-05-24,2,,1044,AFC Bournemouth,Bournemouth,BOU,https://crests.football-data.org/bournemouth.png,67,Newcastle United FC,Newcastle,NEW,https://crests.football-data.org/67.png,,REGULAR,,,,,Activate Odds-Package in User-Panel to retrieve odds.,,,,,,
537827,2025-09-20T14:00:00Z,TIMED,5,REGULAR_SEASON,,2025-07-29T15:20:53Z,[],2072,England,ENG,https://crests.football-data.org/770.svg,2021,Premier League,PL,LEAGUE,https://crests.football-data.org/PL.png,2403,2025-08-15,2026-05-24,2,,397,Brighton & Hove Albion FC,Brighton Hove,BHA,https://crests.football-data.org/397.png,73,Tottenham Hotspur FC,Tottenham,TOT,https://crests.football-data.org/73.png,,REGULAR,,,,,Activate Odds-Package in User-Panel to retrieve odds.,,,,,,
537829,2025-09-20T14:00:00Z,TIMED,5,REGULAR_SEASON,,2025-07-29T15:20:53Z,[],2072,England,ENG,https://crests.football-data.org/770.svg,2021,Premier League,PL,LEAGUE,https://crests.football-data.org/PL.png,2403,2025-08-15,2026-05-24,2,,328,Burnley FC,Burnley,BUR,https://crests.football-data.org/328.png,351,Nottingham Forest FC,Nottingham,NOT,https://crests.football-data.org/351.png,,REGULAR,,,,,Activate Odds-Package in User-Panel to retrieve odds.,,,,,,
537833,2025-09-20T14:00:00Z,TIMED,5,REGULAR_SEASON,,2025-07-29T15:20:53Z,[],2072,England,ENG,https://crests.football-data.org/770.svg,2021,Premier League,PL,LEAGUE,https://crests.football-data.org/PL.png,2403,2025-08-15,2026-05-24,2,,563,West Ham United FC,West Ham,WHU,https://crests.football-data.org/563.png,354,Crystal Palace FC,Crystal Palace,CRY,https://crests.football-data.org/354.png,,REGULAR,,,,,Activate Odds-Package in User-Panel to retrieve odds.,,,,,,
537834,2025-09-20T14:00:00Z,TIMED,5,REGULAR_SEASON,,2025-08-23T00:20:52Z,[],2072,England,ENG,https://crests.football-data.org/770.svg,2021,Premier League,PL,LEAGUE,https://crests.football-data.org/PL.png,2403,2025-08-15,2026-05-24,2,,76,Wolverhampton Wanderers FC,Wolverhampton,WOL,https://crests.football-data.org/76.png,341,Leeds United FC,Leeds United,LEE,https://crests.football-data.org/341.png,,REGULAR,,,,,Activate Odds-Package in User-Panel to retrieve odds.,,,,,,
537832,2025-09-20T16:30:00Z,TIMED,5,REGULAR_SEASON,,2025-08-23T00:20:52Z,[],2072,England,ENG,https://crests.football-data.org/770.svg,2021,Premier League,PL,LEAGUE,https://crests.football-data.org/PL.png,2403,2025-08-15,2026-05-24,2,,66,Manchester United FC,Man United,MUN,https://crests.football-data.org/66.png,61,Chelsea FC,Chelsea,CHE,https://crests.football-data.org/61.png,,REGULAR,,,,,Activate Odds-Package in User-Panel to retrieve odds.,,,,,,
537830,2025-09-20T19:00:00Z,TIMED,5,REGULAR_SEASON,,2025-07-29T15:20:53Z,[],2072,England,ENG,https://crests.football-data.org/770.svg,2021,Premier League,PL,LEAGUE,https://crests.football-data.org/PL.png,2403,2025-08-15,2026-05-24,2,,63,Fulham FC,Fulham,FUL,https://crests.football-data.org/63.png,402,Brentford FC,Brentford,BRE,https://crests.football-data.org/402.png,,REGULAR,,,,,Activate Odds-Package in User-Panel to retrieve odds.,,,,,,
537826,2025-09-21T13:00:00Z,TIMED,5,REGULAR_SEASON,,2025-07-29T15:20:53Z,[],2072,England,ENG,https://crests.football-data.org/770.svg,2021,Premier League,PL,LEAGUE,https://crests.football-data.org/PL.png,2403,2025-08-15,2026-05-24,2,,71,Sunderland AFC,Sunderland,SUN,https://crests.football-data.org/71.png,58,Aston Villa FC,Aston Villa,AVL,https://crests.football-data.org/58.png,,REGULAR,,,,,Activate Odds-Package in User-Panel to retrieve odds.,,,,,,
537828,2025-09-21T15:30:00Z,TIMED,5,REGULAR_SEASON,,2025-08-23T00:20:52Z,[],2072,England,ENG,https://crests.football-data.org/770.svg,2021,Premier League,PL,LEAGUE,https://crests.football-data.org/PL.png,2403,2025-08-15,2026-05-24,2,,57,Arsenal FC,Arsenal,ARS,https://crests.football-data.org/57.png,65,Manchester City FC,Man City,MCI,https://crests.football-data.org/65.png,,REGULAR,,,,,Activate Odds-Package in User-Panel to retrieve odds.,,,,,,
537837,2025-09-27T11:30:00Z,TIMED,6,REGULAR_SEASON,,2025-08-23T00:20:52Z,[],2072,England,ENG,https://crests.football-data.org/770.svg,2021,Premier League,PL,LEAGUE,https://crests.football-data.org/PL.png,2403,2025-08-15,2026-05-24,2,,402,Brentford FC,Brentford,BRE,https://crests.football-data.org/402.png,66,Manchester United FC,Man United,MUN,https://crests.football-data.org/66.png,,REGULAR,,,,,Activate Odds-Package in User-Panel to retrieve odds.,,,,,,
537835,2025-09-27T14:00:00Z,TIMED,6,REGULAR_SEASON,,2025-07-29T15:20:53Z,[],2072,England,ENG,https://crests.football-data.org/770.svg,2021,Premier League,PL,LEAGUE,https://crests.football-data.org/PL.png,2403,2025-08-15,2026-05-24,2,,58,Aston Villa FC,Aston Villa,AVL,https://crests.football-data.org/58.png,63,Fulham FC,Fulham,FUL,https://crests.football-data.org/63.png,,REGULAR,,,,,Activate Odds-Package in User-Panel to retrieve odds.,,,,,,
537836,2025-09-27T14:00:00Z,TIMED,6,REGULAR_SEASON,,2025-08-23T00:20:52Z,[],2072,England,ENG,https://crests.football-data.org/770.svg,2021,Premier League,PL,LEAGUE,https://crests.football-data.org/PL.png,2403,2025-08-15,2026-05-24,2,,354,Crystal Palace FC,Crystal Palace,CRY,https://crests.football-data.org/354.png,64,Liverpool FC,Liverpool,LIV,https://crests.football-data.org/64.png,,REGULAR,,,,,Activate Odds-Package in User-Panel to retrieve odds.,,,,,,
537838,2025-09-27T14:00:00Z,TIMED,6,REGULAR_SEASON,,2025-08-23T00:20:52Z,[],2072,England,ENG,https://crests.football-data.org/770.svg,2021,Premier League,PL,LEAGUE,https://crests.football-data.org/PL.png,2403,2025-08-15,2026-05-24,2,,61,Chelsea FC,Chelsea,CHE,https://crests.football-data.org/61.png,397,Brighton & Hove Albion FC,Brighton Hove,BHA,https://crests.football-data.org/397.png,,REGULAR,,,,,Activate Odds-Package in User-Panel to retrieve odds.,,,,,,
537840,2025-09-27T14:00:00Z,TIMED,6,REGULAR_SEASON,,2025-08-23T00:20:52Z,[],2072,England,ENG,https://crests.football-data.org/770.svg,2021,Premier League,PL,LEAGUE,https://crests.football-data.org/PL.png,2403,2025-08-15,2026-05-24,2,,341,Leeds United FC,Leeds United,LEE,https://crests.football-data.org/341.png,1044,AFC Bournemouth,Bournemouth,BOU,https://crests.football-data.org/bournemouth.png,,REGULAR,,,,,Activate Odds-Package in User-Panel to retrieve odds.,,,,,,
537841,2025-09-27T14:00:00Z,TIMED,6,REGULAR_SEASON,,2025-08-23T00:20:52Z,[],2072,England,ENG,https://crests.football-data.org/770.svg,2021,Premier League,PL,LEAGUE,https://crests.football-data.org/PL.png,2403,2025-08-15,2026-05-24,2,,65,Manchester City FC,Man City,MCI,https://crests.football-data.org/65.png,328,Burnley FC,Burnley,BUR,https://crests.football-data.org/328.png,,REGULAR,,,,,Activate Odds-Package in User-Panel to retrieve odds.,,,,,,
537843,2025-09-27T16:30:00Z,TIMED,6,REGULAR_SEASON,,2025-07-29T15:20:53Z,[],2072,England,ENG,https://crests.football-data.org/770.svg,2021,Premier League,PL,LEAGUE,https://crests.football-data.org/PL.png,2403,2025-08-15,2026-05-24,2,,351,Nottingham Forest FC,Nottingham,NOT,https://crests.football-data.org/351.png,71,Sunderland AFC,Sunderland,SUN,https://crests.football-data.org/71.png,,REGULAR,,,,,Activate Odds-Package in User-Panel to retrieve odds.,,,,,,
537844,2025-09-28T13:00:00Z,TIMED,6,REGULAR_SEASON,,2025-08-23T00:20:52Z,[],2072,England,ENG,https://crests.football-data.org/770.svg,2021,Premier League,PL,LEAGUE,https://crests.football-data.org/PL.png,2403,2025-08-15,2026-05-24,2,,73,Tottenham Hotspur FC,Tottenham,TOT,https://crests.football-data.org/73.png,76,Wolverhampton Wanderers FC,Wolverhampton,WOL,https://crests.football-data.org/76.png,,REGULAR,,,,,Activate Odds-Package in User-Panel to retrieve odds.,,,,,,
537842,2025-09-28T15:30:00Z,TIMED,6,REGULAR_SEASON,,2025-08-23T00:20:52Z,[],2072,England,ENG,https://crests.football-data.org/770.svg,2021,Premier League,PL,LEAGUE,https://crests.football-data.org/PL.png,2403,2025-08-15,2026-05-24,2,,67,Newcastle United FC,Newcastle,NEW,https://crests.football-data.org/67.png,57,Arsenal FC,Arsenal,ARS,https://crests.football-data.org/57.png,,REGULAR,,,,,Activate Odds-Package in User-Panel to retrieve odds.,,,,,,
537839,2025-09-29T19:00:00Z,TIMED,6,REGULAR_SEASON,,2025-07-29T15:20:53Z,[],2072,England,ENG,https://crests.football-data.org/770.svg,2021,Premier League,PL,LEAGUE,https://crests.football-data.org/PL.png,2403,2025-08-15,2026-05-24,2,,62,Everton FC,Everton,EVE,https://crests.football-data.org/62.png,563,West Ham United FC,West Ham,WHU,https://crests.football-data.org/563.png,,REGULAR,,,,,Activate Odds-Package in User-Panel to retrieve odds.,,,,,,
537845,2025-10-04T00:00:00Z,SCHEDULED,7,REGULAR_SEASON,,2025-06-18T14:14:10Z,[],2072,England,ENG,https://crests.football-data.org/770.svg,2021,Premier League,PL,LEAGUE,https://crests.football-data.org/PL.png,2403,2025-08-15,2026-05-24,2,,1044,AFC Bournemouth,Bournemouth,BOU,https://crests.football-data.org/bournemouth.png,63,Fulham FC,Fulham,FUL,https://crests.football-data.org/63.png,,REGULAR,,,,,Activate Odds-Package in User-Panel to retrieve odds.,,,,,,
537846,2025-10-04T00:00:00Z,SCHEDULED,7,REGULAR_SEASON,,2025-06-18T14:14:10Z,[],2072,England,ENG,https://crests.football-data.org/770.svg,2021,Premier League,PL,LEAGUE,https://crests.football-data.org/PL.png,2403,2025-08-15,2026-05-24,2,,58,Aston Villa FC,Aston Villa,AVL,https://crests.football-data.org/58.png,328,Burnley FC,Burnley,BUR,https://crests.football-data.org/328.png,,REGULAR,,,,,Activate Odds-Package in User-Panel to retrieve odds.,,,,,,
537847,2025-10-04T00:00:00Z,SCHEDULED,7,REGULAR_SEASON,,2025-08-23T00:20:52Z,[],2072,England,ENG,https://crests.football-data.org/770.svg,2021,Premier League,PL,LEAGUE,https://crests.football-data.org/PL.png,2403,2025-08-15,2026-05-24,2,,57,Arsenal FC,Arsenal,ARS,https://crests.football-data.org/57.png,563,West Ham United FC,West Ham,WHU,https://crests.football-data.org/563.png,,REGULAR,,,,,Activate Odds-Package in User-Panel to retrieve odds.,,,,,,
537848,2025-10-04T00:00:00Z,SCHEDULED,7,REGULAR_SEASON,,2025-08-23T00:20:52Z,[],2072,England,ENG,https://crests.football-data.org/770.svg,2021,Premier League,PL,LEAGUE,https://crests.football-data.org/PL.png,2403,2025-08-15,2026-05-24,2,,402,Brentford FC,Brentford,BRE,https://crests.football-data.org/402.png,65,Manchester City FC,Man City,MCI,https://crests.football-data.org/65.png,,REGULAR,,,,,Activate Odds-Package in User-Panel to retrieve odds.,,,,,,
537849,2025-10-04T00:00:00Z,SCHEDULED,7,REGULAR_SEASON,,2025-08-23T00:20:52Z,[],2072,England,ENG,https://crests.football-data.org/770.svg,2021,Premier League,PL,LEAGUE,https://crests.football-data.org/PL.png,2403,2025-08-15,2026-05-24,2,,61,Chelsea FC,Chelsea,CHE,https://crests.football-data.org/61.png,64,Liverpool FC,Liverpool,LIV,https://crests.football-data.org/64.png,,REGULAR,,,,,Activate Odds-Package in User-Panel to retrieve odds.,,,,,,
537850,2025-10-04T00:00:00Z,SCHEDULED,7,REGULAR_SEASON,,2025-06-19T05:49:16Z,[],2072,England,ENG,https://crests.football-data.org/770.svg,2021,Premier League,PL,LEAGUE,https://crests.football-data.org/PL.png,2403,2025-08-15,2026-05-24,2,,62,Everton FC,Everton,EVE,https://crests.football-data.org/62.png,354,Crystal Palace FC,Crystal Palace,CRY,https://crests.football-data.org/354.png,,REGULAR,,,,,Activate Odds-Package in User-Panel to retrieve odds.,,,,,,
537851,2025-10-04T00:00:00Z,SCHEDULED,7,REGULAR_SEASON,,2025-08-23T00:20:52Z,[],2072,England,ENG,https://crests.football-data.org/770.svg,2021,Premier League,PL,LEAGUE,https://crests.football-data.org/PL.png,2403,2025-08-15,2026-05-24,2,,341,Leeds United FC,Leeds United,LEE,https://crests.football-data.org/341.png,73,Tottenham Hotspur FC,Tottenham,TOT,https://crests.football-data.org/73.png,,REGULAR,,,,,Activate Odds-Package in User-Panel to retrieve odds.,,,,,,
537852,2025-10-04T00:00:00Z,SCHEDULED,7,REGULAR_SEASON,,2025-08-23T00:20:52Z,[],2072,England,ENG,https://crests.football-data.org/770.svg,2021,Premier League,PL,LEAGUE,https://crests.football-data.org/PL.png,2403,2025-08-15,2026-05-24,2,,66,Manchester United FC,Man United,MUN,https://crests.football-data.org/66.png,71,Sunderland AFC,Sunderland,SUN,https://crests.football-data.org/71.png,,REGULAR,,,,,Activate Odds-Package in User-Panel to retrieve odds.,,,,,,
537853,2025-10-04T00:00:00Z,SCHEDULED,7,REGULAR_SEASON,,2025-06-18T14:14:10Z,[],2072,England,ENG,https://crests.football-data.org/770.svg,2021,Premier League,PL,LEAGUE,https://crests.football-data.org/PL.png,2403,2025-08-15,2026-05-24,2,,67,Newcastle United FC,Newcastle,NEW,https://crests.football-data.org/67.png,351,Nottingham Forest FC,Nottingham,NOT,https://crests.football-data.org/351.png,,REGULAR,,,,,Activate Odds-Package in User-Panel to retrieve odds.,,,,,,
537854,2025-10-04T00:00:00Z,SCHEDULED,7,REGULAR_SEASON,,2025-08-23T00:20:52Z,[],2072,England,ENG,https://crests.football-data.org/770.svg,2021,Premier League,PL,LEAGUE,https://crests.football-data.org/PL.png,2403,2025-08-15,2026-05-24,2,,76,Wolverhampton Wanderers FC,Wolverhampton,WOL,https://crests.football-data.org/76.png,397,Brighton & Hove Albion FC,Brighton Hove,BHA,https://crests.football-data.org/397.png,,REGULAR,,,,,Activate Odds-Package in User-Panel to retrieve odds.,,,,,,
537856,2025-10-18T00:00:00Z,SCHEDULED,8,REGULAR_SEASON,,2025-06-18T14:14:10Z,[],2072,England,ENG,https://crests.football-data.org/770.svg,2021,Premier League,PL,LEAGUE,https://crests.football-data.org/PL.png,2403,2025-08-15,2026-05-24,2,,397,Brighton & Hove Albion FC,Brighton Hove,BHA,https://crests.football-data.org/397.png,67,Newcastle United FC,Newcastle,NEW,https://crests.football-data.org/67.png,,REGULAR,,,,,Activate Odds-Package in User-Panel to retrieve odds.,,,,,,
537857,2025-10-18T00:00:00Z,SCHEDULED,8,REGULAR_SEASON,,2025-06-18T14:14:10Z,[],2072,England,ENG,https://crests.football-data.org/770.svg,2021,Premier League,PL,LEAGUE,https://crests.football-data.org/PL.png,2403,2025-08-15,2026-05-24,2,,354,Crystal Palace FC,Crystal Palace,CRY,https://crests.football-data.org/354.png,1044,AFC Bournemouth,Bournemouth,BOU,https://crests.football-data.org/bournemouth.png,,REGULAR,,,,,Activate Odds-Package in User-Panel to retrieve odds.,,,,,,
537858,2025-10-18T00:00:00Z,SCHEDULED,8,REGULAR_SEASON,,2025-08-23T00:20:52Z,[],2072,England,ENG,https://crests.football-data.org/770.svg,2021,Premier League,PL,LEAGUE,https://crests.football-data.org/PL.png,2403,2025-08-15,2026-05-24,2,,328,Burnley FC,Burnley,BUR,https://crests.football-data.org/328.png,341,Leeds United FC,Leeds United,LEE,https://crests.football-data.org/341.png,,REGULAR,,,,,Activate Odds-Package in User-Panel to retrieve odds.,,,,,,
537859,2025-10-18T00:00:00Z,SCHEDULED,8,REGULAR_SEASON,,2025-08-23T00:20:52Z,[],2072,England,ENG,https://crests.football-data.org/770.svg,2021,Premier League,PL,LEAGUE,https://crests.football-data.org/PL.png,2403,2025-08-15,2026-05-24,2,,63,Fulham FC,Fulham,FUL,https://crests.football-data.org/63.png,57,Arsenal FC,Arsenal,ARS,https://crests.football-data.org/57.png,,REGULAR,,,,,Activate Odds-Package in User-Panel to retrieve odds.,,,,,,
537860,2025-10-18T00:00:00Z,SCHEDULED,8,REGULAR_SEASON,,2025-08-23T00:20:52Z,[],2072,England,ENG,https://crests.football-data.org/770.svg,2021,Premier League,PL,LEAGUE,https://crests.football-data.org/PL.png,2403,2025-08-15,2026-05-24,2,,64,Liverpool FC,Liverpool,LIV,https://crests.football-data.org/64.png,66,Manchester United FC,Man United,MUN,https://crests.football-data.org/66.png,,REGULAR,,,,,Activate Odds-Package in User-Panel to retrieve odds.,,,,,,
537861,2025-10-18T00:00:00Z,SCHEDULED,8,REGULAR_SEASON,,2025-08-23T00:20:52Z,[],2072,England,ENG,https://crests.football-data.org/770.svg,2021,Premier League,PL,LEAGUE,https://crests.football-data.org/PL.png,2403,2025-08-15,2026-05-24,2,,65,Manchester City FC,Man City,MCI,https://crests.football-data.org/65.png,62,Everton FC,Everton,EVE,https://crests.football-data.org/62.png,,REGULAR,,,,,Activate Odds-Package in User-Panel to retrieve odds.,,,,,,
537862,2025-10-18T00:00:00Z,SCHEDULED,8,REGULAR_SEASON,,2025-08-23T00:20:52Z,[],2072,England,ENG,https://crests.football-data.org/770.svg,2021,Premier League,PL,LEAGUE,https://crests.football-data.org/PL.png,2403,2025-08-15,2026-05-24,2,,351,Nottingham Forest FC,Nottingham,NOT,https://crests.football-data.org/351.png,61,Chelsea FC,Chelsea,CHE,https://crests.football-data.org/61.png,,REGULAR,,,,,Activate Odds-Package in User-Panel to retrieve odds.,,,,,,
537863,2025-10-18T00:00:00Z,SCHEDULED,8,REGULAR_SEASON,,2025-06-18T14:14:10Z,[],2072,England,ENG,https://crests.football-data.org/770.svg,2021,Premier League,PL,LEAGUE,https://crests.football-data.org/PL.png,2403,2025-08-15,2026-05-24,2,,73,Tottenham Hotspur FC,Tottenham,TOT,https://crests.football-data.org/73.png,58,Aston Villa FC,Aston Villa,AVL,https://crests.football-data.org/58.png,,REGULAR,,,,,Activate Odds-Package in User-Panel to retrieve odds.,,,,,,
537864,2025-10-18T00:00:00Z,SCHEDULED,8,REGULAR_SEASON,,2025-06-18T14:14:10Z,[],2072,England,ENG,https://crests.football-data.org/770.svg,2021,Premier League,PL,LEAGUE,https://crests.football-data.org/PL.png,2403,2025-08-15,2026-05-24,2,,563,West Ham United FC,West Ham,WHU,https://crests.football-data.org/563.png,402,Brentford FC,Brentford,BRE,https://crests.football-data.org/402.png,,REGULAR,,,,,Activate Odds-Package in User-Panel to retrieve odds.,,,,,,
537855,2025-10-18T00:00:00Z,SCHEDULED,8,REGULAR_SEASON,,2025-08-23T00:20:52Z,[],2072,England,ENG,https://crests.football-data.org/770.svg,2021,Premier League,PL,LEAGUE,https://crests.football-data.org/PL.png,2403,2025-08-15,2026-05-24,2,,71,Sunderland AFC,Sunderland,SUN,https://crests.football-data.org/71.png,76,Wolverhampton Wanderers FC,Wolverhampton,WOL,https://crests.football-data.org/76.png,,REGULAR,,,,,Activate Odds-Package in User-Panel to retrieve odds.,,,,,,
537865,2025-10-25T00:00:00Z,SCHEDULED,9,REGULAR_SEASON,,2025-06-18T14:14:10Z,[],2072,England,ENG,https://crests.football-data.org/770.svg,2021,Premier League,PL,LEAGUE,https://crests.football-data.org/PL.png,2403,2025-08-15,2026-05-24,2,,1044,AFC Bournemouth,Bournemouth,BOU,https://crests.football-data.org/bournemouth.png,351,Nottingham Forest FC,Nottingham,NOT,https://crests.football-data.org/351.png,,REGULAR,,,,,Activate Odds-Package in User-Panel to retrieve odds.,,,,,,
537866,2025-10-25T00:00:00Z,SCHEDULED,9,REGULAR_SEASON,,2025-08-23T00:20:52Z,[],2072,England,ENG,https://crests.football-data.org/770.svg,2021,Premier League,PL,LEAGUE,https://crests.football-data.org/PL.png,2403,2025-08-15,2026-05-24,2,,58,Aston Villa FC,Aston Villa,AVL,https://crests.football-data.org/58.png,65,Manchester City FC,Man City,MCI,https://crests.football-data.org/65.png,,REGULAR,,,,,Activate Odds-Package in User-Panel to retrieve odds.,,,,,,
537867,2025-10-25T00:00:00Z,SCHEDULED,9,REGULAR_SEASON,,2025-08-23T00:20:52Z,[],2072,England,ENG,https://crests.football-data.org/770.svg,2021,Premier League,PL,LEAGUE,https://crests.football-data.org/PL.png,2403,2025-08-15,2026-05-24,2,,57,Arsenal FC,Arsenal,ARS,https://crests.football-data.org/57.png,354,Crystal Palace FC,Crystal Palace,CRY,https://crests.football-data.org/354.png,,REGULAR,,,,,Activate Odds-Package in User-Panel to retrieve odds.,,,,,,
537868,2025-10-25T00:00:00Z,SCHEDULED,9,REGULAR_SEASON,,2025-08-23T00:20:52Z,[],2072,England,ENG,https://crests.football-data.org/770.svg,2021,Premier League,PL,LEAGUE,https://crests.football-data.org/PL.png,2403,2025-08-15,2026-05-24,2,,402,Brentford FC,Brentford,BRE,https://crests.football-data.org/402.png,64,Liverpool FC,Liverpool,LIV,https://crests.football-data.org/64.png,,REGULAR,,,,,Activate Odds-Package in User-Panel to retrieve odds.,,,,,,
537869,2025-10-25T00:00:00Z,SCHEDULED,9,REGULAR_SEASON,,2025-08-23T00:20:52Z,[],2072,England,ENG,https://crests.football-data.org/770.svg,2021,Premier League,PL,LEAGUE,https://crests.football-data.org/PL.png,2403,2025-08-15,2026-05-24,2,,61,Chelsea FC,Chelsea,CHE,https://crests.football-data.org/61.png,71,Sunderland AFC,Sunderland,SUN,https://crests.football-data.org/71.png,,REGULAR,,,,,Activate Odds-Package in User-Panel to retrieve odds.,,,,,,
537870,2025-10-25T00:00:00Z,SCHEDULED,9,REGULAR_SEASON,,2025-06-19T05:49:16Z,[],2072,England,ENG,https://crests.football-data.org/770.svg,2021,Premier League,PL,LEAGUE,https://crests.football-data.org/PL.png,2403,2025-08-15,2026-05-24,2,,62,Everton FC,Everton,EVE,https://crests.football-data.org/62.png,73,Tottenham Hotspur FC,Tottenham,TOT,https://crests.football-data.org/73.png,,REGULAR,,,,,Activate Odds-Package in User-Panel to retrieve odds.,,,,,,
537871,2025-10-25T00:00:00Z,SCHEDULED,9,REGULAR_SEASON,,2025-08-23T00:20:52Z,[],2072,England,ENG,https://crests.football-data.org/770.svg,2021,Premier League,PL,LEAGUE,https://crests.football-data.org/PL.png,2403,2025-08-15,2026-05-24,2,,341,Leeds United FC,Leeds United,LEE,https://crests.football-data.org/341.png,563,West Ham United FC,West Ham,WHU,https://crests.football-data.org/563.png,,REGULAR,,,,,Activate Odds-Package in User-Panel to retrieve odds.,,,,,,
537872,2025-10-25T00:00:00Z,SCHEDULED,9,REGULAR_SEASON,,2025-08-23T00:20:52Z,[],2072,England,ENG,https://crests.football-data.org/770.svg,2021,Premier League,PL,LEAGUE,https://crests.football-data.org/PL.png,2403,2025-08-15,2026-05-24,2,,66,Manchester United FC,Man United,MUN,https://crests.football-data.org/66.png,397,Brighton & Hove Albion FC,Brighton Hove,BHA,https://crests.football-data.org/397.png,,REGULAR,,,,,Activate Odds-Package in User-Panel to retrieve odds.,,,,,,
537873,2025-10-25T00:00:00Z,SCHEDULED,9,REGULAR_SEASON,,2025-06-18T14:14:11Z,[],2072,England,ENG,https://crests.football-data.org/770.svg,2021,Premier League,PL,LEAGUE,https://crests.football-data.org/PL.png,2403,2025-08-15,2026-05-24,2,,67,Newcastle United FC,Newcastle,NEW,https://crests.football-data.org/67.png,63,Fulham FC,Fulham,FUL,https://crests.football-data.org/63.png,,REGULAR,,,,,Activate Odds-Package in User-Panel to retrieve odds.,,,,,,
537874,2025-10-25T00:00:00Z,SCHEDULED,9,REGULAR_SEASON,,2025-08-23T00:20:52Z,[],2072,England,ENG,https://crests.football-data.org/770.svg,2021,Premier League,PL,LEAGUE,https://crests.football-data.org/PL.png,2403,2025-08-15,2026-05-24,2,,76,Wolverhampton Wanderers FC,Wolverhampton,WOL,https://crests.football-data.org/76.png,328,Burnley FC,Burnley,BUR,https://crests.football-data.org/328.png,,REGULAR,,,,,Activate Odds-Package in User-Panel to retrieve odds.,,,,,,
537875,2025-11-01T00:00:00Z,SCHEDULED,10,REGULAR_SEASON,,2025-06-18T14:14:11Z,[],2072,England,ENG,https://crests.football-data.org/770.svg,2021,Premier League,PL,LEAGUE,https://crests.football-data.org/PL.png,2403,2025-08-15,2026-05-24,2,,71,Sunderland AFC,Sunderland,SUN,https://crests.football-data.org/71.png,62,Everton FC,Everton,EVE,https://crests.football-data.org/62.png,,REGULAR,,,,,Activate Odds-Package in User-Panel to retrieve odds.,,,,,,
537876,2025-11-01T00:00:00Z,SCHEDULED,10,REGULAR_SEASON,,2025-08-23T00:20:52Z,[],2072,England,ENG,https://crests.football-data.org/770.svg,2021,Premier League,PL,LEAGUE,https://crests.football-data.org/PL.png,2403,2025-08-15,2026-05-24,2,,397,Brighton & Hove Albion FC,Brighton Hove,BHA,https://crests.football-data.org/397.png,341,Leeds United FC,Leeds United,LEE,https://crests.football-data.org/341.png,,REGULAR,,,,,Activate Odds-Package in User-Panel to retrieve odds.,,,,,,
537877,2025-11-01T00:00:00Z,SCHEDULED,10,REGULAR_SEASON,,2025-06-18T14:14:11Z,[],2072,England,ENG,https://crests.football-data.org/770.svg,2021,Premier League,PL,LEAGUE,https://crests.football-data.org/PL.png,2403,2025-08-15,2026-05-24,2,,354,Crystal Palace FC,Crystal Palace,CRY,https://crests.football-data.org/354.png,402,Brentford FC,Brentford,BRE,https://crests.football-data.org/402.png,,REGULAR,,,,,Activate Odds-Package in User-Panel to retrieve odds.,,,,,,
537878,2025-11-01T00:00:00Z,SCHEDULED,10,REGULAR_SEASON,,2025-08-23T00:20:52Z,[],2072,England,ENG,https://crests.football-data.org/770.svg,2021,Premier League,PL,LEAGUE,https://crests.football-data.org/PL.png,2403,2025-08-15,2026-05-24,2,,328,Burnley FC,Burnley,BUR,https://crests.football-data.org/328.png,57,Arsenal FC,Arsenal,ARS,https://crests.football-data.org/57.png,,REGULAR,,,,,Activate Odds-Package in User-Panel to retrieve odds.,,,,,,
537879,2025-11-01T00:00:00Z,SCHEDULED,10,REGULAR_SEASON,,2025-08-23T00:20:52Z,[],2072,England,ENG,https://crests.football-data.org/770.svg,2021,Premier League,PL,LEAGUE,https://crests.football-data.org/PL.png,2403,2025-08-15,2026-05-24,2,,63,Fulham FC,Fulham,FUL,https://crests.football-data.org/63.png,76,Wolverhampton Wanderers FC,Wolverhampton,WOL,https://crests.football-data.org/76.png,,REGULAR,,,,,Activate Odds-Package in User-Panel to retrieve odds.,,,,,,
537880,2025-11-01T00:00:00Z,SCHEDULED,10,REGULAR_SEASON,,2025-08-23T00:20:52Z,[],2072,England,ENG,https://crests.football-data.org/770.svg,2021,Premier League,PL,LEAGUE,https://crests.football-data.org/PL.png,2403,2025-08-15,2026-05-24,2,,64,Liverpool FC,Liverpool,LIV,https://crests.football-data.org/64.png,58,Aston Villa FC,Aston Villa,AVL,https://crests.football-data.org/58.png,,REGULAR,,,,,Activate Odds-Package in User-Panel to retrieve odds.,,,,,,
537881,2025-11-01T00:00:00Z,SCHEDULED,10,REGULAR_SEASON,,2025-08-23T00:20:52Z,[],2072,England,ENG,https://crests.football-data.org/770.svg,2021,Premier League,PL,LEAGUE,https://crests.football-data.org/PL.png,2403,2025-08-15,2026-05-24,2,,65,Manchester City FC,Man City,MCI,https://crests.football-data.org/65.png,1044,AFC Bournemouth,Bournemouth,BOU,https://crests.football-data.org/bournemouth.png,,REGULAR,,,,,Activate Odds-Package in User-Panel to retrieve odds.,,,,,,
537882,2025-11-01T00:00:00Z,SCHEDULED,10,REGULAR_SEASON,,2025-08-23T00:20:52Z,[],2072,England,ENG,https://crests.football-data.org/770.svg,2021,Premier League,PL,LEAGUE,https://crests.football-data.org/PL.png,2403,2025-08-15,2026-05-24,2,,351,Nottingham Forest FC,Nottingham,NOT,https://crests.football-data.org/351.png,66,Manchester United FC,Man United,MUN,https://crests.football-data.org/66.png,,REGULAR,,,,,Activate Odds-Package in User-Panel to retrieve odds.,,,,,,
537883,2025-11-01T00:00:00Z,SCHEDULED,10,REGULAR_SEASON,,2025-08-23T00:20:52Z,[],2072,England,ENG,https://crests.football-data.org/770.svg,2021,Premier League,PL,LEAGUE,https://crests.football-data.org/PL.png,2403,2025-08-15,2026-05-24,2,,73,Tottenham Hotspur FC,Tottenham,TOT,https://crests.football-data.org/73.png,61,Chelsea FC,Chelsea,CHE,https://crests.football-data.org/61.png,,REGULAR,,,,,Activate Odds-Package in User-Panel to retrieve odds.,,,,,,
537884,2025-11-01T00:00:00Z,SCHEDULED,10,REGULAR_SEASON,,2025-06-18T14:14:11Z,[],2072,England,ENG,https://crests.football-data.org/770.svg,2021,Premier League,PL,LEAGUE,https://crests.football-data.org/PL.png,2403,2025-08-15,2026-05-24,2,,563,West Ham United FC,West Ham,WHU,https://crests.football-data.org/563.png,67,Newcastle United FC,Newcastle,NEW,https://crests.football-data.org/67.png,,REGULAR,,,,,Activate Odds-Package in User-Panel to retrieve odds.,,,,,,
537885,2025-11-08T00:00:00Z,SCHEDULED,11,REGULAR_SEASON,,2025-08-23T00:20:52Z,[],2072,England,ENG,https://crests.football-data.org/770.svg,2021,Premier League,PL,LEAGUE,https://crests.football-data.org/PL.png,2403,2025-08-15,2026-05-24,2,,71,Sunderland AFC,Sunderland,SUN,https://crests.football-data.org/71.png,57,Arsenal FC,Arsenal,ARS,https://crests.football-data.org/57.png,,REGULAR,,,,,Activate Odds-Package in User-Panel to retrieve odds.,,,,,,
537886,2025-11-08T00:00:00Z,SCHEDULED,11,REGULAR_SEASON,,2025-06-18T14:14:11Z,[],2072,England,ENG,https://crests.football-data.org/770.svg,2021,Premier League,PL,LEAGUE,https://crests.football-data.org/PL.png,2403,2025-08-15,2026-05-24,2,,58,Aston Villa FC,Aston Villa,AVL,https://crests.football-data.org/58.png,1044,AFC Bournemouth,Bournemouth,BOU,https://crests.football-data.org/bournemouth.png,,REGULAR,,,,,Activate Odds-Package in User-Panel to retrieve odds.,,,,,,
537887,2025-11-08T00:00:00Z,SCHEDULED,11,REGULAR_SEASON,,2025-06-18T14:14:11Z,[],2072,England,ENG,https://crests.football-data.org/770.svg,2021,Premier League,PL,LEAGUE,https://crests.football-data.org/PL.png,2403,2025-08-15,2026-05-24,2,,354,Crystal Palace FC,Crystal Palace,CRY,https://crests.football-data.org/354.png,397,Brighton & Hove Albion FC,Brighton Hove,BHA,https://crests.football-data.org/397.png,,REGULAR,,,,,Activate Odds-Package in User-Panel to retrieve odds.,,,,,,
537888,2025-11-08T00:00:00Z,SCHEDULED,11,REGULAR_SEASON,,2025-06-18T14:14:11Z,[],2072,England,ENG,https://crests.football-data.org/770.svg,2021,Premier League,PL,LEAGUE,https://crests.football-data.org/PL.png,2403,2025-08-15,2026-05-24,2,,402,Brentford FC,Brentford,BRE,https://crests.football-data.org/402.png,67,Newcastle United FC,Newcastle,NEW,https://crests.football-data.org/67.png,,REGULAR,,,,,Activate Odds-Package in User-Panel to retrieve odds.,,,,,,
537889,2025-11-08T00:00:00Z,SCHEDULED,11,REGULAR_SEASON,,2025-08-23T00:20:52Z,[],2072,England,ENG,https://crests.football-data.org/770.svg,2021,Premier League,PL,LEAGUE,https://crests.football-data.org/PL.png,2403,2025-08-15,2026-05-24,2,,61,Chelsea FC,Chelsea,CHE,https://crests.football-data.org/61.png,76,Wolverhampton Wanderers FC,Wolverhampton,WOL,https://crests.football-data.org/76.png,,REGULAR,,,,,Activate Odds-Package in User-Panel to retrieve odds.,,,,,,
537890,2025-11-08T00:00:00Z,SCHEDULED,11,REGULAR_SEASON,,2025-06-19T05:49:16Z,[],2072,England,ENG,https://crests.football-data.org/770.svg,2021,Premier League,PL,LEAGUE,https://crests.football-data.org/PL.png,2403,2025-08-15,2026-05-24,2,,62,Everton FC,Everton,EVE,https://crests.football-data.org/62.png,63,Fulham FC,Fulham,FUL,https://crests.football-data.org/63.png,,REGULAR,,,,,Activate Odds-Package in User-Panel to retrieve odds.,,,,,,
537891,2025-11-08T00:00:00Z,SCHEDULED,11,REGULAR_SEASON,,2025-08-23T00:20:52Z,[],2072,England,ENG,https://crests.football-data.org/770.svg,2021,Premier League,PL,LEAGUE,https://crests.football-data.org/PL.png,2403,2025-08-15,2026-05-24,2,,65,Manchester City FC,Man City,MCI,https://crests.football-data.org/65.png,64,Liverpool FC,Liverpool,LIV,https://crests.football-data.org/64.png,,REGULAR,,,,,Activate Odds-Package in User-Panel to retrieve odds.,,,,,,
537892,2025-11-08T00:00:00Z,SCHEDULED,11,REGULAR_SEASON,,2025-08-23T00:20:52Z,[],2072,England,ENG,https://crests.football-data.org/770.svg,2021,Premier League,PL,LEAGUE,https://crests.football-data.org/PL.png,2403,2025-08-15,2026-05-24,2,,351,Nottingham Forest FC,Nottingham,NOT,https://crests.football-data.org/351.png,341,Leeds United FC,Leeds United,LEE,https://crests.football-data.org/341.png,,REGULAR,,,,,Activate Odds-Package in User-Panel to retrieve odds.,,,,,,
537893,2025-11-08T00:00:00Z,SCHEDULED,11,REGULAR_SEASON,,2025-08-23T00:20:52Z,[],2072,England,ENG,https://crests.football-data.org/770.svg,2021,Premier League,PL,LEAGUE,https://crests.football-data.org/PL.png,2403,2025-08-15,2026-05-24,2,,73,Tottenham Hotspur FC,Tottenham,TOT,https://crests.football-data.org/73.png,66,Manchester United FC,Man United,MUN,https://crests.football-data.org/66.png,,REGULAR,,,,,Activate Odds-Package in User-Panel to retrieve odds.,,,,,,
537894,2025-11-08T00:00:00Z,SCHEDULED,11,REGULAR_SEASON,,2025-06-18T14:14:11Z,[],2072,England,ENG,https://crests.football-data.org/770.svg,2021,Premier League,PL,LEAGUE,https://crests.football-data.org/PL.png,2403,2025-08-15,2026-05-24,2,,563,West Ham United FC,West Ham,WHU,https://crests.football-data.org/563.png,328,Burnley FC,Burnley,BUR,https://crests.football-data.org/328.png,,REGULAR,,,,,Activate Odds-Package in User-Panel to retrieve odds.,,,,,,
537895,2025-11-22T00:00:00Z,SCHEDULED,12,REGULAR_SEASON,,2025-06-18T14:14:11Z,[],2072,England,ENG,https://crests.football-data.org/770.svg,2021,Premier League,PL,LEAGUE,https://crests.football-data.org/PL.png,2403,2025-08-15,2026-05-24,2,,1044,AFC Bournemouth,Bournemouth,BOU,https://crests.football-data.org/bournemouth.png,563,West Ham United FC,West Ham,WHU,https://crests.football-data.org/563.png,,REGULAR,,,,,Activate Odds-Package in User-Panel to retrieve odds.,,,,,,
537896,2025-11-22T00:00:00Z,SCHEDULED,12,REGULAR_SEASON,,2025-06-18T14:14:11Z,[],2072,England,ENG,https://crests.football-data.org/770.svg,2021,Premier League,PL,LEAGUE,https://crests.football-data.org/PL.png,2403,2025-08-15,2026-05-24,2,,397,Brighton & Hove Albion FC,Brighton Hove,BHA,https://crests.football-data.org/397.png,402,Brentford FC,Brentford,BRE,https://crests.football-data.org/402.png,,REGULAR,,,,,Activate Odds-Package in User-Panel to retrieve odds.,,,,,,
537897,2025-11-22T00:00:00Z,SCHEDULED,12,REGULAR_SEASON,,2025-08-23T00:20:52Z,[],2072,England,ENG,https://crests.football-data.org/770.svg,2021,Premier League,PL,LEAGUE,https://crests.football-data.org/PL.png,2403,2025-08-15,2026-05-24,2,,57,Arsenal FC,Arsenal,ARS,https://crests.football-data.org/57.png,73,Tottenham Hotspur FC,Tottenham,TOT,https://crests.football-data.org/73.png,,REGULAR,,,,,Activate Odds-Package in User-Panel to retrieve odds.,,,,,,
537898,2025-11-22T00:00:00Z,SCHEDULED,12,REGULAR_SEASON,,2025-08-23T00:20:52Z,[],2072,England,ENG,https://crests.football-data.org/770.svg,2021,Premier League,PL,LEAGUE,https://crests.football-data.org/PL.png,2403,2025-08-15,2026-05-24,2,,328,Burnley FC,Burnley,BUR,https://crests.football-data.org/328.png,61,Chelsea FC,Chelsea,CHE,https://crests.football-data.org/61.png,,REGULAR,,,,,Activate Odds-Package in User-Panel to retrieve odds.,,,,,,
537899,2025-11-22T00:00:00Z,SCHEDULED,12,REGULAR_SEASON,,2025-06-18T14:14:11Z,[],2072,England,ENG,https://crests.football-data.org/770.svg,2021,Premier League,PL,LEAGUE,https://crests.football-data.org/PL.png,2403,2025-08-15,2026-05-24,2,,63,Fulham FC,Fulham,FUL,https://crests.football-data.org/63.png,71,Sunderland AFC,Sunderland,SUN,https://crests.football-data.org/71.png,,REGULAR,,,,,Activate Odds-Package in User-Panel to retrieve odds.,,,,,,
537900,2025-11-22T00:00:00Z,SCHEDULED,12,REGULAR_SEASON,,2025-08-23T00:20:52Z,[],2072,England,ENG,https://crests.football-data.org/770.svg,2021,Premier League,PL,LEAGUE,https://crests.football-data.org/PL.png,2403,2025-08-15,2026-05-24,2,,64,Liverpool FC,Liverpool,LIV,https://crests.football-data.org/64.png,351,Nottingham Forest FC,Nottingham,NOT,https://crests.football-data.org/351.png,,REGULAR,,,,,Activate Odds-Package in User-Panel to retrieve odds.,,,,,,
537901,2025-11-22T00:00:00Z,SCHEDULED,12,REGULAR_SEASON,,2025-08-23T00:20:52Z,[],2072,England,ENG,https://crests.football-data.org/770.svg,2021,Premier League,PL,LEAGUE,https://crests.football-data.org/PL.png,2403,2025-08-15,2026-05-24,2,,341,Leeds United FC,Leeds United,LEE,https://crests.football-data.org/341.png,58,Aston Villa FC,Aston Villa,AVL,https://crests.football-data.org/58.png,,REGULAR,,,,,Activate Odds-Package in User-Panel to retrieve odds.,,,,,,
537902,2025-11-22T00:00:00Z,SCHEDULED,12,REGULAR_SEASON,,2025-08-23T00:20:52Z,[],2072,England,ENG,https://crests.football-data.org/770.svg,2021,Premier League,PL,LEAGUE,https://crests.football-data.org/PL.png,2403,2025-08-15,2026-05-24,2,,66,Manchester United FC,Man United,MUN,https://crests.football-data.org/66.png,62,Everton FC,Everton,EVE,https://crests.football-data.org/62.png,,REGULAR,,,,,Activate Odds-Package in User-Panel to retrieve odds.,,,,,,
537903,2025-11-22T00:00:00Z,SCHEDULED,12,REGULAR_SEASON,,2025-08-23T00:20:52Z,[],2072,England,ENG,https://crests.football-data.org/770.svg,2021,Premier League,PL,LEAGUE,https://crests.football-data.org/PL.png,2403,2025-08-15,2026-05-24,2,,67,Newcastle United FC,Newcastle,NEW,https://crests.football-data.org/67.png,65,Manchester City FC,Man City,MCI,https://crests.football-data.org/65.png,,REGULAR,,,,,Activate Odds-Package in User-Panel to retrieve odds.,,,,,,
537904,2025-11-22T00:00:00Z,SCHEDULED,12,REGULAR_SEASON,,2025-08-23T00:20:52Z,[],2072,England,ENG,https://crests.football-data.org/770.svg,2021,Premier League,PL,LEAGUE,https://crests.football-data.org/PL.png,2403,2025-08-15,2026-05-24,2,,76,Wolverhampton Wanderers FC,Wolverhampton,WOL,https://crests.football-data.org/76.png,354,Crystal Palace FC,Crystal Palace,CRY,https://crests.football-data.org/354.png,,REGULAR,,,,,Activate Odds-Package in User-Panel to retrieve odds.,,,,,,
537905,2025-11-29T00:00:00Z,SCHEDULED,13,REGULAR_SEASON,,2025-06-18T14:14:11Z,[],2072,England,ENG,https://crests.football-data.org/770.svg,2021,Premier League,PL,LEAGUE,https://crests.football-data.org/PL.png,2403,2025-08-15,2026-05-24,2,,71,Sunderland AFC,Sunderland,SUN,https://crests.football-data.org/71.png,1044,AFC Bournemouth,Bournemouth,BOU,https://crests.football-data.org/bournemouth.png,,REGULAR,,,,,Activate Odds-Package in User-Panel to retrieve odds.,,,,,,
537906,2025-11-29T00:00:00Z,SCHEDULED,13,REGULAR_SEASON,,2025-08-23T00:20:52Z,[],2072,England,ENG,https://crests.football-data.org/770.svg,2021,Premier League,PL,LEAGUE,https://crests.football-data.org/PL.png,2403,2025-08-15,2026-05-24,2,,58,Aston Villa FC,Aston Villa,AVL,https://crests.football-data.org/58.png,76,Wolverhampton Wanderers FC,Wolverhampton,WOL,https://crests.football-data.org/76.png,,REGULAR,,,,,Activate Odds-Package in User-Panel to retrieve odds.,,,,,,
537907,2025-11-29T00:00:00Z,SCHEDULED,13,REGULAR_SEASON,,2025-08-23T00:20:52Z,[],2072,England,ENG,https://crests.football-data.org/770.svg,2021,Premier League,PL,LEAGUE,https://crests.football-data.org/PL.png,2403,2025-08-15,2026-05-24,2,,354,Crystal Palace FC,Crystal Palace,CRY,https://crests.football-data.org/354.png,66,Manchester United FC,Man United,MUN,https://crests.football-data.org/66.png,,REGULAR,,,,,Activate Odds-Package in User-Panel to retrieve odds.,,,,,,
537908,2025-11-29T00:00:00Z,SCHEDULED,13,REGULAR_SEASON,,2025-06-18T14:14:11Z,[],2072,England,ENG,https://crests.football-data.org/770.svg,2021,Premier League,PL,LEAGUE,https://crests.football-data.org/PL.png,2403,2025-08-15,2026-05-24,2,,402,Brentford FC,Brentford,BRE,https://crests.football-data.org/402.png,328,Burnley FC,Burnley,BUR,https://crests.football-data.org/328.png,,REGULAR,,,,,Activate Odds-Package in User-Panel to retrieve odds.,,,,,,
537909,2025-11-29T00:00:00Z,SCHEDULED,13,REGULAR_SEASON,,2025-08-23T00:20:52Z,[],2072,England,ENG,https://crests.football-data.org/770.svg,2021,Premier League,PL,LEAGUE,https://crests.football-data.org/PL.png,2403,2025-08-15,2026-05-24,2,,61,Chelsea FC,Chelsea,CHE,https://crests.football-data.org/61.png,57,Arsenal FC,Arsenal,ARS,https://crests.football-data.org/57.png,,REGULAR,,,,,Activate Odds-Package in User-Panel to retrieve odds.,,,,,,
537910,2025-11-29T00:00:00Z,SCHEDULED,13,REGULAR_SEASON,,2025-06-19T05:49:16Z,[],2072,England,ENG,https://crests.football-data.org/770.svg,2021,Premier League,PL,LEAGUE,https://crests.football-data.org/PL.png,2403,2025-08-15,2026-05-24,2,,62,Everton FC,Everton,EVE,https://crests.football-data.org/62.png,67,Newcastle United FC,Newcastle,NEW,https://crests.football-data.org/67.png,,REGULAR,,,,,Activate Odds-Package in User-Panel to retrieve odds.,,,,,,
537911,2025-11-29T00:00:00Z,SCHEDULED,13,REGULAR_SEASON,,2025-08-23T00:20:52Z,[],2072,England,ENG,https://crests.football-data.org/770.svg,2021,Premier League,PL,LEAGUE,https://crests.football-data.org/PL.png,2403,2025-08-15,2026-05-24,2,,65,Manchester City FC,Man City,MCI,https://crests.football-data.org/65.png,341,Leeds United FC,Leeds United,LEE,https://crests.football-data.org/341.png,,REGULAR,,,,,Activate Odds-Package in User-Panel to retrieve odds.,,,,,,
537912,2025-11-29T00:00:00Z,SCHEDULED,13,REGULAR_SEASON,,2025-06-18T14:14:11Z,[],2072,England,ENG,https://crests.football-data.org/770.svg,2021,Premier League,PL,LEAGUE,https://crests.football-data.org/PL.png,2403,2025-08-15,2026-05-24,2,,351,Nottingham Forest FC,Nottingham,NOT,https://crests.football-data.org/351.png,397,Brighton & Hove Albion FC,Brighton Hove,BHA,https://crests.football-data.org/397.png,,REGULAR,,,,,Activate Odds-Package in User-Panel to retrieve odds.,,,,,,
537913,2025-11-29T00:00:00Z,SCHEDULED,13,REGULAR_SEASON,,2025-06-18T14:14:11Z,[],2072,England,ENG,https://crests.football-data.org/770.svg,2021,Premier League,PL,LEAGUE,https://crests.football-data.org/PL.png,2403,2025-08-15,2026-05-24,2,,73,Tottenham Hotspur FC,Tottenham,TOT,https://crests.football-data.org/73.png,63,Fulham FC,Fulham,FUL,https://crests.football-data.org/63.png,,REGULAR,,,,,Activate Odds-Package in User-Panel to retrieve odds.,,,,,,
537914,2025-11-29T00:00:00Z,SCHEDULED,13,REGULAR_SEASON,,2025-08-23T00:20:52Z,[],2072,England,ENG,https://crests.football-data.org/770.svg,2021,Premier League,PL,LEAGUE,https://crests.football-data.org/PL.png,2403,2025-08-15,2026-05-24,2,,563,West Ham United FC,West Ham,WHU,https://crests.football-data.org/563.png,64,Liverpool FC,Liverpool,LIV,https://crests.football-data.org/64.png,,REGULAR,,,,,Activate Odds-Package in User-Panel to retrieve odds.,,,,,,
537915,2025-12-03T00:00:00Z,SCHEDULED,14,REGULAR_SEASON,,2025-06-18T14:14:11Z,[],2072,England,ENG,https://crests.football-data.org/770.svg,2021,Premier League,PL,LEAGUE,https://crests.football-data.org/PL.png,2403,2025-08-15,2026-05-24,2,,1044,AFC Bournemouth,Bournemouth,BOU,https://crests.football-data.org/bournemouth.png,62,Everton FC,Everton,EVE,https://crests.football-data.org/62.png,,REGULAR,,,,,Activate Odds-Package in User-Panel to retrieve odds.,,,,,,
537916,2025-12-03T00:00:00Z,SCHEDULED,14,REGULAR_SEASON,,2025-06-18T14:14:11Z,[],2072,England,ENG,https://crests.football-data.org/770.svg,2021,Premier League,PL,LEAGUE,https://crests.football-data.org/PL.png,2403,2025-08-15,2026-05-24,2,,397,Brighton & Hove Albion FC,Brighton Hove,BHA,https://crests.football-data.org/397.png,58,Aston Villa FC,Aston Villa,AVL,https://crests.football-data.org/58.png,,REGULAR,,,,,Activate Odds-Package in User-Panel to retrieve odds.,,,,,,
537917,2025-12-03T00:00:00Z,SCHEDULED,14,REGULAR_SEASON,,2025-08-23T00:20:52Z,[],2072,England,ENG,https://crests.football-data.org/770.svg,2021,Premier League,PL,LEAGUE,https://crests.football-data.org/PL.png,2403,2025-08-15,2026-05-24,2,,57,Arsenal FC,Arsenal,ARS,https://crests.football-data.org/57.png,402,Brentford FC,Brentford,BRE,https://crests.football-data.org/402.png,,REGULAR,,,,,Activate Odds-Package in User-Panel to retrieve odds.,,,,,,
537918,2025-12-03T00:00:00Z,SCHEDULED,14,REGULAR_SEASON,,2025-06-18T14:14:11Z,[],2072,England,ENG,https://crests.football-data.org/770.svg,2021,Premier League,PL,LEAGUE,https://crests.football-data.org/PL.png,2403,2025-08-15,2026-05-24,2,,328,Burnley FC,Burnley,BUR,https://crests.football-data.org/328.png,354,Crystal Palace FC,Crystal Palace,CRY,https://crests.football-data.org/354.png,,REGULAR,,,,,Activate Odds-Package in User-Panel to retrieve odds.,,,,,,
537919,2025-12-03T00:00:00Z,SCHEDULED,14,REGULAR_SEASON,,2025-08-23T00:20:52Z,[],2072,England,ENG,https://crests.football-data.org/770.svg,2021,Premier League,PL,LEAGUE,https://crests.football-data.org/PL.png,2403,2025-08-15,2026-05-24,2,,63,Fulham FC,Fulham,FUL,https://crests.football-data.org/63.png,65,Manchester City FC,Man City,MCI,https://crests.football-data.org/65.png,,REGULAR,,,,,Activate Odds-Package in User-Panel to retrieve odds.,,,,,,
537920,2025-12-03T00:00:00Z,SCHEDULED,14,REGULAR_SEASON,,2025-08-23T00:20:52Z,[],2072,England,ENG,https://crests.football-data.org/770.svg,2021,Premier League,PL,LEAGUE,https://crests.football-data.org/PL.png,2403,2025-08-15,2026-05-24,2,,64,Liverpool FC,Liverpool,LIV,https://crests.football-data.org/64.png,71,Sunderland AFC,Sunderland,SUN,https://crests.football-data.org/71.png,,REGULAR,,,,,Activate Odds-Package in User-Panel to retrieve odds.,,,,,,
537921,2025-12-03T00:00:00Z,SCHEDULED,14,REGULAR_SEASON,,2025-08-23T00:20:52Z,[],2072,England,ENG,https://crests.football-data.org/770.svg,2021,Premier League,PL,LEAGUE,https://crests.football-data.org/PL.png,2403,2025-08-15,2026-05-24,2,,341,Leeds United FC,Leeds United,LEE,https://crests.football-data.org/341.png,61,Chelsea FC,Chelsea,CHE,https://crests.football-data.org/61.png,,REGULAR,,,,,Activate Odds-Package in User-Panel to retrieve odds.,,,,,,
537922,2025-12-03T00:00:00Z,SCHEDULED,14,REGULAR_SEASON,,2025-08-23T00:20:52Z,[],2072,England,ENG,https://crests.football-data.org/770.svg,2021,Premier League,PL,LEAGUE,https://crests.football-data.org/PL.png,2403,2025-08-15,2026-05-24,2,,66,Manchester United FC,Man United,MUN,https://crests.football-data.org/66.png,563,West Ham United FC,West Ham,WHU,https://crests.football-data.org/563.png,,REGULAR,,,,,Activate Odds-Package in User-Panel to retrieve odds.,,,,,,
537923,2025-12-03T00:00:00Z,SCHEDULED,14,REGULAR_SEASON,,2025-06-18T14:14:12Z,[],2072,England,ENG,https://crests.football-data.org/770.svg,2021,Premier League,PL,LEAGUE,https://crests.football-data.org/PL.png,2403,2025-08-15,2026-05-24,2,,67,Newcastle United FC,Newcastle,NEW,https://crests.football-data.org/67.png,73,Tottenham Hotspur FC,Tottenham,TOT,https://crests.football-data.org/73.png,,REGULAR,,,,,Activate Odds-Package in User-Panel to retrieve odds.,,,,,,
537924,2025-12-03T00:00:00Z,SCHEDULED,14,REGULAR_SEASON,,2025-08-23T00:20:52Z,[],2072,England,ENG,https://crests.football-data.org/770.svg,2021,Premier League,PL,LEAGUE,https://crests.football-data.org/PL.png,2403,2025-08-15,2026-05-24,2,,76,Wolverhampton Wanderers FC,Wolverhampton,WOL,https://crests.football-data.org/76.png,351,Nottingham Forest FC,Nottingham,NOT,https://crests.football-data.org/351.png,,REGULAR,,,,,Activate Odds-Package in User-Panel to retrieve odds.,,,,,,
537925,2025-12-06T00:00:00Z,SCHEDULED,15,REGULAR_SEASON,,2025-08-23T00:20:52Z,[],2072,England,ENG,https://crests.football-data.org/770.svg,2021,Premier League,PL,LEAGUE,https://crests.football-data.org/PL.png,2403,2025-08-15,2026-05-24,2,,1044,AFC Bournemouth,Bournemouth,BOU,https://crests.football-data.org/bournemouth.png,61,Chelsea FC,Chelsea,CHE,https://crests.football-data.org/61.png,,REGULAR,,,,,Activate Odds-Package in User-Panel to retrieve odds.,,,,,,
537926,2025-12-06T00:00:00Z,SCHEDULED,15,REGULAR_SEASON,,2025-08-23T00:20:52Z,[],2072,England,ENG,https://crests.football-data.org/770.svg,2021,Premier League,PL,LEAGUE,https://crests.football-data.org/PL.png,2403,2025-08-15,2026-05-24,2,,58,Aston Villa FC,Aston Villa,AVL,https://crests.football-data.org/58.png,57,Arsenal FC,Arsenal,ARS,https://crests.football-data.org/57.png,,REGULAR,,,,,Activate Odds-Package in User-Panel to retrieve odds.,,,,,,
537927,2025-12-06T00:00:00Z,SCHEDULED,15,REGULAR_SEASON,,2025-06-18T14:14:12Z,[],2072,England,ENG,https://crests.football-data.org/770.svg,2021,Premier League,PL,LEAGUE,https://crests.football-data.org/PL.png,2403,2025-08-15,2026-05-24,2,,397,Brighton & Hove Albion FC,Brighton Hove,BHA,https://crests.football-data.org/397.png,563,West Ham United FC,West Ham,WHU,https://crests.football-data.org/563.png,,REGULAR,,,,,Activate Odds-Package in User-Panel to retrieve odds.,,,,,,
537928,2025-12-06T00:00:00Z,SCHEDULED,15,REGULAR_SEASON,,2025-06-19T05:49:16Z,[],2072,England,ENG,https://crests.football-data.org/770.svg,2021,Premier League,PL,LEAGUE,https://crests.football-data.org/PL.png,2403,2025-08-15,2026-05-24,2,,62,Everton FC,Everton,EVE,https://crests.football-data.org/62.png,351,Nottingham Forest FC,Nottingham,NOT,https://crests.football-data.org/351.png,,REGULAR,,,,,Activate Odds-Package in User-Panel to retrieve odds.,,,,,,
537929,2025-12-06T00:00:00Z,SCHEDULED,15,REGULAR_SEASON,,2025-06-18T14:14:12Z,[],2072,England,ENG,https://crests.football-data.org/770.svg,2021,Premier League,PL,LEAGUE,https://crests.football-data.org/PL.png,2403,2025-08-15,2026-05-24,2,,63,Fulham FC,Fulham,FUL,https://crests.football-data.org/63.png,354,Crystal Palace FC,Crystal Palace,CRY,https://crests.football-data.org/354.png,,REGULAR,,,,,Activate Odds-Package in User-Panel to retrieve odds.,,,,,,
537930,2025-12-06T00:00:00Z,SCHEDULED,15,REGULAR_SEASON,,2025-08-23T00:20:52Z,[],2072,England,ENG,https://crests.football-data.org/770.svg,2021,Premier League,PL,LEAGUE,https://crests.football-data.org/PL.png,2403,2025-08-15,2026-05-24,2,,341,Leeds United FC,Leeds United,LEE,https://crests.football-data.org/341.png,64,Liverpool FC,Liverpool,LIV,https://crests.football-data.org/64.png,,REGULAR,,,,,Activate Odds-Package in User-Panel to retrieve odds.,,,,,,
537931,2025-12-06T00:00:00Z,SCHEDULED,15,REGULAR_SEASON,,2025-08-23T00:20:52Z,[],2072,England,ENG,https://crests.football-data.org/770.svg,2021,Premier League,PL,LEAGUE,https://crests.football-data.org/PL.png,2403,2025-08-15,2026-05-24,2,,65,Manchester City FC,Man City,MCI,https://crests.football-data.org/65.png,71,Sunderland AFC,Sunderland,SUN,https://crests.football-data.org/71.png,,REGULAR,,,,,Activate Odds-Package in User-Panel to retrieve odds.,,,,,,
537932,2025-12-06T00:00:00Z,SCHEDULED,15,REGULAR_SEASON,,2025-06-18T14:14:12Z,[],2072,England,ENG,https://crests.football-data.org/770.svg,2021,Premier League,PL,LEAGUE,https://crests.football-data.org/PL.png,2403,2025-08-15,2026-05-24,2,,67,Newcastle United FC,Newcastle,NEW,https://crests.football-data.org/67.png,328,Burnley FC,Burnley,BUR,https://crests.football-data.org/328.png,,REGULAR,,,,,Activate Odds-Package in User-Panel to retrieve odds.,,,,,,
537933,2025-12-06T00:00:00Z,SCHEDULED,15,REGULAR_SEASON,,2025-06-18T14:14:12Z,[],2072,England,ENG,https://crests.football-data.org/770.svg,2021,Premier League,PL,LEAGUE,https://crests.football-data.org/PL.png,2403,2025-08-15,2026-05-24,2,,73,Tottenham Hotspur FC,Tottenham,TOT,https://crests.football-data.org/73.png,402,Brentford FC,Brentford,BRE,https://crests.football-data.org/402.png,,REGULAR,,,,,Activate Odds-Package in User-Panel to retrieve odds.,,,,,,
537934,2025-12-06T00:00:00Z,SCHEDULED,15,REGULAR_SEASON,,2025-08-23T00:20:52Z,[],2072,England,ENG,https://crests.football-data.org/770.svg,2021,Premier League,PL,LEAGUE,https://crests.football-data.org/PL.png,2403,2025-08-15,2026-05-24,2,,76,Wolverhampton Wanderers FC,Wolverhampton,WOL,https://crests.football-data.org/76.png,66,Manchester United FC,Man United,MUN,https://crests.football-data.org/66.png,,REGULAR,,,,,Activate Odds-Package in User-Panel to retrieve odds.,,,,,,
537935,2025-12-13T00:00:00Z,SCHEDULED,16,REGULAR_SEASON,,2025-06-18T14:14:12Z,[],2072,England,ENG,https://crests.football-data.org/770.svg,2021,Premier League,PL,LEAGUE,https://crests.football-data.org/PL.png,2403,2025-08-15,2026-05-24,2,,71,Sunderland AFC,Sunderland,SUN,https://crests.football-data.org/71.png,67,Newcastle United FC,Newcastle,NEW,https://crests.football-data.org/67.png,,REGULAR,,,,,Activate Odds-Package in User-Panel to retrieve odds.,,,,,,
537936,2025-12-13T00:00:00Z,SCHEDULED,16,REGULAR_SEASON,,2025-08-23T00:20:52Z,[],2072,England,ENG,https://crests.football-data.org/770.svg,2021,Premier League,PL,LEAGUE,https://crests.football-data.org/PL.png,2403,2025-08-15,2026-05-24,2,,354,Crystal Palace FC,Crystal Palace,CRY,https://crests.football-data.org/354.png,65,Manchester City FC,Man City,MCI,https://crests.football-data.org/65.png,,REGULAR,,,,,Activate Odds-Package in User-Panel to retrieve odds.,,,,,,
537937,2025-12-13T00:00:00Z,SCHEDULED,16,REGULAR_SEASON,,2025-08-23T00:20:52Z,[],2072,England,ENG,https://crests.football-data.org/770.svg,2021,Premier League,PL,LEAGUE,https://crests.football-data.org/PL.png,2403,2025-08-15,2026-05-24,2,,57,Arsenal FC,Arsenal,ARS,https://crests.football-data.org/57.png,76,Wolverhampton Wanderers FC,Wolverhampton,WOL,https://crests.football-data.org/76.png,,REGULAR,,,,,Activate Odds-Package in User-Panel to retrieve odds.,,,,,,
537938,2025-12-13T00:00:00Z,SCHEDULED,16,REGULAR_SEASON,,2025-08-23T00:20:52Z,[],2072,England,ENG,https://crests.football-data.org/770.svg,2021,Premier League,PL,LEAGUE,https://crests.football-data.org/PL.png,2403,2025-08-15,2026-05-24,2,,402,Brentford FC,Brentford,BRE,https://crests.football-data.org/402.png,341,Leeds United FC,Leeds United,LEE,https://crests.football-data.org/341.png,,REGULAR,,,,,Activate Odds-Package in User-Panel to retrieve odds.,,,,,,
537939,2025-12-13T00:00:00Z,SCHEDULED,16,REGULAR_SEASON,,2025-06-18T14:14:12Z,[],2072,England,ENG,https://crests.football-data.org/770.svg,2021,Premier League,PL,LEAGUE,https://crests.football-data.org/PL.png,2403,2025-08-15,2026-05-24,2,,328,Burnley FC,Burnley,BUR,https://crests.football-data.org/328.png,63,Fulham FC,Fulham,FUL,https://crests.football-data.org/63.png,,REGULAR,,,,,Activate Odds-Package in User-Panel to retrieve odds.,,,,,,
537940,2025-12-13T00:00:00Z,SCHEDULED,16,REGULAR_SEASON,,2025-08-23T00:20:52Z,[],2072,England,ENG,https://crests.football-data.org/770.svg,2021,Premier League,PL,LEAGUE,https://crests.football-data.org/PL.png,2403,2025-08-15,2026-05-24,2,,61,Chelsea FC,Chelsea,CHE,https://crests.football-data.org/61.png,62,Everton FC,Everton,EVE,https://crests.football-data.org/62.png,,REGULAR,,,,,Activate Odds-Package in User-Panel to retrieve odds.,,,,,,
537941,2025-12-13T00:00:00Z,SCHEDULED,16,REGULAR_SEASON,,2025-08-23T00:20:52Z,[],2072,England,ENG,https://crests.football-data.org/770.svg,2021,Premier League,PL,LEAGUE,https://crests.football-data.org/PL.png,2403,2025-08-15,2026-05-24,2,,64,Liverpool FC,Liverpool,LIV,https://crests.football-data.org/64.png,397,Brighton & Hove Albion FC,Brighton Hove,BHA,https://crests.football-data.org/397.png,,REGULAR,,,,,Activate Odds-Package in User-Panel to retrieve odds.,,,,,,
537942,2025-12-13T00:00:00Z,SCHEDULED,16,REGULAR_SEASON,,2025-08-23T00:20:52Z,[],2072,England,ENG,https://crests.football-data.org/770.svg,2021,Premier League,PL,LEAGUE,https://crests.football-data.org/PL.png,2403,2025-08-15,2026-05-24,2,,66,Manchester United FC,Man United,MUN,https://crests.football-data.org/66.png,1044,AFC Bournemouth,Bournemouth,BOU,https://crests.football-data.org/bournemouth.png,,REGULAR,,,,,Activate Odds-Package in User-Panel to retrieve odds.,,,,,,
537943,2025-12-13T00:00:00Z,SCHEDULED,16,REGULAR_SEASON,,2025-06-18T14:14:12Z,[],2072,England,ENG,https://crests.football-data.org/770.svg,2021,Premier League,PL,LEAGUE,https://crests.football-data.org/PL.png,2403,2025-08-15,2026-05-24,2,,351,Nottingham Forest FC,Nottingham,NOT,https://crests.football-data.org/351.png,73,Tottenham Hotspur FC,Tottenham,TOT,https://crests.football-data.org/73.png,,REGULAR,,,,,Activate Odds-Package in User-Panel to retrieve odds.,,,,,,
537944,2025-12-13T00:00:00Z,SCHEDULED,16,REGULAR_SEASON,,2025-06-18T14:14:12Z,[],2072,England,ENG,https://crests.football-data.org/770.svg,2021,Premier League,PL,LEAGUE,https://crests.football-data.org/PL.png,2403,2025-08-15,2026-05-24,2,,563,West Ham United FC,West Ham,WHU,https://crests.football-data.org/563.png,58,Aston Villa FC,Aston Villa,AVL,https://crests.football-data.org/58.png,,REGULAR,,,,,Activate Odds-Package in User-Panel to retrieve odds.,,,,,,
537945,2025-12-20T00:00:00Z,SCHEDULED,17,REGULAR_SEASON,,2025-06-18T14:14:12Z,[],2072,England,ENG,https://crests.football-data.org/770.svg,2021,Premier League,PL,LEAGUE,https://crests.football-data.org/PL.png,2403,2025-08-15,2026-05-24,2,,1044,AFC Bournemouth,Bournemouth,BOU,https://crests.football-data.org/bournemouth.png,328,Burnley FC,Burnley,BUR,https://crests.football-data.org/328.png,,REGULAR,,,,,Activate Odds-Package in User-Panel to retrieve odds.,,,,,,
537946,2025-12-20T00:00:00Z,SCHEDULED,17,REGULAR_SEASON,,2025-08-23T00:20:52Z,[],2072,England,ENG,https://crests.football-data.org/770.svg,2021,Premier League,PL,LEAGUE,https://crests.football-data.org/PL.png,2403,2025-08-15,2026-05-24,2,,58,Aston Villa FC,Aston Villa,AVL,https://crests.football-data.org/58.png,66,Manchester United FC,Man United,MUN,https://crests.football-data.org/66.png,,REGULAR,,,,,Activate Odds-Package in User-Panel to retrieve odds.,,,,,,
537947,2025-12-20T00:00:00Z,SCHEDULED,17,REGULAR_SEASON,,2025-06-18T14:14:12Z,[],2072,England,ENG,https://crests.football-data.org/770.svg,2021,Premier League,PL,LEAGUE,https://crests.football-data.org/PL.png,2403,2025-08-15,2026-05-24,2,,397,Brighton & Hove Albion FC,Brighton Hove,BHA,https://crests.football-data.org/397.png,71,Sunderland AFC,Sunderland,SUN,https://crests.football-data.org/71.png,,REGULAR,,,,,Activate Odds-Package in User-Panel to retrieve odds.,,,,,,
537948,2025-12-20T00:00:00Z,SCHEDULED,17,REGULAR_SEASON,,2025-08-23T00:20:52Z,[],2072,England,ENG,https://crests.football-data.org/770.svg,2021,Premier League,PL,LEAGUE,https://crests.football-data.org/PL.png,2403,2025-08-15,2026-05-24,2,,62,Everton FC,Everton,EVE,https://crests.football-data.org/62.png,57,Arsenal FC,Arsenal,ARS,https://crests.football-data.org/57.png,,REGULAR,,,,,Activate Odds-Package in User-Panel to retrieve odds.,,,,,,
537949,2025-12-20T00:00:00Z,SCHEDULED,17,REGULAR_SEASON,,2025-06-18T14:14:12Z,[],2072,England,ENG,https://crests.football-data.org/770.svg,2021,Premier League,PL,LEAGUE,https://crests.football-data.org/PL.png,2403,2025-08-15,2026-05-24,2,,63,Fulham FC,Fulham,FUL,https://crests.football-data.org/63.png,351,Nottingham Forest FC,Nottingham,NOT,https://crests.football-data.org/351.png,,REGULAR,,,,,Activate Odds-Package in User-Panel to retrieve odds.,,,,,,
537950,2025-12-20T00:00:00Z,SCHEDULED,17,REGULAR_SEASON,,2025-08-23T00:20:52Z,[],2072,England,ENG,https://crests.football-data.org/770.svg,2021,Premier League,PL,LEAGUE,https://crests.football-data.org/PL.png,2403,2025-08-15,2026-05-24,2,,341,Leeds United FC,Leeds United,LEE,https://crests.football-data.org/341.png,354,Crystal Palace FC,Crystal Palace,CRY,https://crests.football-data.org/354.png,,REGULAR,,,,,Activate Odds-Package in User-Panel to retrieve odds.,,,,,,
537951,2025-12-20T00:00:00Z,SCHEDULED,17,REGULAR_SEASON,,2025-08-23T00:20:52Z,[],2072,England,ENG,https://crests.football-data.org/770.svg,2021,Premier League,PL,LEAGUE,https://crests.football-data.org/PL.png,2403,2025-08-15,2026-05-24,2,,65,Manchester City FC,Man City,MCI,https://crests.football-data.org/65.png,563,West Ham United FC,West Ham,WHU,https://crests.football-data.org/563.png,,REGULAR,,,,,Activate Odds-Package in User-Panel to retrieve odds.,,,,,,
537952,2025-12-20T00:00:00Z,SCHEDULED,17,REGULAR_SEASON,,2025-08-23T00:20:52Z,[],2072,England,ENG,https://crests.football-data.org/770.svg,2021,Premier League,PL,LEAGUE,https://crests.football-data.org/PL.png,2403,2025-08-15,2026-05-24,2,,67,Newcastle United FC,Newcastle,NEW,https://crests.football-data.org/67.png,61,Chelsea FC,Chelsea,CHE,https://crests.football-data.org/61.png,,REGULAR,,,,,Activate Odds-Package in User-Panel to retrieve odds.,,,,,,
537953,2025-12-20T00:00:00Z,SCHEDULED,17,REGULAR_SEASON,,2025-08-23T00:20:52Z,[],2072,England,ENG,https://crests.football-data.org/770.svg,2021,Premier League,PL,LEAGUE,https://crests.football-data.org/PL.png,2403,2025-08-15,2026-05-24,2,,73,Tottenham Hotspur FC,Tottenham,TOT,https://crests.football-data.org/73.png,64,Liverpool FC,Liverpool,LIV,https://crests.football-data.org/64.png,,REGULAR,,,,,Activate Odds-Package in User-Panel to retrieve odds.,,,,,,
537954,2025-12-20T00:00:00Z,SCHEDULED,17,REGULAR_SEASON,,2025-08-23T00:20:52Z,[],2072,England,ENG,https://crests.football-data.org/770.svg,2021,Premier League,PL,LEAGUE,https://crests.football-data.org/PL.png,2403,2025-08-15,2026-05-24,2,,76,Wolverhampton Wanderers FC,Wolverhampton,WOL,https://crests.football-data.org/76.png,402,Brentford FC,Brentford,BRE,https://crests.football-data.org/402.png,,REGULAR,,,,,Activate Odds-Package in User-Panel to retrieve odds.,,,,,,
537955,2025-12-27T00:00:00Z,SCHEDULED,18,REGULAR_SEASON,,2025-08-23T00:20:52Z,[],2072,England,ENG,https://crests.football-data.org/770.svg,2021,Premier League,PL,LEAGUE,https://crests.football-data.org/PL.png,2403,2025-08-15,2026-05-24,2,,71,Sunderland AFC,Sunderland,SUN,https://crests.football-data.org/71.png,341,Leeds United FC,Leeds United,LEE,https://crests.football-data.org/341.png,,REGULAR,,,,,Activate Odds-Package in User-Panel to retrieve odds.,,,,,,
537956,2025-12-27T00:00:00Z,SCHEDULED,18,REGULAR_SEASON,,2025-06-18T14:14:12Z,[],2072,England,ENG,https://crests.football-data.org/770.svg,2021,Premier League,PL,LEAGUE,https://crests.football-data.org/PL.png,2403,2025-08-15,2026-05-24,2,,354,Crystal Palace FC,Crystal Palace,CRY,https://crests.football-data.org/354.png,73,Tottenham Hotspur FC,Tottenham,TOT,https://crests.football-data.org/73.png,,REGULAR,,,,,Activate Odds-Package in User-Panel to retrieve odds.,,,,,,
537957,2025-12-27T00:00:00Z,SCHEDULED,18,REGULAR_SEASON,,2025-08-23T00:20:52Z,[],2072,England,ENG,https://crests.football-data.org/770.svg,2021,Premier League,PL,LEAGUE,https://crests.football-data.org/PL.png,2403,2025-08-15,2026-05-24,2,,57,Arsenal FC,Arsenal,ARS,https://crests.football-data.org/57.png,397,Brighton & Hove Albion FC,Brighton Hove,BHA,https://crests.football-data.org/397.png,,REGULAR,,,,,Activate Odds-Package in User-Panel to retrieve odds.,,,,,,
537958,2025-12-27T00:00:00Z,SCHEDULED,18,REGULAR_SEASON,,2025-06-18T14:14:12Z,[],2072,England,ENG,https://crests.football-data.org/770.svg,2021,Premier League,PL,LEAGUE,https://crests.football-data.org/PL.png,2403,2025-08-15,2026-05-24,2,,402,Brentford FC,Brentford,BRE,https://crests.football-data.org/402.png,1044,AFC Bournemouth,Bournemouth,BOU,https://crests.football-data.org/bournemouth.png,,REGULAR,,,,,Activate Odds-Package in User-Panel to retrieve odds.,,,,,,
537959,2025-12-27T00:00:00Z,SCHEDULED,18,REGULAR_SEASON,,2025-06-18T14:14:12Z,[],2072,England,ENG,https://crests.football-data.org/770.svg,2021,Premier League,PL,LEAGUE,https://crests.football-data.org/PL.png,2403,2025-08-15,2026-05-24,2,,328,Burnley FC,Burnley,BUR,https://crests.football-data.org/328.png,62,Everton FC,Everton,EVE,https://crests.football-data.org/62.png,,REGULAR,,,,,Activate Odds-Package in User-Panel to retrieve odds.,,,,,,
537960,2025-12-27T00:00:00Z,SCHEDULED,18,REGULAR_SEASON,,2025-08-23T00:20:52Z,[],2072,England,ENG,https://crests.football-data.org/770.svg,2021,Premier League,PL,LEAGUE,https://crests.football-data.org/PL.png,2403,2025-08-15,2026-05-24,2,,61,Chelsea FC,Chelsea,CHE,https://crests.football-data.org/61.png,58,Aston Villa FC,Aston Villa,AVL,https://crests.football-data.org/58.png,,REGULAR,,,,,Activate Odds-Package in User-Panel to retrieve odds.,,,,,,
537961,2025-12-27T00:00:00Z,SCHEDULED,18,REGULAR_SEASON,,2025-08-23T00:20:52Z,[],2072,England,ENG,https://crests.football-data.org/770.svg,2021,Premier League,PL,LEAGUE,https://crests.football-data.org/PL.png,2403,2025-08-15,2026-05-24,2,,64,Liverpool FC,Liverpool,LIV,https://crests.football-data.org/64.png,76,Wolverhampton Wanderers FC,Wolverhampton,WOL,https://crests.football-data.org/76.png,,REGULAR,,,,,Activate Odds-Package in User-Panel to retrieve odds.,,,,,,
537962,2025-12-27T00:00:00Z,SCHEDULED,18,REGULAR_SEASON,,2025-08-23T00:20:52Z,[],2072,England,ENG,https://crests.football-data.org/770.svg,2021,Premier League,PL,LEAGUE,https://crests.football-data.org/PL.png,2403,2025-08-15,2026-05-24,2,,66,Manchester United FC,Man United,MUN,https://crests.football-data.org/66.png,67,Newcastle United FC,Newcastle,NEW,https://crests.football-data.org/67.png,,REGULAR,,,,,Activate Odds-Package in User-Panel to retrieve odds.,,,,,,
537963,2025-12-27T00:00:00Z,SCHEDULED,18,REGULAR_SEASON,,2025-08-23T00:20:52Z,[],2072,England,ENG,https://crests.football-data.org/770.svg,2021,Premier League,PL,LEAGUE,https://crests.football-data.org/PL.png,2403,2025-08-15,2026-05-24,2,,351,Nottingham Forest FC,Nottingham,NOT,https://crests.football-data.org/351.png,65,Manchester City FC,Man City,MCI,https://crests.football-data.org/65.png,,REGULAR,,,,,Activate Odds-Package in User-Panel to retrieve odds.,,,,,,
537964,2025-12-27T00:00:00Z,SCHEDULED,18,REGULAR_SEASON,,2025-06-18T14:14:13Z,[],2072,England,ENG,https://crests.football-data.org/770.svg,2021,Premier League,PL,LEAGUE,https://crests.football-data.org/PL.png,2403,2025-08-15,2026-05-24,2,,563,West Ham United FC,West Ham,WHU,https://crests.football-data.org/563.png,63,Fulham FC,Fulham,FUL,https://crests.football-data.org/63.png,,REGULAR,,,,,Activate Odds-Package in User-Panel to retrieve odds.,,,,,,
537965,2025-12-30T00:00:00Z,SCHEDULED,19,REGULAR_SEASON,,2025-08-23T00:20:52Z,[],2072,England,ENG,https://crests.football-data.org/770.svg,2021,Premier League,PL,LEAGUE,https://crests.football-data.org/PL.png,2403,2025-08-15,2026-05-24,2,,71,Sunderland AFC,Sunderland,SUN,https://crests.football-data.org/71.png,65,Manchester City FC,Man City,MCI,https://crests.football-data.org/65.png,,REGULAR,,,,,Activate Odds-Package in User-Panel to retrieve odds.,,,,,,
537966,2025-12-30T00:00:00Z,SCHEDULED,19,REGULAR_SEASON,,2025-06-18T14:14:13Z,[],2072,England,ENG,https://crests.football-data.org/770.svg,2021,Premier League,PL,LEAGUE,https://crests.football-data.org/PL.png,2403,2025-08-15,2026-05-24,2,,354,Crystal Palace FC,Crystal Palace,CRY,https://crests.football-data.org/354.png,63,Fulham FC,Fulham,FUL,https://crests.football-data.org/63.png,,REGULAR,,,,,Activate Odds-Package in User-Panel to retrieve odds.,,,,,,
537967,2025-12-30T00:00:00Z,SCHEDULED,19,REGULAR_SEASON,,2025-08-23T00:20:52Z,[],2072,England,ENG,https://crests.football-data.org/770.svg,2021,Premier League,PL,LEAGUE,https://crests.football-data.org/PL.png,2403,2025-08-15,2026-05-24,2,,57,Arsenal FC,Arsenal,ARS,https://crests.football-data.org/57.png,58,Aston Villa FC,Aston Villa,AVL,https://crests.football-data.org/58.png,,REGULAR,,,,,Activate Odds-Package in User-Panel to retrieve odds.,,,,,,
537968,2025-12-30T00:00:00Z,SCHEDULED,19,REGULAR_SEASON,,2025-06-18T14:14:13Z,[],2072,England,ENG,https://crests.football-data.org/770.svg,2021,Premier League,PL,LEAGUE,https://crests.football-data.org/PL.png,2403,2025-08-15,2026-05-24,2,,402,Brentford FC,Brentford,BRE,https://crests.football-data.org/402.png,73,Tottenham Hotspur FC,Tottenham,TOT,https://crests.football-data.org/73.png,,REGULAR,,,,,Activate Odds-Package in User-Panel to retrieve odds.,,,,,,
537969,2025-12-30T00:00:00Z,SCHEDULED,19,REGULAR_SEASON,,2025-06-18T14:14:13Z,[],2072,England,ENG,https://crests.football-data.org/770.svg,2021,Premier League,PL,LEAGUE,https://crests.football-data.org/PL.png,2403,2025-08-15,2026-05-24,2,,328,Burnley FC,Burnley,BUR,https://crests.football-data.org/328.png,67,Newcastle United FC,Newcastle,NEW,https://crests.football-data.org/67.png,,REGULAR,,,,,Activate Odds-Package in User-Panel to retrieve odds.,,,,,,
537970,2025-12-30T00:00:00Z,SCHEDULED,19,REGULAR_SEASON,,2025-08-23T00:20:52Z,[],2072,England,ENG,https://crests.football-data.org/770.svg,2021,Premier League,PL,LEAGUE,https://crests.football-data.org/PL.png,2403,2025-08-15,2026-05-24,2,,61,Chelsea FC,Chelsea,CHE,https://crests.football-data.org/61.png,1044,AFC Bournemouth,Bournemouth,BOU,https://crests.football-data.org/bournemouth.png,,REGULAR,,,,,Activate Odds-Package in User-Panel to retrieve odds.,,,,,,
537971,2025-12-30T00:00:00Z,SCHEDULED,19,REGULAR_SEASON,,2025-08-23T00:20:52Z,[],2072,England,ENG,https://crests.football-data.org/770.svg,2021,Premier League,PL,LEAGUE,https://crests.football-data.org/PL.png,2403,2025-08-15,2026-05-24,2,,64,Liverpool FC,Liverpool,LIV,https://crests.football-data.org/64.png,341,Leeds United FC,Leeds United,LEE,https://crests.football-data.org/341.png,,REGULAR,,,,,Activate Odds-Package in User-Panel to retrieve odds.,,,,,,
537972,2025-12-30T00:00:00Z,SCHEDULED,19,REGULAR_SEASON,,2025-08-23T00:20:52Z,[],2072,England,ENG,https://crests.football-data.org/770.svg,2021,Premier League,PL,LEAGUE,https://crests.football-data.org/PL.png,2403,2025-08-15,2026-05-24,2,,66,Manchester United FC,Man United,MUN,https://crests.football-data.org/66.png,76,Wolverhampton Wanderers FC,Wolverhampton,WOL,https://crests.football-data.org/76.png,,REGULAR,,,,,Activate Odds-Package in User-Panel to retrieve odds.,,,,,,
537973,2025-12-30T00:00:00Z,SCHEDULED,19,REGULAR_SEASON,,2025-06-18T14:14:13Z,[],2072,England,ENG,https://crests.football-data.org/770.svg,2021,Premier League,PL,LEAGUE,https://crests.football-data.org/PL.png,2403,2025-08-15,2026-05-24,2,,351,Nottingham Forest FC,Nottingham,NOT,https://crests.football-data.org/351.png,62,Everton FC,Everton,EVE,https://crests.football-data.org/62.png,,REGULAR,,,,,Activate Odds-Package in User-Panel to retrieve odds.,,,,,,
537974,2025-12-30T00:00:00Z,SCHEDULED,19,REGULAR_SEASON,,2025-06-18T14:14:13Z,[],2072,England,ENG,https://crests.football-data.org/770.svg,2021,Premier League,PL,LEAGUE,https://crests.football-data.org/PL.png,2403,2025-08-15,2026-05-24,2,,563,West Ham United FC,West Ham,WHU,https://crests.football-data.org/563.png,397,Brighton & Hove Albion FC,Brighton Hove,BHA,https://crests.football-data.org/397.png,,REGULAR,,,,,Activate Odds-Package in User-Panel to retrieve odds.,,,,,,
537975,2026-01-03T00:00:00Z,SCHEDULED,20,REGULAR_SEASON,,2025-08-23T00:20:52Z,[],2072,England,ENG,https://crests.football-data.org/770.svg,2021,Premier League,PL,LEAGUE,https://crests.football-data.org/PL.png,2403,2025-08-15,2026-05-24,2,,1044,AFC Bournemouth,Bournemouth,BOU,https://crests.football-data.org/bournemouth.png,57,Arsenal FC,Arsenal,ARS,https://crests.football-data.org/57.png,,REGULAR,,,,,Activate Odds-Package in User-Panel to retrieve odds.,,,,,,
537976,2026-01-03T00:00:00Z,SCHEDULED,20,REGULAR_SEASON,,2025-06-18T14:14:13Z,[],2072,England,ENG,https://crests.football-data.org/770.svg,2021,Premier League,PL,LEAGUE,https://crests.football-data.org/PL.png,2403,2025-08-15,2026-05-24,2,,58,Aston Villa FC,Aston Villa,AVL,https://crests.football-data.org/58.png,351,Nottingham Forest FC,Nottingham,NOT,https://crests.football-data.org/351.png,,REGULAR,,,,,Activate Odds-Package in User-Panel to retrieve odds.,,,,,,
537977,2026-01-03T00:00:00Z,SCHEDULED,20,REGULAR_SEASON,,2025-06-18T14:14:13Z,[],2072,England,ENG,https://crests.football-data.org/770.svg,2021,Premier League,PL,LEAGUE,https://crests.football-data.org/PL.png,2403,2025-08-15,2026-05-24,2,,397,Brighton & Hove Albion FC,Brighton Hove,BHA,https://crests.football-data.org/397.png,328,Burnley FC,Burnley,BUR,https://crests.football-data.org/328.png,,REGULAR,,,,,Activate Odds-Package in User-Panel to retrieve odds.,,,,,,
537978,2026-01-03T00:00:00Z,SCHEDULED,20,REGULAR_SEASON,,2025-06-19T05:49:16Z,[],2072,England,ENG,https://crests.football-data.org/770.svg,2021,Premier League,PL,LEAGUE,https://crests.football-data.org/PL.png,2403,2025-08-15,2026-05-24,2,,62,Everton FC,Everton,EVE,https://crests.football-data.org/62.png,402,Brentford FC,Brentford,BRE,https://crests.football-data.org/402.png,,REGULAR,,,,,Activate Odds-Package in User-Panel to retrieve odds.,,,,,,
537979,2026-01-03T00:00:00Z,SCHEDULED,20,REGULAR_SEASON,,2025-08-23T00:20:52Z,[],2072,England,ENG,https://crests.football-data.org/770.svg,2021,Premier League,PL,LEAGUE,https://crests.football-data.org/PL.png,2403,2025-08-15,2026-05-24,2,,63,Fulham FC,Fulham,FUL,https://crests.football-data.org/63.png,64,Liverpool FC,Liverpool,LIV,https://crests.football-data.org/64.png,,REGULAR,,,,,Activate Odds-Package in User-Panel to retrieve odds.,,,,,,
537980,2026-01-03T00:00:00Z,SCHEDULED,20,REGULAR_SEASON,,2025-08-23T00:20:52Z,[],2072,England,ENG,https://crests.football-data.org/770.svg,2021,Premier League,PL,LEAGUE,https://crests.football-data.org/PL.png,2403,2025-08-15,2026-05-24,2,,341,Leeds United FC,Leeds United,LEE,https://crests.football-data.org/341.png,66,Manchester United FC,Man United,MUN,https://crests.football-data.org/66.png,,REGULAR,,,,,Activate Odds-Package in User-Panel to retrieve odds.,,,,,,
537981,2026-01-03T00:00:00Z,SCHEDULED,20,REGULAR_SEASON,,2025-08-23T00:20:52Z,[],2072,England,ENG,https://crests.football-data.org/770.svg,2021,Premier League,PL,LEAGUE,https://crests.football-data.org/PL.png,2403,2025-08-15,2026-05-24,2,,65,Manchester City FC,Man City,MCI,https://crests.football-data.org/65.png,61,Chelsea FC,Chelsea,CHE,https://crests.football-data.org/61.png,,REGULAR,,,,,Activate Odds-Package in User-Panel to retrieve odds.,,,,,,
537982,2026-01-03T00:00:00Z,SCHEDULED,20,REGULAR_SEASON,,2025-06-18T14:14:13Z,[],2072,England,ENG,https://crests.football-data.org/770.svg,2021,Premier League,PL,LEAGUE,https://crests.football-data.org/PL.png,2403,2025-08-15,2026-05-24,2,,67,Newcastle United FC,Newcastle,NEW,https://crests.football-data.org/67.png,354,Crystal Palace FC,Crystal Palace,CRY,https://crests.football-data.org/354.png,,REGULAR,,,,,Activate Odds-Package in User-Panel to retrieve odds.,,,,,,
537983,2026-01-03T00:00:00Z,SCHEDULED,20,REGULAR_SEASON,,2025-06-18T14:14:13Z,[],2072,England,ENG,https://crests.football-data.org/770.svg,2021,Premier League,PL,LEAGUE,https://crests.football-data.org/PL.png,2403,2025-08-15,2026-05-24,2,,73,Tottenham Hotspur FC,Tottenham,TOT,https://crests.football-data.org/73.png,71,Sunderland AFC,Sunderland,SUN,https://crests.football-data.org/71.png,,REGULAR,,,,,Activate Odds-Package in User-Panel to retrieve odds.,,,,,,
537984,2026-01-03T00:00:00Z,SCHEDULED,20,REGULAR_SEASON,,2025-08-23T00:20:52Z,[],2072,England,ENG,https://crests.football-data.org/770.svg,2021,Premier League,PL,LEAGUE,https://crests.football-data.org/PL.png,2403,2025-08-15,2026-05-24,2,,76,Wolverhampton Wanderers FC,Wolverhampton,WOL,https://crests.football-data.org/76.png,563,West Ham United FC,West Ham,WHU,https://crests.football-data.org/563.png,,REGULAR,,,,,Activate Odds-Package in User-Panel to retrieve odds.,,,,,,
537985,2026-01-07T00:00:00Z,SCHEDULED,21,REGULAR_SEASON,,2025-06-18T14:14:13Z,[],2072,England,ENG,https://crests.football-data.org/770.svg,2021,Premier League,PL,LEAGUE,https://crests.football-data.org/PL.png,2403,2025-08-15,2026-05-24,2,,1044,AFC Bournemouth,Bournemouth,BOU,https://crests.football-data.org/bournemouth.png,73,Tottenham Hotspur FC,Tottenham,TOT,https://crests.football-data.org/73.png,,REGULAR,,,,,Activate Odds-Package in User-Panel to retrieve odds.,,,,,,
537986,2026-01-07T00:00:00Z,SCHEDULED,21,REGULAR_SEASON,,2025-06-18T14:14:13Z,[],2072,England,ENG,https://crests.football-data.org/770.svg,2021,Premier League,PL,LEAGUE,https://crests.football-data.org/PL.png,2403,2025-08-15,2026-05-24,2,,354,Crystal Palace FC,Crystal Palace,CRY,https://crests.football-data.org/354.png,58,Aston Villa FC,Aston Villa,AVL,https://crests.football-data.org/58.png,,REGULAR,,,,,Activate Odds-Package in User-Panel to retrieve odds.,,,,,,
537987,2026-01-07T00:00:00Z,SCHEDULED,21,REGULAR_SEASON,,2025-08-23T00:20:52Z,[],2072,England,ENG,https://crests.football-data.org/770.svg,2021,Premier League,PL,LEAGUE,https://crests.football-data.org/PL.png,2403,2025-08-15,2026-05-24,2,,57,Arsenal FC,Arsenal,ARS,https://crests.football-data.org/57.png,64,Liverpool FC,Liverpool,LIV,https://crests.football-data.org/64.png,,REGULAR,,,,,Activate Odds-Package in User-Panel to retrieve odds.,,,,,,
537988,2026-01-07T00:00:00Z,SCHEDULED,21,REGULAR_SEASON,,2025-06-18T14:14:13Z,[],2072,England,ENG,https://crests.football-data.org/770.svg,2021,Premier League,PL,LEAGUE,https://crests.football-data.org/PL.png,2403,2025-08-15,2026-05-24,2,,402,Brentford FC,Brentford,BRE,https://crests.football-data.org/402.png,71,Sunderland AFC,Sunderland,SUN,https://crests.football-data.org/71.png,,REGULAR,,,,,Activate Odds-Package in User-Panel to retrieve odds.,,,,,,
537989,2026-01-07T00:00:00Z,SCHEDULED,21,REGULAR_SEASON,,2025-08-23T00:20:52Z,[],2072,England,ENG,https://crests.football-data.org/770.svg,2021,Premier League,PL,LEAGUE,https://crests.football-data.org/PL.png,2403,2025-08-15,2026-05-24,2,,328,Burnley FC,Burnley,BUR,https://crests.football-data.org/328.png,66,Manchester United FC,Man United,MUN,https://crests.football-data.org/66.png,,REGULAR,,,,,Activate Odds-Package in User-Panel to retrieve odds.,,,,,,
537990,2026-01-07T00:00:00Z,SCHEDULED,21,REGULAR_SEASON,,2025-08-23T00:20:52Z,[],2072,England,ENG,https://crests.football-data.org/770.svg,2021,Premier League,PL,LEAGUE,https://crests.football-data.org/PL.png,2403,2025-08-15,2026-05-24,2,,62,Everton FC,Everton,EVE,https://crests.football-data.org/62.png,76,Wolverhampton Wanderers FC,Wolverhampton,WOL,https://crests.football-data.org/76.png,,REGULAR,,,,,Activate Odds-Package in User-Panel to retrieve odds.,,,,,,
537991,2026-01-07T00:00:00Z,SCHEDULED,21,REGULAR_SEASON,,2025-08-23T00:20:52Z,[],2072,England,ENG,https://crests.football-data.org/770.svg,2021,Premier League,PL,LEAGUE,https://crests.football-data.org/PL.png,2403,2025-08-15,2026-05-24,2,,63,Fulham FC,Fulham,FUL,https://crests.football-data.org/63.png,61,Chelsea FC,Chelsea,CHE,https://crests.football-data.org/61.png,,REGULAR,,,,,Activate Odds-Package in User-Panel to retrieve odds.,,,,,,
537992,2026-01-07T00:00:00Z,SCHEDULED,21,REGULAR_SEASON,,2025-08-23T00:20:52Z,[],2072,England,ENG,https://crests.football-data.org/770.svg,2021,Premier League,PL,LEAGUE,https://crests.football-data.org/PL.png,2403,2025-08-15,2026-05-24,2,,65,Manchester City FC,Man City,MCI,https://crests.football-data.org/65.png,397,Brighton & Hove Albion FC,Brighton Hove,BHA,https://crests.football-data.org/397.png,,REGULAR,,,,,Activate Odds-Package in User-Panel to retrieve odds.,,,,,,
537993,2026-01-07T00:00:00Z,SCHEDULED,21,REGULAR_SEASON,,2025-08-23T00:20:52Z,[],2072,England,ENG,https://crests.football-data.org/770.svg,2021,Premier League,PL,LEAGUE,https://crests.football-data.org/PL.png,2403,2025-08-15,2026-05-24,2,,67,Newcastle United FC,Newcastle,NEW,https://crests.football-data.org/67.png,341,Leeds United FC,Leeds United,LEE,https://crests.football-data.org/341.png,,REGULAR,,,,,Activate Odds-Package in User-Panel to retrieve odds.,,,,,,
537994,2026-01-07T00:00:00Z,SCHEDULED,21,REGULAR_SEASON,,2025-06-18T14:14:13Z,[],2072,England,ENG,https://crests.football-data.org/770.svg,2021,Premier League,PL,LEAGUE,https://crests.football-data.org/PL.png,2403,2025-08-15,2026-05-24,2,,563,West Ham United FC,West Ham,WHU,https://crests.football-data.org/563.png,351,Nottingham Forest FC,Nottingham,NOT,https://crests.football-data.org/351.png,,REGULAR,,,,,Activate Odds-Package in User-Panel to retrieve odds.,,,,,,
537995,2026-01-17T00:00:00Z,SCHEDULED,22,REGULAR_SEASON,,2025-06-18T14:14:13Z,[],2072,England,ENG,https://crests.football-data.org/770.svg,2021,Premier League,PL,LEAGUE,https://crests.football-data.org/PL.png,2403,2025-08-15,2026-05-24,2,,71,Sunderland AFC,Sunderland,SUN,https://crests.football-data.org/71.png,354,Crystal Palace FC,Crystal Palace,CRY,https://crests.football-data.org/354.png,,REGULAR,,,,,Activate Odds-Package in User-Panel to retrieve odds.,,,,,,
537996,2026-01-17T00:00:00Z,SCHEDULED,22,REGULAR_SEASON,,2025-06-18T14:14:13Z,[],2072,England,ENG,https://crests.football-data.org/770.svg,2021,Premier League,PL,LEAGUE,https://crests.football-data.org/PL.png,2403,2025-08-15,2026-05-24,2,,58,Aston Villa FC,Aston Villa,AVL,https://crests.football-data.org/58.png,62,Everton FC,Everton,EVE,https://crests.football-data.org/62.png,,REGULAR,,,,,Activate Odds-Package in User-Panel to retrieve odds.,,,,,,
537997,2026-01-17T00:00:00Z,SCHEDULED,22,REGULAR_SEASON,,2025-06-18T14:14:13Z,[],2072,England,ENG,https://crests.football-data.org/770.svg,2021,Premier League,PL,LEAGUE,https://crests.football-data.org/PL.png,2403,2025-08-15,2026-05-24,2,,397,Brighton & Hove Albion FC,Brighton Hove,BHA,https://crests.football-data.org/397.png,1044,AFC Bournemouth,Bournemouth,BOU,https://crests.football-data.org/bournemouth.png,,REGULAR,,,,,Activate Odds-Package in User-Panel to retrieve odds.,,,,,,
537998,2026-01-17T00:00:00Z,SCHEDULED,22,REGULAR_SEASON,,2025-08-23T00:20:52Z,[],2072,England,ENG,https://crests.football-data.org/770.svg,2021,Premier League,PL,LEAGUE,https://crests.football-data.org/PL.png,2403,2025-08-15,2026-05-24,2,,61,Chelsea FC,Chelsea,CHE,https://crests.football-data.org/61.png,402,Brentford FC,Brentford,BRE,https://crests.football-data.org/402.png,,REGULAR,,,,,Activate Odds-Package in User-Panel to retrieve odds.,,,,,,
537999,2026-01-17T00:00:00Z,SCHEDULED,22,REGULAR_SEASON,,2025-08-23T00:20:52Z,[],2072,England,ENG,https://crests.football-data.org/770.svg,2021,Premier League,PL,LEAGUE,https://crests.football-data.org/PL.png,2403,2025-08-15,2026-05-24,2,,64,Liverpool FC,Liverpool,LIV,https://crests.football-data.org/64.png,328,Burnley FC,Burnley,BUR,https://crests.football-data.org/328.png,,REGULAR,,,,,Activate Odds-Package in User-Panel to retrieve odds.,,,,,,
538000,2026-01-17T00:00:00Z,SCHEDULED,22,REGULAR_SEASON,,2025-08-23T00:20:52Z,[],2072,England,ENG,https://crests.football-data.org/770.svg,2021,Premier League,PL,LEAGUE,https://crests.football-data.org/PL.png,2403,2025-08-15,2026-05-24,2,,341,Leeds United FC,Leeds United,LEE,https://crests.football-data.org/341.png,63,Fulham FC,Fulham,FUL,https://crests.football-data.org/63.png,,REGULAR,,,,,Activate Odds-Package in User-Panel to retrieve odds.,,,,,,
538001,2026-01-17T00:00:00Z,SCHEDULED,22,REGULAR_SEASON,,2025-08-23T00:20:52Z,[],2072,England,ENG,https://crests.football-data.org/770.svg,2021,Premier League,PL,LEAGUE,https://crests.football-data.org/PL.png,2403,2025-08-15,2026-05-24,2,,66,Manchester United FC,Man United,MUN,https://crests.football-data.org/66.png,65,Manchester City FC,Man City,MCI,https://crests.football-data.org/65.png,,REGULAR,,,,,Activate Odds-Package in User-Panel to retrieve odds.,,,,,,
538002,2026-01-17T00:00:00Z,SCHEDULED,22,REGULAR_SEASON,,2025-08-23T00:20:52Z,[],2072,England,ENG,https://crests.football-data.org/770.svg,2021,Premier League,PL,LEAGUE,https://crests.football-data.org/PL.png,2403,2025-08-15,2026-05-24,2,,351,Nottingham Forest FC,Nottingham,NOT,https://crests.football-data.org/351.png,57,Arsenal FC,Arsenal,ARS,https://crests.football-data.org/57.png,,REGULAR,,,,,Activate Odds-Package in User-Panel to retrieve odds.,,,,,,
538003,2026-01-17T00:00:00Z,SCHEDULED,22,REGULAR_SEASON,,2025-06-18T14:14:14Z,[],2072,England,ENG,https://crests.football-data.org/770.svg,2021,Premier League,PL,LEAGUE,https://crests.football-data.org/PL.png,2403,2025-08-15,2026-05-24,2,,73,Tottenham Hotspur FC,Tottenham,TOT,https://crests.football-data.org/73.png,563,West Ham United FC,West Ham,WHU,https://crests.football-data.org/563.png,,REGULAR,,,,,Activate Odds-Package in User-Panel to retrieve odds.,,,,,,
538004,2026-01-17T00:00:00Z,SCHEDULED,22,REGULAR_SEASON,,2025-08-23T00:20:52Z,[],2072,England,ENG,https://crests.football-data.org/770.svg,2021,Premier League,PL,LEAGUE,https://crests.football-data.org/PL.png,2403,2025-08-15,2026-05-24,2,,76,Wolverhampton Wanderers FC,Wolverhampton,WOL,https://crests.football-data.org/76.png,67,Newcastle United FC,Newcastle,NEW,https://crests.football-data.org/67.png,,REGULAR,,,,,Activate Odds-Package in User-Panel to retrieve odds.,,,,,,
538005,2026-01-24T00:00:00Z,SCHEDULED,23,REGULAR_SEASON,,2025-08-23T00:20:52Z,[],2072,England,ENG,https://crests.football-data.org/770.svg,2021,Premier League,PL,LEAGUE,https://crests.football-data.org/PL.png,2403,2025-08-15,2026-05-24,2,,1044,AFC Bournemouth,Bournemouth,BOU,https://crests.football-data.org/bournemouth.png,64,Liverpool FC,Liverpool,LIV,https://crests.football-data.org/64.png,,REGULAR,,,,,Activate Odds-Package in User-Panel to retrieve odds.,,,,,,
538006,2026-01-24T00:00:00Z,SCHEDULED,23,REGULAR_SEASON,,2025-08-23T00:20:52Z,[],2072,England,ENG,https://crests.football-data.org/770.svg,2021,Premier League,PL,LEAGUE,https://crests.football-data.org/PL.png,2403,2025-08-15,2026-05-24,2,,354,Crystal Palace FC,Crystal Palace,CRY,https://crests.football-data.org/354.png,61,Chelsea FC,Chelsea,CHE,https://crests.football-data.org/61.png,,REGULAR,,,,,Activate Odds-Package in User-Panel to retrieve odds.,,,,,,
538007,2026-01-24T00:00:00Z,SCHEDULED,23,REGULAR_SEASON,,2025-08-23T00:20:52Z,[],2072,England,ENG,https://crests.football-data.org/770.svg,2021,Premier League,PL,LEAGUE,https://crests.football-data.org/PL.png,2403,2025-08-15,2026-05-24,2,,57,Arsenal FC,Arsenal,ARS,https://crests.football-data.org/57.png,66,Manchester United FC,Man United,MUN,https://crests.football-data.org/66.png,,REGULAR,,,,,Activate Odds-Package in User-Panel to retrieve odds.,,,,,,
538008,2026-01-24T00:00:00Z,SCHEDULED,23,REGULAR_SEASON,,2025-06-18T14:14:14Z,[],2072,England,ENG,https://crests.football-data.org/770.svg,2021,Premier League,PL,LEAGUE,https://crests.football-data.org/PL.png,2403,2025-08-15,2026-05-24,2,,402,Brentford FC,Brentford,BRE,https://crests.football-data.org/402.png,351,Nottingham Forest FC,Nottingham,NOT,https://crests.football-data.org/351.png,,REGULAR,,,,,Activate Odds-Package in User-Panel to retrieve odds.,,,,,,
538009,2026-01-24T00:00:00Z,SCHEDULED,23,REGULAR_SEASON,,2025-06-18T14:14:14Z,[],2072,England,ENG,https://crests.football-data.org/770.svg,2021,Premier League,PL,LEAGUE,https://crests.football-data.org/PL.png,2403,2025-08-15,2026-05-24,2,,328,Burnley FC,Burnley,BUR,https://crests.football-data.org/328.png,73,Tottenham Hotspur FC,Tottenham,TOT,https://crests.football-data.org/73.png,,REGULAR,,,,,Activate Odds-Package in User-Panel to retrieve odds.,,,,,,
538010,2026-01-24T00:00:00Z,SCHEDULED,23,REGULAR_SEASON,,2025-08-23T00:20:52Z,[],2072,England,ENG,https://crests.football-data.org/770.svg,2021,Premier League,PL,LEAGUE,https://crests.football-data.org/PL.png,2403,2025-08-15,2026-05-24,2,,62,Everton FC,Everton,EVE,https://crests.football-data.org/62.png,341,Leeds United FC,Leeds United,LEE,https://crests.football-data.org/341.png,,REGULAR,,,,,Activate Odds-Package in User-Panel to retrieve odds.,,,,,,
538011,2026-01-24T00:00:00Z,SCHEDULED,23,REGULAR_SEASON,,2025-06-18T14:14:14Z,[],2072,England,ENG,https://crests.football-data.org/770.svg,2021,Premier League,PL,LEAGUE,https://crests.football-data.org/PL.png,2403,2025-08-15,2026-05-24,2,,63,Fulham FC,Fulham,FUL,https://crests.football-data.org/63.png,397,Brighton & Hove Albion FC,Brighton Hove,BHA,https://crests.football-data.org/397.png,,REGULAR,,,,,Activate Odds-Package in User-Panel to retrieve odds.,,,,,,
538012,2026-01-24T00:00:00Z,SCHEDULED,23,REGULAR_SEASON,,2025-08-23T00:20:52Z,[],2072,England,ENG,https://crests.football-data.org/770.svg,2021,Premier League,PL,LEAGUE,https://crests.football-data.org/PL.png,2403,2025-08-15,2026-05-24,2,,65,Manchester City FC,Man City,MCI,https://crests.football-data.org/65.png,76,Wolverhampton Wanderers FC,Wolverhampton,WOL,https://crests.football-data.org/76.png,,REGULAR,,,,,Activate Odds-Package in User-Panel to retrieve odds.,,,,,,
538013,2026-01-24T00:00:00Z,SCHEDULED,23,REGULAR_SEASON,,2025-06-18T14:14:14Z,[],2072,England,ENG,https://crests.football-data.org/770.svg,2021,Premier League,PL,LEAGUE,https://crests.football-data.org/PL.png,2403,2025-08-15,2026-05-24,2,,67,Newcastle United FC,Newcastle,NEW,https://crests.football-data.org/67.png,58,Aston Villa FC,Aston Villa,AVL,https://crests.football-data.org/58.png,,REGULAR,,,,,Activate Odds-Package in User-Panel to retrieve odds.,,,,,,
538014,2026-01-24T00:00:00Z,SCHEDULED,23,REGULAR_SEASON,,2025-06-18T14:14:14Z,[],2072,England,ENG,https://crests.football-data.org/770.svg,2021,Premier League,PL,LEAGUE,https://crests.football-data.org/PL.png,2403,2025-08-15,2026-05-24,2,,563,West Ham United FC,West Ham,WHU,https://crests.football-data.org/563.png,71,Sunderland AFC,Sunderland,SUN,https://crests.football-data.org/71.png,,REGULAR,,,,,Activate Odds-Package in User-Panel to retrieve odds.,,,,,,
538015,2026-01-31T00:00:00Z,SCHEDULED,24,REGULAR_SEASON,,2025-06-18T14:14:14Z,[],2072,England,ENG,https://crests.football-data.org/770.svg,2021,Premier League,PL,LEAGUE,https://crests.football-data.org/PL.png,2403,2025-08-15,2026-05-24,2,,71,Sunderland AFC,Sunderland,SUN,https://crests.football-data.org/71.png,328,Burnley FC,Burnley,BUR,https://crests.football-data.org/328.png,,REGULAR,,,,,Activate Odds-Package in User-Panel to retrieve odds.,,,,,,
538016,2026-01-31T00:00:00Z,SCHEDULED,24,REGULAR_SEASON,,2025-06-18T14:14:14Z,[],2072,England,ENG,https://crests.football-data.org/770.svg,2021,Premier League,PL,LEAGUE,https://crests.football-data.org/PL.png,2403,2025-08-15,2026-05-24,2,,58,Aston Villa FC,Aston Villa,AVL,https://crests.football-data.org/58.png,402,Brentford FC,Brentford,BRE,https://crests.football-data.org/402.png,,REGULAR,,,,,Activate Odds-Package in User-Panel to retrieve odds.,,,,,,
538017,2026-01-31T00:00:00Z,SCHEDULED,24,REGULAR_SEASON,,2025-06-18T14:14:14Z,[],2072,England,ENG,https://crests.football-data.org/770.svg,2021,Premier League,PL,LEAGUE,https://crests.football-data.org/PL.png,2403,2025-08-15,2026-05-24,2,,397,Brighton & Hove Albion FC,Brighton Hove,BHA,https://crests.football-data.org/397.png,62,Everton FC,Everton,EVE,https://crests.football-data.org/62.png,,REGULAR,,,,,Activate Odds-Package in User-Panel to retrieve odds.,,,,,,
538018,2026-01-31T00:00:00Z,SCHEDULED,24,REGULAR_SEASON,,2025-08-23T00:20:52Z,[],2072,England,ENG,https://crests.football-data.org/770.svg,2021,Premier League,PL,LEAGUE,https://crests.football-data.org/PL.png,2403,2025-08-15,2026-05-24,2,,61,Chelsea FC,Chelsea,CHE,https://crests.football-data.org/61.png,563,West Ham United FC,West Ham,WHU,https://crests.football-data.org/563.png,,REGULAR,,,,,Activate Odds-Package in User-Panel to retrieve odds.,,,,,,
538019,2026-01-31T00:00:00Z,SCHEDULED,24,REGULAR_SEASON,,2025-08-23T00:20:52Z,[],2072,England,ENG,https://crests.football-data.org/770.svg,2021,Premier League,PL,LEAGUE,https://crests.football-data.org/PL.png,2403,2025-08-15,2026-05-24,2,,64,Liverpool FC,Liverpool,LIV,https://crests.football-data.org/64.png,67,Newcastle United FC,Newcastle,NEW,https://crests.football-data.org/67.png,,REGULAR,,,,,Activate Odds-Package in User-Panel to retrieve odds.,,,,,,
538020,2026-01-31T00:00:00Z,SCHEDULED,24,REGULAR_SEASON,,2025-08-23T00:20:52Z,[],2072,England,ENG,https://crests.football-data.org/770.svg,2021,Premier League,PL,LEAGUE,https://crests.football-data.org/PL.png,2403,2025-08-15,2026-05-24,2,,341,Leeds United FC,Leeds United,LEE,https://crests.football-data.org/341.png,57,Arsenal FC,Arsenal,ARS,https://crests.football-data.org/57.png,,REGULAR,,,,,Activate Odds-Package in User-Panel to retrieve odds.,,,,,,
538021,2026-01-31T00:00:00Z,SCHEDULED,24,REGULAR_SEASON,,2025-08-23T00:20:52Z,[],2072,England,ENG,https://crests.football-data.org/770.svg,2021,Premier League,PL,LEAGUE,https://crests.football-data.org/PL.png,2403,2025-08-15,2026-05-24,2,,66,Manchester United FC,Man United,MUN,https://crests.football-data.org/66.png,63,Fulham FC,Fulham,FUL,https://crests.football-data.org/63.png,,REGULAR,,,,,Activate Odds-Package in User-Panel to retrieve odds.,,,,,,
538022,2026-01-31T00:00:00Z,SCHEDULED,24,REGULAR_SEASON,,2025-06-18T14:14:14Z,[],2072,England,ENG,https://crests.football-data.org/770.svg,2021,Premier League,PL,LEAGUE,https://crests.football-data.org/PL.png,2403,2025-08-15,2026-05-24,2,,351,Nottingham Forest FC,Nottingham,NOT,https://crests.football-data.org/351.png,354,Crystal Palace FC,Crystal Palace,CRY,https://crests.football-data.org/354.png,,REGULAR,,,,,Activate Odds-Package in User-Panel to retrieve odds.,,,,,,
538023,2026-01-31T00:00:00Z,SCHEDULED,24,REGULAR_SEASON,,2025-08-23T00:20:52Z,[],2072,England,ENG,https://crests.football-data.org/770.svg,2021,Premier League,PL,LEAGUE,https://crests.football-data.org/PL.png,2403,2025-08-15,2026-05-24,2,,73,Tottenham Hotspur FC,Tottenham,TOT,https://crests.football-data.org/73.png,65,Manchester City FC,Man City,MCI,https://crests.football-data.org/65.png,,REGULAR,,,,,Activate Odds-Package in User-Panel to retrieve odds.,,,,,,
538024,2026-01-31T00:00:00Z,SCHEDULED,24,REGULAR_SEASON,,2025-08-23T00:20:52Z,[],2072,England,ENG,https://crests.football-data.org/770.svg,2021,Premier League,PL,LEAGUE,https://crests.football-data.org/PL.png,2403,2025-08-15,2026-05-24,2,,76,Wolverhampton Wanderers FC,Wolverhampton,WOL,https://crests.football-data.org/76.png,1044,AFC Bournemouth,Bournemouth,BOU,https://crests.football-data.org/bournemouth.png,,REGULAR,,,,,Activate Odds-Package in User-Panel to retrieve odds.,,,,,,
538025,2026-02-07T00:00:00Z,SCHEDULED,25,REGULAR_SEASON,,2025-06-18T14:14:14Z,[],2072,England,ENG,https://crests.football-data.org/770.svg,2021,Premier League,PL,LEAGUE,https://crests.football-data.org/PL.png,2403,2025-08-15,2026-05-24,2,,1044,AFC Bournemouth,Bournemouth,BOU,https://crests.football-data.org/bournemouth.png,58,Aston Villa FC,Aston Villa,AVL,https://crests.football-data.org/58.png,,REGULAR,,,,,Activate Odds-Package in User-Panel to retrieve odds.,,,,,,
538026,2026-02-07T00:00:00Z,SCHEDULED,25,REGULAR_SEASON,,2025-06-18T14:14:14Z,[],2072,England,ENG,https://crests.football-data.org/770.svg,2021,Premier League,PL,LEAGUE,https://crests.football-data.org/PL.png,2403,2025-08-15,2026-05-24,2,,397,Brighton & Hove Albion FC,Brighton Hove,BHA,https://crests.football-data.org/397.png,354,Crystal Palace FC,Crystal Palace,CRY,https://crests.football-data.org/354.png,,REGULAR,,,,,Activate Odds-Package in User-Panel to retrieve odds.,,,,,,
538027,2026-02-07T00:00:00Z,SCHEDULED,25,REGULAR_SEASON,,2025-08-23T00:20:52Z,[],2072,England,ENG,https://crests.football-data.org/770.svg,2021,Premier League,PL,LEAGUE,https://crests.football-data.org/PL.png,2403,2025-08-15,2026-05-24,2,,57,Arsenal FC,Arsenal,ARS,https://crests.football-data.org/57.png,71,Sunderland AFC,Sunderland,SUN,https://crests.football-data.org/71.png,,REGULAR,,,,,Activate Odds-Package in User-Panel to retrieve odds.,,,,,,
538028,2026-02-07T00:00:00Z,SCHEDULED,25,REGULAR_SEASON,,2025-06-18T14:14:14Z,[],2072,England,ENG,https://crests.football-data.org/770.svg,2021,Premier League,PL,LEAGUE,https://crests.football-data.org/PL.png,2403,2025-08-15,2026-05-24,2,,328,Burnley FC,Burnley,BUR,https://crests.football-data.org/328.png,563,West Ham United FC,West Ham,WHU,https://crests.football-data.org/563.png,,REGULAR,,,,,Activate Odds-Package in User-Panel to retrieve odds.,,,,,,
538029,2026-02-07T00:00:00Z,SCHEDULED,25,REGULAR_SEASON,,2025-06-18T14:14:14Z,[],2072,England,ENG,https://crests.football-data.org/770.svg,2021,Premier League,PL,LEAGUE,https://crests.football-data.org/PL.png,2403,2025-08-15,2026-05-24,2,,63,Fulham FC,Fulham,FUL,https://crests.football-data.org/63.png,62,Everton FC,Everton,EVE,https://crests.football-data.org/62.png,,REGULAR,,,,,Activate Odds-Package in User-Panel to retrieve odds.,,,,,,
538030,2026-02-07T00:00:00Z,SCHEDULED,25,REGULAR_SEASON,,2025-08-23T00:20:52Z,[],2072,England,ENG,https://crests.football-data.org/770.svg,2021,Premier League,PL,LEAGUE,https://crests.football-data.org/PL.png,2403,2025-08-15,2026-05-24,2,,64,Liverpool FC,Liverpool,LIV,https://crests.football-data.org/64.png,65,Manchester City FC,Man City,MCI,https://crests.football-data.org/65.png,,REGULAR,,,,,Activate Odds-Package in User-Panel to retrieve odds.,,,,,,
538031,2026-02-07T00:00:00Z,SCHEDULED,25,REGULAR_SEASON,,2025-08-23T00:20:52Z,[],2072,England,ENG,https://crests.football-data.org/770.svg,2021,Premier League,PL,LEAGUE,https://crests.football-data.org/PL.png,2403,2025-08-15,2026-05-24,2,,341,Leeds United FC,Leeds United,LEE,https://crests.football-data.org/341.png,351,Nottingham Forest FC,Nottingham,NOT,https://crests.football-data.org/351.png,,REGULAR,,,,,Activate Odds-Package in User-Panel to retrieve odds.,,,,,,
538032,2026-02-07T00:00:00Z,SCHEDULED,25,REGULAR_SEASON,,2025-08-23T00:20:52Z,[],2072,England,ENG,https://crests.football-data.org/770.svg,2021,Premier League,PL,LEAGUE,https://crests.football-data.org/PL.png,2403,2025-08-15,2026-05-24,2,,66,Manchester United FC,Man United,MUN,https://crests.football-data.org/66.png,73,Tottenham Hotspur FC,Tottenham,TOT,https://crests.football-data.org/73.png,,REGULAR,,,,,Activate Odds-Package in User-Panel to retrieve odds.,,,,,,
538033,2026-02-07T00:00:00Z,SCHEDULED,25,REGULAR_SEASON,,2025-06-18T14:14:14Z,[],2072,England,ENG,https://crests.football-data.org/770.svg,2021,Premier League,PL,LEAGUE,https://crests.football-data.org/PL.png,2403,2025-08-15,2026-05-24,2,,67,Newcastle United FC,Newcastle,NEW,https://crests.football-data.org/67.png,402,Brentford FC,Brentford,BRE,https://crests.football-data.org/402.png,,REGULAR,,,,,Activate Odds-Package in User-Panel to retrieve odds.,,,,,,
538034,2026-02-07T00:00:00Z,SCHEDULED,25,REGULAR_SEASON,,2025-08-23T00:20:52Z,[],2072,England,ENG,https://crests.football-data.org/770.svg,2021,Premier League,PL,LEAGUE,https://crests.football-data.org/PL.png,2403,2025-08-15,2026-05-24,2,,76,Wolverhampton Wanderers FC,Wolverhampton,WOL,https://crests.football-data.org/76.png,61,Chelsea FC,Chelsea,CHE,https://crests.football-data.org/61.png,,REGULAR,,,,,Activate Odds-Package in User-Panel to retrieve odds.,,,,,,
538035,2026-02-11T00:00:00Z,SCHEDULED,26,REGULAR_SEASON,,2025-08-23T00:20:52Z,[],2072,England,ENG,https://crests.football-data.org/770.svg,2021,Premier League,PL,LEAGUE,https://crests.football-data.org/PL.png,2403,2025-08-15,2026-05-24,2,,71,Sunderland AFC,Sunderland,SUN,https://crests.football-data.org/71.png,64,Liverpool FC,Liverpool,LIV,https://crests.football-data.org/64.png,,REGULAR,,,,,Activate Odds-Package in User-Panel to retrieve odds.,,,,,,
538036,2026-02-11T00:00:00Z,SCHEDULED,26,REGULAR_SEASON,,2025-06-18T14:14:15Z,[],2072,England,ENG,https://crests.football-data.org/770.svg,2021,Premier League,PL,LEAGUE,https://crests.football-data.org/PL.png,2403,2025-08-15,2026-05-24,2,,58,Aston Villa FC,Aston Villa,AVL,https://crests.football-data.org/58.png,397,Brighton & Hove Albion FC,Brighton Hove,BHA,https://crests.football-data.org/397.png,,REGULAR,,,,,Activate Odds-Package in User-Panel to retrieve odds.,,,,,,
538037,2026-02-11T00:00:00Z,SCHEDULED,26,REGULAR_SEASON,,2025-06-18T14:14:15Z,[],2072,England,ENG,https://crests.football-data.org/770.svg,2021,Premier League,PL,LEAGUE,https://crests.football-data.org/PL.png,2403,2025-08-15,2026-05-24,2,,354,Crystal Palace FC,Crystal Palace,CRY,https://crests.football-data.org/354.png,328,Burnley FC,Burnley,BUR,https://crests.football-data.org/328.png,,REGULAR,,,,,Activate Odds-Package in User-Panel to retrieve odds.,,,,,,
538038,2026-02-11T00:00:00Z,SCHEDULED,26,REGULAR_SEASON,,2025-08-23T00:20:52Z,[],2072,England,ENG,https://crests.football-data.org/770.svg,2021,Premier League,PL,LEAGUE,https://crests.football-data.org/PL.png,2403,2025-08-15,2026-05-24,2,,402,Brentford FC,Brentford,BRE,https://crests.football-data.org/402.png,57,Arsenal FC,Arsenal,ARS,https://crests.football-data.org/57.png,,REGULAR,,,,,Activate Odds-Package in User-Panel to retrieve odds.,,,,,,
538039,2026-02-11T00:00:00Z,SCHEDULED,26,REGULAR_SEASON,,2025-08-23T00:20:52Z,[],2072,England,ENG,https://crests.football-data.org/770.svg,2021,Premier League,PL,LEAGUE,https://crests.football-data.org/PL.png,2403,2025-08-15,2026-05-24,2,,61,Chelsea FC,Chelsea,CHE,https://crests.football-data.org/61.png,341,Leeds United FC,Leeds United,LEE,https://crests.football-data.org/341.png,,REGULAR,,,,,Activate Odds-Package in User-Panel to retrieve odds.,,,,,,
538040,2026-02-11T00:00:00Z,SCHEDULED,26,REGULAR_SEASON,,2025-06-19T05:49:16Z,[],2072,England,ENG,https://crests.football-data.org/770.svg,2021,Premier League,PL,LEAGUE,https://crests.football-data.org/PL.png,2403,2025-08-15,2026-05-24,2,,62,Everton FC,Everton,EVE,https://crests.football-data.org/62.png,1044,AFC Bournemouth,Bournemouth,BOU,https://crests.football-data.org/bournemouth.png,,REGULAR,,,,,Activate Odds-Package in User-Panel to retrieve odds.,,,,,,
538041,2026-02-11T00:00:00Z,SCHEDULED,26,REGULAR_SEASON,,2025-08-23T00:20:52Z,[],2072,England,ENG,https://crests.football-data.org/770.svg,2021,Premier League,PL,LEAGUE,https://crests.football-data.org/PL.png,2403,2025-08-15,2026-05-24,2,,65,Manchester City FC,Man City,MCI,https://crests.football-data.org/65.png,63,Fulham FC,Fulham,FUL,https://crests.football-data.org/63.png,,REGULAR,,,,,Activate Odds-Package in User-Panel to retrieve odds.,,,,,,
538042,2026-02-11T00:00:00Z,SCHEDULED,26,REGULAR_SEASON,,2025-08-23T00:20:52Z,[],2072,England,ENG,https://crests.football-data.org/770.svg,2021,Premier League,PL,LEAGUE,https://crests.football-data.org/PL.png,2403,2025-08-15,2026-05-24,2,,351,Nottingham Forest FC,Nottingham,NOT,https://crests.football-data.org/351.png,76,Wolverhampton Wanderers FC,Wolverhampton,WOL,https://crests.football-data.org/76.png,,REGULAR,,,,,Activate Odds-Package in User-Panel to retrieve odds.,,,,,,
538043,2026-02-11T00:00:00Z,SCHEDULED,26,REGULAR_SEASON,,2025-06-18T14:14:15Z,[],2072,England,ENG,https://crests.football-data.org/770.svg,2021,Premier League,PL,LEAGUE,https://crests.football-data.org/PL.png,2403,2025-08-15,2026-05-24,2,,73,Tottenham Hotspur FC,Tottenham,TOT,https://crests.football-data.org/73.png,67,Newcastle United FC,Newcastle,NEW,https://crests.football-data.org/67.png,,REGULAR,,,,,Activate Odds-Package in User-Panel to retrieve odds.,,,,,,
538044,2026-02-11T00:00:00Z,SCHEDULED,26,REGULAR_SEASON,,2025-08-23T00:20:52Z,[],2072,England,ENG,https://crests.football-data.org/770.svg,2021,Premier League,PL,LEAGUE,https://crests.football-data.org/PL.png,2403,2025-08-15,2026-05-24,2,,563,West Ham United FC,West Ham,WHU,https://crests.football-data.org/563.png,66,Manchester United FC,Man United,MUN,https://crests.football-data.org/66.png,,REGULAR,,,,,Activate Odds-Package in User-Panel to retrieve odds.,,,,,,
538045,2026-02-21T00:00:00Z,SCHEDULED,27,REGULAR_SEASON,,2025-06-18T14:14:15Z,[],2072,England,ENG,https://crests.football-data.org/770.svg,2021,Premier League,PL,LEAGUE,https://crests.football-data.org/PL.png,2403,2025-08-15,2026-05-24,2,,71,Sunderland AFC,Sunderland,SUN,https://crests.football-data.org/71.png,63,Fulham FC,Fulham,FUL,https://crests.football-data.org/63.png,,REGULAR,,,,,Activate Odds-Package in User-Panel to retrieve odds.,,,,,,
538046,2026-02-21T00:00:00Z,SCHEDULED,27,REGULAR_SEASON,,2025-08-23T00:20:52Z,[],2072,England,ENG,https://crests.football-data.org/770.svg,2021,Premier League,PL,LEAGUE,https://crests.football-data.org/PL.png,2403,2025-08-15,2026-05-24,2,,58,Aston Villa FC,Aston Villa,AVL,https://crests.football-data.org/58.png,341,Leeds United FC,Leeds United,LEE,https://crests.football-data.org/341.png,,REGULAR,,,,,Activate Odds-Package in User-Panel to retrieve odds.,,,,,,
538047,2026-02-21T00:00:00Z,SCHEDULED,27,REGULAR_SEASON,,2025-08-23T00:20:52Z,[],2072,England,ENG,https://crests.football-data.org/770.svg,2021,Premier League,PL,LEAGUE,https://crests.football-data.org/PL.png,2403,2025-08-15,2026-05-24,2,,354,Crystal Palace FC,Crystal Palace,CRY,https://crests.football-data.org/354.png,76,Wolverhampton Wanderers FC,Wolverhampton,WOL,https://crests.football-data.org/76.png,,REGULAR,,,,,Activate Odds-Package in User-Panel to retrieve odds.,,,,,,
538048,2026-02-21T00:00:00Z,SCHEDULED,27,REGULAR_SEASON,,2025-06-18T14:14:15Z,[],2072,England,ENG,https://crests.football-data.org/770.svg,2021,Premier League,PL,LEAGUE,https://crests.football-data.org/PL.png,2403,2025-08-15,2026-05-24,2,,402,Brentford FC,Brentford,BRE,https://crests.football-data.org/402.png,397,Brighton & Hove Albion FC,Brighton Hove,BHA,https://crests.football-data.org/397.png,,REGULAR,,,,,Activate Odds-Package in User-Panel to retrieve odds.,,,,,,
538049,2026-02-21T00:00:00Z,SCHEDULED,27,REGULAR_SEASON,,2025-08-23T00:20:52Z,[],2072,England,ENG,https://crests.football-data.org/770.svg,2021,Premier League,PL,LEAGUE,https://crests.football-data.org/PL.png,2403,2025-08-15,2026-05-24,2,,61,Chelsea FC,Chelsea,CHE,https://crests.football-data.org/61.png,328,Burnley FC,Burnley,BUR,https://crests.football-data.org/328.png,,REGULAR,,,,,Activate Odds-Package in User-Panel to retrieve odds.,,,,,,
538050,2026-02-21T00:00:00Z,SCHEDULED,27,REGULAR_SEASON,,2025-08-23T00:20:52Z,[],2072,England,ENG,https://crests.football-data.org/770.svg,2021,Premier League,PL,LEAGUE,https://crests.football-data.org/PL.png,2403,2025-08-15,2026-05-24,2,,62,Everton FC,Everton,EVE,https://crests.football-data.org/62.png,66,Manchester United FC,Man United,MUN,https://crests.football-data.org/66.png,,REGULAR,,,,,Activate Odds-Package in User-Panel to retrieve odds.,,,,,,
538051,2026-02-21T00:00:00Z,SCHEDULED,27,REGULAR_SEASON,,2025-08-23T00:20:52Z,[],2072,England,ENG,https://crests.football-data.org/770.svg,2021,Premier League,PL,LEAGUE,https://crests.football-data.org/PL.png,2403,2025-08-15,2026-05-24,2,,65,Manchester City FC,Man City,MCI,https://crests.football-data.org/65.png,67,Newcastle United FC,Newcastle,NEW,https://crests.football-data.org/67.png,,REGULAR,,,,,Activate Odds-Package in User-Panel to retrieve odds.,,,,,,
538052,2026-02-21T00:00:00Z,SCHEDULED,27,REGULAR_SEASON,,2025-08-23T00:20:52Z,[],2072,England,ENG,https://crests.football-data.org/770.svg,2021,Premier League,PL,LEAGUE,https://crests.football-data.org/PL.png,2403,2025-08-15,2026-05-24,2,,351,Nottingham Forest FC,Nottingham,NOT,https://crests.football-data.org/351.png,64,Liverpool FC,Liverpool,LIV,https://crests.football-data.org/64.png,,REGULAR,,,,,Activate Odds-Package in User-Panel to retrieve odds.,,,,,,
538053,2026-02-21T00:00:00Z,SCHEDULED,27,REGULAR_SEASON,,2025-08-23T00:20:52Z,[],2072,England,ENG,https://crests.football-data.org/770.svg,2021,Premier League,PL,LEAGUE,https://crests.football-data.org/PL.png,2403,2025-08-15,2026-05-24,2,,73,Tottenham Hotspur FC,Tottenham,TOT,https://crests.football-data.org/73.png,57,Arsenal FC,Arsenal,ARS,https://crests.football-data.org/57.png,,REGULAR,,,,,Activate Odds-Package in User-Panel to retrieve odds.,,,,,,
538054,2026-02-21T00:00:00Z,SCHEDULED,27,REGULAR_SEASON,,2025-06-18T14:14:15Z,[],2072,England,ENG,https://crests.football-data.org/770.svg,2021,Premier League,PL,LEAGUE,https://crests.football-data.org/PL.png,2403,2025-08-15,2026-05-24,2,,563,West Ham United FC,West Ham,WHU,https://crests.football-data.org/563.png,1044,AFC Bournemouth,Bournemouth,BOU,https://crests.football-data.org/bournemouth.png,,REGULAR,,,,,Activate Odds-Package in User-Panel to retrieve odds.,,,,,,
538055,2026-02-28T00:00:00Z,SCHEDULED,28,REGULAR_SEASON,,2025-06-18T14:14:15Z,[],2072,England,ENG,https://crests.football-data.org/770.svg,2021,Premier League,PL,LEAGUE,https://crests.football-data.org/PL.png,2403,2025-08-15,2026-05-24,2,,1044,AFC Bournemouth,Bournemouth,BOU,https://crests.football-data.org/bournemouth.png,71,Sunderland AFC,Sunderland,SUN,https://crests.football-data.org/71.png,,REGULAR,,,,,Activate Odds-Package in User-Panel to retrieve odds.,,,,,,
538056,2026-02-28T00:00:00Z,SCHEDULED,28,REGULAR_SEASON,,2025-06-18T14:14:15Z,[],2072,England,ENG,https://crests.football-data.org/770.svg,2021,Premier League,PL,LEAGUE,https://crests.football-data.org/PL.png,2403,2025-08-15,2026-05-24,2,,397,Brighton & Hove Albion FC,Brighton Hove,BHA,https://crests.football-data.org/397.png,351,Nottingham Forest FC,Nottingham,NOT,https://crests.football-data.org/351.png,,REGULAR,,,,,Activate Odds-Package in User-Panel to retrieve odds.,,,,,,
538057,2026-02-28T00:00:00Z,SCHEDULED,28,REGULAR_SEASON,,2025-08-23T00:20:52Z,[],2072,England,ENG,https://crests.football-data.org/770.svg,2021,Premier League,PL,LEAGUE,https://crests.football-data.org/PL.png,2403,2025-08-15,2026-05-24,2,,57,Arsenal FC,Arsenal,ARS,https://crests.football-data.org/57.png,61,Chelsea FC,Chelsea,CHE,https://crests.football-data.org/61.png,,REGULAR,,,,,Activate Odds-Package in User-Panel to retrieve odds.,,,,,,
538058,2026-02-28T00:00:00Z,SCHEDULED,28,REGULAR_SEASON,,2025-06-18T14:14:15Z,[],2072,England,ENG,https://crests.football-data.org/770.svg,2021,Premier League,PL,LEAGUE,https://crests.football-data.org/PL.png,2403,2025-08-15,2026-05-24,2,,328,Burnley FC,Burnley,BUR,https://crests.football-data.org/328.png,402,Brentford FC,Brentford,BRE,https://crests.football-data.org/402.png,,REGULAR,,,,,Activate Odds-Package in User-Panel to retrieve odds.,,,,,,
538059,2026-02-28T00:00:00Z,SCHEDULED,28,REGULAR_SEASON,,2025-06-18T14:14:15Z,[],2072,England,ENG,https://crests.football-data.org/770.svg,2021,Premier League,PL,LEAGUE,https://crests.football-data.org/PL.png,2403,2025-08-15,2026-05-24,2,,63,Fulham FC,Fulham,FUL,https://crests.football-data.org/63.png,73,Tottenham Hotspur FC,Tottenham,TOT,https://crests.football-data.org/73.png,,REGULAR,,,,,Activate Odds-Package in User-Panel to retrieve odds.,,,,,,
538060,2026-02-28T00:00:00Z,SCHEDULED,28,REGULAR_SEASON,,2025-08-23T00:20:52Z,[],2072,England,ENG,https://crests.football-data.org/770.svg,2021,Premier League,PL,LEAGUE,https://crests.football-data.org/PL.png,2403,2025-08-15,2026-05-24,2,,64,Liverpool FC,Liverpool,LIV,https://crests.football-data.org/64.png,563,West Ham United FC,West Ham,WHU,https://crests.football-data.org/563.png,,REGULAR,,,,,Activate Odds-Package in User-Panel to retrieve odds.,,,,,,
538061,2026-02-28T00:00:00Z,SCHEDULED,28,REGULAR_SEASON,,2025-08-23T00:20:52Z,[],2072,England,ENG,https://crests.football-data.org/770.svg,2021,Premier League,PL,LEAGUE,https://crests.football-data.org/PL.png,2403,2025-08-15,2026-05-24,2,,341,Leeds United FC,Leeds United,LEE,https://crests.football-data.org/341.png,65,Manchester City FC,Man City,MCI,https://crests.football-data.org/65.png,,REGULAR,,,,,Activate Odds-Package in User-Panel to retrieve odds.,,,,,,
538062,2026-02-28T00:00:00Z,SCHEDULED,28,REGULAR_SEASON,,2025-08-23T00:20:52Z,[],2072,England,ENG,https://crests.football-data.org/770.svg,2021,Premier League,PL,LEAGUE,https://crests.football-data.org/PL.png,2403,2025-08-15,2026-05-24,2,,66,Manchester United FC,Man United,MUN,https://crests.football-data.org/66.png,354,Crystal Palace FC,Crystal Palace,CRY,https://crests.football-data.org/354.png,,REGULAR,,,,,Activate Odds-Package in User-Panel to retrieve odds.,,,,,,
538063,2026-02-28T00:00:00Z,SCHEDULED,28,REGULAR_SEASON,,2025-06-18T14:14:15Z,[],2072,England,ENG,https://crests.football-data.org/770.svg,2021,Premier League,PL,LEAGUE,https://crests.football-data.org/PL.png,2403,2025-08-15,2026-05-24,2,,67,Newcastle United FC,Newcastle,NEW,https://crests.football-data.org/67.png,62,Everton FC,Everton,EVE,https://crests.football-data.org/62.png,,REGULAR,,,,,Activate Odds-Package in User-Panel to retrieve odds.,,,,,,
538064,2026-02-28T00:00:00Z,SCHEDULED,28,REGULAR_SEASON,,2025-08-23T00:20:52Z,[],2072,England,ENG,https://crests.football-data.org/770.svg,2021,Premier League,PL,LEAGUE,https://crests.football-data.org/PL.png,2403,2025-08-15,2026-05-24,2,,76,Wolverhampton Wanderers FC,Wolverhampton,WOL,https://crests.football-data.org/76.png,58,Aston Villa FC,Aston Villa,AVL,https://crests.football-data.org/58.png,,REGULAR,,,,,Activate Odds-Package in User-Panel to retrieve odds.,,,,,,
538065,2026-03-04T00:00:00Z,SCHEDULED,29,REGULAR_SEASON,,2025-06-18T14:14:15Z,[],2072,England,ENG,https://crests.football-data.org/770.svg,2021,Premier League,PL,LEAGUE,https://crests.football-data.org/PL.png,2403,2025-08-15,2026-05-24,2,,1044,AFC Bournemouth,Bournemouth,BOU,https://crests.football-data.org/bournemouth.png,402,Brentford FC,Brentford,BRE,https://crests.football-data.org/402.png,,REGULAR,,,,,Activate Odds-Package in User-Panel to retrieve odds.,,,,,,
538066,2026-03-04T00:00:00Z,SCHEDULED,29,REGULAR_SEASON,,2025-08-23T00:20:52Z,[],2072,England,ENG,https://crests.football-data.org/770.svg,2021,Premier League,PL,LEAGUE,https://crests.football-data.org/PL.png,2403,2025-08-15,2026-05-24,2,,58,Aston Villa FC,Aston Villa,AVL,https://crests.football-data.org/58.png,61,Chelsea FC,Chelsea,CHE,https://crests.football-data.org/61.png,,REGULAR,,,,,Activate Odds-Package in User-Panel to retrieve odds.,,,,,,
538067,2026-03-04T00:00:00Z,SCHEDULED,29,REGULAR_SEASON,,2025-08-23T00:20:52Z,[],2072,England,ENG,https://crests.football-data.org/770.svg,2021,Premier League,PL,LEAGUE,https://crests.football-data.org/PL.png,2403,2025-08-15,2026-05-24,2,,397,Brighton & Hove Albion FC,Brighton Hove,BHA,https://crests.football-data.org/397.png,57,Arsenal FC,Arsenal,ARS,https://crests.football-data.org/57.png,,REGULAR,,,,,Activate Odds-Package in User-Panel to retrieve odds.,,,,,,
538068,2026-03-04T00:00:00Z,SCHEDULED,29,REGULAR_SEASON,,2025-06-19T05:49:16Z,[],2072,England,ENG,https://crests.football-data.org/770.svg,2021,Premier League,PL,LEAGUE,https://crests.football-data.org/PL.png,2403,2025-08-15,2026-05-24,2,,62,Everton FC,Everton,EVE,https://crests.football-data.org/62.png,328,Burnley FC,Burnley,BUR,https://crests.football-data.org/328.png,,REGULAR,,,,,Activate Odds-Package in User-Panel to retrieve odds.,,,,,,
538069,2026-03-04T00:00:00Z,SCHEDULED,29,REGULAR_SEASON,,2025-06-18T14:14:16Z,[],2072,England,ENG,https://crests.football-data.org/770.svg,2021,Premier League,PL,LEAGUE,https://crests.football-data.org/PL.png,2403,2025-08-15,2026-05-24,2,,63,Fulham FC,Fulham,FUL,https://crests.football-data.org/63.png,563,West Ham United FC,West Ham,WHU,https://crests.football-data.org/563.png,,REGULAR,,,,,Activate Odds-Package in User-Panel to retrieve odds.,,,,,,
538070,2026-03-04T00:00:00Z,SCHEDULED,29,REGULAR_SEASON,,2025-08-23T00:20:52Z,[],2072,England,ENG,https://crests.football-data.org/770.svg,2021,Premier League,PL,LEAGUE,https://crests.football-data.org/PL.png,2403,2025-08-15,2026-05-24,2,,341,Leeds United FC,Leeds United,LEE,https://crests.football-data.org/341.png,71,Sunderland AFC,Sunderland,SUN,https://crests.football-data.org/71.png,,REGULAR,,,,,Activate Odds-Package in User-Panel to retrieve odds.,,,,,,
538071,2026-03-04T00:00:00Z,SCHEDULED,29,REGULAR_SEASON,,2025-08-23T00:20:52Z,[],2072,England,ENG,https://crests.football-data.org/770.svg,2021,Premier League,PL,LEAGUE,https://crests.football-data.org/PL.png,2403,2025-08-15,2026-05-24,2,,65,Manchester City FC,Man City,MCI,https://crests.football-data.org/65.png,351,Nottingham Forest FC,Nottingham,NOT,https://crests.football-data.org/351.png,,REGULAR,,,,,Activate Odds-Package in User-Panel to retrieve odds.,,,,,,
538072,2026-03-04T00:00:00Z,SCHEDULED,29,REGULAR_SEASON,,2025-08-23T00:20:52Z,[],2072,England,ENG,https://crests.football-data.org/770.svg,2021,Premier League,PL,LEAGUE,https://crests.football-data.org/PL.png,2403,2025-08-15,2026-05-24,2,,67,Newcastle United FC,Newcastle,NEW,https://crests.football-data.org/67.png,66,Manchester United FC,Man United,MUN,https://crests.football-data.org/66.png,,REGULAR,,,,,Activate Odds-Package in User-Panel to retrieve odds.,,,,,,
538073,2026-03-04T00:00:00Z,SCHEDULED,29,REGULAR_SEASON,,2025-06-18T14:14:16Z,[],2072,England,ENG,https://crests.football-data.org/770.svg,2021,Premier League,PL,LEAGUE,https://crests.football-data.org/PL.png,2403,2025-08-15,2026-05-24,2,,73,Tottenham Hotspur FC,Tottenham,TOT,https://crests.football-data.org/73.png,354,Crystal Palace FC,Crystal Palace,CRY,https://crests.football-data.org/354.png,,REGULAR,,,,,Activate Odds-Package in User-Panel to retrieve odds.,,,,,,
538074,2026-03-04T00:00:00Z,SCHEDULED,29,REGULAR_SEASON,,2025-08-23T00:20:52Z,[],2072,England,ENG,https://crests.football-data.org/770.svg,2021,Premier League,PL,LEAGUE,https://crests.football-data.org/PL.png,2403,2025-08-15,2026-05-24,2,,76,Wolverhampton Wanderers FC,Wolverhampton,WOL,https://crests.football-data.org/76.png,64,Liverpool FC,Liverpool,LIV,https://crests.football-data.org/64.png,,REGULAR,,,,,Activate Odds-Package in User-Panel to retrieve odds.,,,,,,
538075,2026-03-14T00:00:00Z,SCHEDULED,30,REGULAR_SEASON,,2025-06-18T14:14:16Z,[],2072,England,ENG,https://crests.football-data.org/770.svg,2021,Premier League,PL,LEAGUE,https://crests.football-data.org/PL.png,2403,2025-08-15,2026-05-24,2,,71,Sunderland AFC,Sunderland,SUN,https://crests.football-data.org/71.png,397,Brighton & Hove Albion FC,Brighton Hove,BHA,https://crests.football-data.org/397.png,,REGULAR,,,,,Activate Odds-Package in User-Panel to retrieve odds.,,,,,,
538076,2026-03-14T00:00:00Z,SCHEDULED,30,REGULAR_SEASON,,2025-08-23T00:20:52Z,[],2072,England,ENG,https://crests.football-data.org/770.svg,2021,Premier League,PL,LEAGUE,https://crests.football-data.org/PL.png,2403,2025-08-15,2026-05-24,2,,354,Crystal Palace FC,Crystal Palace,CRY,https://crests.football-data.org/354.png,341,Leeds United FC,Leeds United,LEE,https://crests.football-data.org/341.png,,REGULAR,,,,,Activate Odds-Package in User-Panel to retrieve odds.,,,,,,
538077,2026-03-14T00:00:00Z,SCHEDULED,30,REGULAR_SEASON,,2025-08-23T00:20:52Z,[],2072,England,ENG,https://crests.football-data.org/770.svg,2021,Premier League,PL,LEAGUE,https://crests.football-data.org/PL.png,2403,2025-08-15,2026-05-24,2,,57,Arsenal FC,Arsenal,ARS,https://crests.football-data.org/57.png,62,Everton FC,Everton,EVE,https://crests.football-data.org/62.png,,REGULAR,,,,,Activate Odds-Package in User-Panel to retrieve odds.,,,,,,
538078,2026-03-14T00:00:00Z,SCHEDULED,30,REGULAR_SEASON,,2025-08-23T00:20:52Z,[],2072,England,ENG,https://crests.football-data.org/770.svg,2021,Premier League,PL,LEAGUE,https://crests.football-data.org/PL.png,2403,2025-08-15,2026-05-24,2,,402,Brentford FC,Brentford,BRE,https://crests.football-data.org/402.png,76,Wolverhampton Wanderers FC,Wolverhampton,WOL,https://crests.football-data.org/76.png,,REGULAR,,,,,Activate Odds-Package in User-Panel to retrieve odds.,,,,,,
538079,2026-03-14T00:00:00Z,SCHEDULED,30,REGULAR_SEASON,,2025-06-18T14:14:16Z,[],2072,England,ENG,https://crests.football-data.org/770.svg,2021,Premier League,PL,LEAGUE,https://crests.football-data.org/PL.png,2403,2025-08-15,2026-05-24,2,,328,Burnley FC,Burnley,BUR,https://crests.football-data.org/328.png,1044,AFC Bournemouth,Bournemouth,BOU,https://crests.football-data.org/bournemouth.png,,REGULAR,,,,,Activate Odds-Package in User-Panel to retrieve odds.,,,,,,
538080,2026-03-14T00:00:00Z,SCHEDULED,30,REGULAR_SEASON,,2025-08-23T00:20:52Z,[],2072,England,ENG,https://crests.football-data.org/770.svg,2021,Premier League,PL,LEAGUE,https://crests.football-data.org/PL.png,2403,2025-08-15,2026-05-24,2,,61,Chelsea FC,Chelsea,CHE,https://crests.football-data.org/61.png,67,Newcastle United FC,Newcastle,NEW,https://crests.football-data.org/67.png,,REGULAR,,,,,Activate Odds-Package in User-Panel to retrieve odds.,,,,,,
538081,2026-03-14T00:00:00Z,SCHEDULED,30,REGULAR_SEASON,,2025-08-23T00:20:52Z,[],2072,England,ENG,https://crests.football-data.org/770.svg,2021,Premier League,PL,LEAGUE,https://crests.football-data.org/PL.png,2403,2025-08-15,2026-05-24,2,,64,Liverpool FC,Liverpool,LIV,https://crests.football-data.org/64.png,73,Tottenham Hotspur FC,Tottenham,TOT,https://crests.football-data.org/73.png,,REGULAR,,,,,Activate Odds-Package in User-Panel to retrieve odds.,,,,,,
538082,2026-03-14T00:00:00Z,SCHEDULED,30,REGULAR_SEASON,,2025-08-23T00:20:52Z,[],2072,England,ENG,https://crests.football-data.org/770.svg,2021,Premier League,PL,LEAGUE,https://crests.football-data.org/PL.png,2403,2025-08-15,2026-05-24,2,,66,Manchester United FC,Man United,MUN,https://crests.football-data.org/66.png,58,Aston Villa FC,Aston Villa,AVL,https://crests.football-data.org/58.png,,REGULAR,,,,,Activate Odds-Package in User-Panel to retrieve odds.,,,,,,
538083,2026-03-14T00:00:00Z,SCHEDULED,30,REGULAR_SEASON,,2025-06-18T14:14:16Z,[],2072,England,ENG,https://crests.football-data.org/770.svg,2021,Premier League,PL,LEAGUE,https://crests.football-data.org/PL.png,2403,2025-08-15,2026-05-24,2,,351,Nottingham Forest FC,Nottingham,NOT,https://crests.football-data.org/351.png,63,Fulham FC,Fulham,FUL,https://crests.football-data.org/63.png,,REGULAR,,,,,Activate Odds-Package in User-Panel to retrieve odds.,,,,,,
538084,2026-03-14T00:00:00Z,SCHEDULED,30,REGULAR_SEASON,,2025-08-23T00:20:52Z,[],2072,England,ENG,https://crests.football-data.org/770.svg,2021,Premier League,PL,LEAGUE,https://crests.football-data.org/PL.png,2403,2025-08-15,2026-05-24,2,,563,West Ham United FC,West Ham,WHU,https://crests.football-data.org/563.png,65,Manchester City FC,Man City,MCI,https://crests.football-data.org/65.png,,REGULAR,,,,,Activate Odds-Package in User-Panel to retrieve odds.,,,,,,
538085,2026-03-21T00:00:00Z,SCHEDULED,31,REGULAR_SEASON,,2025-08-23T00:20:52Z,[],2072,England,ENG,https://crests.football-data.org/770.svg,2021,Premier League,PL,LEAGUE,https://crests.football-data.org/PL.png,2403,2025-08-15,2026-05-24,2,,1044,AFC Bournemouth,Bournemouth,BOU,https://crests.football-data.org/bournemouth.png,66,Manchester United FC,Man United,MUN,https://crests.football-data.org/66.png,,REGULAR,,,,,Activate Odds-Package in User-Panel to retrieve odds.,,,,,,
538086,2026-03-21T00:00:00Z,SCHEDULED,31,REGULAR_SEASON,,2025-06-18T14:14:16Z,[],2072,England,ENG,https://crests.football-data.org/770.svg,2021,Premier League,PL,LEAGUE,https://crests.football-data.org/PL.png,2403,2025-08-15,2026-05-24,2,,58,Aston Villa FC,Aston Villa,AVL,https://crests.football-data.org/58.png,563,West Ham United FC,West Ham,WHU,https://crests.football-data.org/563.png,,REGULAR,,,,,Activate Odds-Package in User-Panel to retrieve odds.,,,,,,
538087,2026-03-21T00:00:00Z,SCHEDULED,31,REGULAR_SEASON,,2025-08-23T00:20:52Z,[],2072,England,ENG,https://crests.football-data.org/770.svg,2021,Premier League,PL,LEAGUE,https://crests.football-data.org/PL.png,2403,2025-08-15,2026-05-24,2,,397,Brighton & Hove Albion FC,Brighton Hove,BHA,https://crests.football-data.org/397.png,64,Liverpool FC,Liverpool,LIV,https://crests.football-data.org/64.png,,REGULAR,,,,,Activate Odds-Package in User-Panel to retrieve odds.,,,,,,
538088,2026-03-21T00:00:00Z,SCHEDULED,31,REGULAR_SEASON,,2025-08-23T00:20:52Z,[],2072,England,ENG,https://crests.football-data.org/770.svg,2021,Premier League,PL,LEAGUE,https://crests.football-data.org/PL.png,2403,2025-08-15,2026-05-24,2,,62,Everton FC,Everton,EVE,https://crests.football-data.org/62.png,61,Chelsea FC,Chelsea,CHE,https://crests.football-data.org/61.png,,REGULAR,,,,,Activate Odds-Package in User-Panel to retrieve odds.,,,,,,
538089,2026-03-21T00:00:00Z,SCHEDULED,31,REGULAR_SEASON,,2025-06-18T14:14:16Z,[],2072,England,ENG,https://crests.football-data.org/770.svg,2021,Premier League,PL,LEAGUE,https://crests.football-data.org/PL.png,2403,2025-08-15,2026-05-24,2,,63,Fulham FC,Fulham,FUL,https://crests.football-data.org/63.png,328,Burnley FC,Burnley,BUR,https://crests.football-data.org/328.png,,REGULAR,,,,,Activate Odds-Package in User-Panel to retrieve odds.,,,,,,
538090,2026-03-21T00:00:00Z,SCHEDULED,31,REGULAR_SEASON,,2025-08-23T00:20:52Z,[],2072,England,ENG,https://crests.football-data.org/770.svg,2021,Premier League,PL,LEAGUE,https://crests.football-data.org/PL.png,2403,2025-08-15,2026-05-24,2,,341,Leeds United FC,Leeds United,LEE,https://crests.football-data.org/341.png,402,Brentford FC,Brentford,BRE,https://crests.football-data.org/402.png,,REGULAR,,,,,Activate Odds-Package in User-Panel to retrieve odds.,,,,,,
538091,2026-03-21T00:00:00Z,SCHEDULED,31,REGULAR_SEASON,,2025-08-23T00:20:52Z,[],2072,England,ENG,https://crests.football-data.org/770.svg,2021,Premier League,PL,LEAGUE,https://crests.football-data.org/PL.png,2403,2025-08-15,2026-05-24,2,,65,Manchester City FC,Man City,MCI,https://crests.football-data.org/65.png,354,Crystal Palace FC,Crystal Palace,CRY,https://crests.football-data.org/354.png,,REGULAR,,,,,Activate Odds-Package in User-Panel to retrieve odds.,,,,,,
538092,2026-03-21T00:00:00Z,SCHEDULED,31,REGULAR_SEASON,,2025-06-18T14:14:16Z,[],2072,England,ENG,https://crests.football-data.org/770.svg,2021,Premier League,PL,LEAGUE,https://crests.football-data.org/PL.png,2403,2025-08-15,2026-05-24,2,,67,Newcastle United FC,Newcastle,NEW,https://crests.football-data.org/67.png,71,Sunderland AFC,Sunderland,SUN,https://crests.football-data.org/71.png,,REGULAR,,,,,Activate Odds-Package in User-Panel to retrieve odds.,,,,,,
538093,2026-03-21T00:00:00Z,SCHEDULED,31,REGULAR_SEASON,,2025-06-18T14:14:16Z,[],2072,England,ENG,https://crests.football-data.org/770.svg,2021,Premier League,PL,LEAGUE,https://crests.football-data.org/PL.png,2403,2025-08-15,2026-05-24,2,,73,Tottenham Hotspur FC,Tottenham,TOT,https://crests.football-data.org/73.png,351,Nottingham Forest FC,Nottingham,NOT,https://crests.football-data.org/351.png,,REGULAR,,,,,Activate Odds-Package in User-Panel to retrieve odds.,,,,,,
538094,2026-03-21T00:00:00Z,SCHEDULED,31,REGULAR_SEASON,,2025-08-23T00:20:52Z,[],2072,England,ENG,https://crests.football-data.org/770.svg,2021,Premier League,PL,LEAGUE,https://crests.football-data.org/PL.png,2403,2025-08-15,2026-05-24,2,,76,Wolverhampton Wanderers FC,Wolverhampton,WOL,https://crests.football-data.org/76.png,57,Arsenal FC,Arsenal,ARS,https://crests.football-data.org/57.png,,REGULAR,,,,,Activate Odds-Package in User-Panel to retrieve odds.,,,,,,
538095,2026-04-11T00:00:00Z,SCHEDULED,32,REGULAR_SEASON,,2025-06-18T14:14:16Z,[],2072,England,ENG,https://crests.football-data.org/770.svg,2021,Premier League,PL,LEAGUE,https://crests.football-data.org/PL.png,2403,2025-08-15,2026-05-24,2,,71,Sunderland AFC,Sunderland,SUN,https://crests.football-data.org/71.png,73,Tottenham Hotspur FC,Tottenham,TOT,https://crests.football-data.org/73.png,,REGULAR,,,,,Activate Odds-Package in User-Panel to retrieve odds.,,,,,,
538096,2026-04-11T00:00:00Z,SCHEDULED,32,REGULAR_SEASON,,2025-06-18T14:14:16Z,[],2072,England,ENG,https://crests.football-data.org/770.svg,2021,Premier League,PL,LEAGUE,https://crests.football-data.org/PL.png,2403,2025-08-15,2026-05-24,2,,354,Crystal Palace FC,Crystal Palace,CRY,https://crests.football-data.org/354.png,67,Newcastle United FC,Newcastle,NEW,https://crests.football-data.org/67.png,,REGULAR,,,,,Activate Odds-Package in User-Panel to retrieve odds.,,,,,,
538097,2026-04-11T00:00:00Z,SCHEDULED,32,REGULAR_SEASON,,2025-08-23T00:20:52Z,[],2072,England,ENG,https://crests.football-data.org/770.svg,2021,Premier League,PL,LEAGUE,https://crests.football-data.org/PL.png,2403,2025-08-15,2026-05-24,2,,57,Arsenal FC,Arsenal,ARS,https://crests.football-data.org/57.png,1044,AFC Bournemouth,Bournemouth,BOU,https://crests.football-data.org/bournemouth.png,,REGULAR,,,,,Activate Odds-Package in User-Panel to retrieve odds.,,,,,,
538098,2026-04-11T00:00:00Z,SCHEDULED,32,REGULAR_SEASON,,2025-06-18T14:14:16Z,[],2072,England,ENG,https://crests.football-data.org/770.svg,2021,Premier League,PL,LEAGUE,https://crests.football-data.org/PL.png,2403,2025-08-15,2026-05-24,2,,402,Brentford FC,Brentford,BRE,https://crests.football-data.org/402.png,62,Everton FC,Everton,EVE,https://crests.football-data.org/62.png,,REGULAR,,,,,Activate Odds-Package in User-Panel to retrieve odds.,,,,,,
538099,2026-04-11T00:00:00Z,SCHEDULED,32,REGULAR_SEASON,,2025-06-18T14:14:16Z,[],2072,England,ENG,https://crests.football-data.org/770.svg,2021,Premier League,PL,LEAGUE,https://crests.football-data.org/PL.png,2403,2025-08-15,2026-05-24,2,,328,Burnley FC,Burnley,BUR,https://crests.football-data.org/328.png,397,Brighton & Hove Albion FC,Brighton Hove,BHA,https://crests.football-data.org/397.png,,REGULAR,,,,,Activate Odds-Package in User-Panel to retrieve odds.,,,,,,
538100,2026-04-11T00:00:00Z,SCHEDULED,32,REGULAR_SEASON,,2025-08-23T00:20:52Z,[],2072,England,ENG,https://crests.football-data.org/770.svg,2021,Premier League,PL,LEAGUE,https://crests.football-data.org/PL.png,2403,2025-08-15,2026-05-24,2,,61,Chelsea FC,Chelsea,CHE,https://crests.football-data.org/61.png,65,Manchester City FC,Man City,MCI,https://crests.football-data.org/65.png,,REGULAR,,,,,Activate Odds-Package in User-Panel to retrieve odds.,,,,,,
538101,2026-04-11T00:00:00Z,SCHEDULED,32,REGULAR_SEASON,,2025-08-23T00:20:52Z,[],2072,England,ENG,https://crests.football-data.org/770.svg,2021,Premier League,PL,LEAGUE,https://crests.football-data.org/PL.png,2403,2025-08-15,2026-05-24,2,,64,Liverpool FC,Liverpool,LIV,https://crests.football-data.org/64.png,63,Fulham FC,Fulham,FUL,https://crests.football-data.org/63.png,,REGULAR,,,,,Activate Odds-Package in User-Panel to retrieve odds.,,,,,,
538102,2026-04-11T00:00:00Z,SCHEDULED,32,REGULAR_SEASON,,2025-08-23T00:20:52Z,[],2072,England,ENG,https://crests.football-data.org/770.svg,2021,Premier League,PL,LEAGUE,https://crests.football-data.org/PL.png,2403,2025-08-15,2026-05-24,2,,66,Manchester United FC,Man United,MUN,https://crests.football-data.org/66.png,341,Leeds United FC,Leeds United,LEE,https://crests.football-data.org/341.png,,REGULAR,,,,,Activate Odds-Package in User-Panel to retrieve odds.,,,,,,
538103,2026-04-11T00:00:00Z,SCHEDULED,32,REGULAR_SEASON,,2025-06-18T14:14:16Z,[],2072,England,ENG,https://crests.football-data.org/770.svg,2021,Premier League,PL,LEAGUE,https://crests.football-data.org/PL.png,2403,2025-08-15,2026-05-24,2,,351,Nottingham Forest FC,Nottingham,NOT,https://crests.football-data.org/351.png,58,Aston Villa FC,Aston Villa,AVL,https://crests.football-data.org/58.png,,REGULAR,,,,,Activate Odds-Package in User-Panel to retrieve odds.,,,,,,
538104,2026-04-11T00:00:00Z,SCHEDULED,32,REGULAR_SEASON,,2025-08-23T00:20:52Z,[],2072,England,ENG,https://crests.football-data.org/770.svg,2021,Premier League,PL,LEAGUE,https://crests.football-data.org/PL.png,2403,2025-08-15,2026-05-24,2,,563,West Ham United FC,West Ham,WHU,https://crests.football-data.org/563.png,76,Wolverhampton Wanderers FC,Wolverhampton,WOL,https://crests.football-data.org/76.png,,REGULAR,,,,,Activate Odds-Package in User-Panel to retrieve odds.,,,,,,
538112,2026-04-18T00:00:00Z,SCHEDULED,33,REGULAR_SEASON,,2025-06-18T14:14:17Z,[],2072,England,ENG,https://crests.football-data.org/770.svg,2021,Premier League,PL,LEAGUE,https://crests.football-data.org/PL.png,2403,2025-08-15,2026-05-24,2,,67,Newcastle United FC,Newcastle,NEW,https://crests.football-data.org/67.png,1044,AFC Bournemouth,Bournemouth,BOU,https://crests.football-data.org/bournemouth.png,,REGULAR,,,,,Activate Odds-Package in User-Panel to retrieve odds.,,,,,,
538113,2026-04-18T00:00:00Z,SCHEDULED,33,REGULAR_SEASON,,2025-06-18T14:14:17Z,[],2072,England,ENG,https://crests.football-data.org/770.svg,2021,Premier League,PL,LEAGUE,https://crests.football-data.org/PL.png,2403,2025-08-15,2026-05-24,2,,351,Nottingham Forest FC,Nottingham,NOT,https://crests.football-data.org/351.png,328,Burnley FC,Burnley,BUR,https://crests.football-data.org/328.png,,REGULAR,,,,,Activate Odds-Package in User-Panel to retrieve odds.,,,,,,
538114,2026-04-18T00:00:00Z,SCHEDULED,33,REGULAR_SEASON,,2025-06-18T14:14:17Z,[],2072,England,ENG,https://crests.football-data.org/770.svg,2021,Premier League,PL,LEAGUE,https://crests.football-data.org/PL.png,2403,2025-08-15,2026-05-24,2,,73,Tottenham Hotspur FC,Tottenham,TOT,https://crests.football-data.org/73.png,397,Brighton & Hove Albion FC,Brighton Hove,BHA,https://crests.football-data.org/397.png,,REGULAR,,,,,Activate Odds-Package in User-Panel to retrieve odds.,,,,,,
538105,2026-04-18T00:00:00Z,SCHEDULED,33,REGULAR_SEASON,,2025-06-18T14:14:17Z,[],2072,England,ENG,https://crests.football-data.org/770.svg,2021,Premier League,PL,LEAGUE,https://crests.football-data.org/PL.png,2403,2025-08-15,2026-05-24,2,,58,Aston Villa FC,Aston Villa,AVL,https://crests.football-data.org/58.png,71,Sunderland AFC,Sunderland,SUN,https://crests.football-data.org/71.png,,REGULAR,,,,,Activate Odds-Package in User-Panel to retrieve odds.,,,,,,
538106,2026-04-18T00:00:00Z,SCHEDULED,33,REGULAR_SEASON,,2025-06-18T14:14:17Z,[],2072,England,ENG,https://crests.football-data.org/770.svg,2021,Premier League,PL,LEAGUE,https://crests.football-data.org/PL.png,2403,2025-08-15,2026-05-24,2,,354,Crystal Palace FC,Crystal Palace,CRY,https://crests.football-data.org/354.png,563,West Ham United FC,West Ham,WHU,https://crests.football-data.org/563.png,,REGULAR,,,,,Activate Odds-Package in User-Panel to retrieve odds.,,,,,,
538107,2026-04-18T00:00:00Z,SCHEDULED,33,REGULAR_SEASON,,2025-06-18T14:14:17Z,[],2072,England,ENG,https://crests.football-data.org/770.svg,2021,Premier League,PL,LEAGUE,https://crests.football-data.org/PL.png,2403,2025-08-15,2026-05-24,2,,402,Brentford FC,Brentford,BRE,https://crests.football-data.org/402.png,63,Fulham FC,Fulham,FUL,https://crests.football-data.org/63.png,,REGULAR,,,,,Activate Odds-Package in User-Panel to retrieve odds.,,,,,,
538108,2026-04-18T00:00:00Z,SCHEDULED,33,REGULAR_SEASON,,2025-08-23T00:20:52Z,[],2072,England,ENG,https://crests.football-data.org/770.svg,2021,Premier League,PL,LEAGUE,https://crests.football-data.org/PL.png,2403,2025-08-15,2026-05-24,2,,61,Chelsea FC,Chelsea,CHE,https://crests.football-data.org/61.png,66,Manchester United FC,Man United,MUN,https://crests.football-data.org/66.png,,REGULAR,,,,,Activate Odds-Package in User-Panel to retrieve odds.,,,,,,
538109,2026-04-18T00:00:00Z,SCHEDULED,33,REGULAR_SEASON,,2025-08-23T00:20:52Z,[],2072,England,ENG,https://crests.football-data.org/770.svg,2021,Premier League,PL,LEAGUE,https://crests.football-data.org/PL.png,2403,2025-08-15,2026-05-24,2,,62,Everton FC,Everton,EVE,https://crests.football-data.org/62.png,64,Liverpool FC,Liverpool,LIV,https://crests.football-data.org/64.png,,REGULAR,,,,,Activate Odds-Package in User-Panel to retrieve odds.,,,,,,
538110,2026-04-18T00:00:00Z,SCHEDULED,33,REGULAR_SEASON,,2025-08-23T00:20:52Z,[],2072,England,ENG,https://crests.football-data.org/770.svg,2021,Premier League,PL,LEAGUE,https://crests.football-data.org/PL.png,2403,2025-08-15,2026-05-24,2,,341,Leeds United FC,Leeds United,LEE,https://crests.football-data.org/341.png,76,Wolverhampton Wanderers FC,Wolverhampton,WOL,https://crests.football-data.org/76.png,,REGULAR,,,,,Activate Odds-Package in User-Panel to retrieve odds.,,,,,,
538111,2026-04-18T00:00:00Z,SCHEDULED,33,REGULAR_SEASON,,2025-08-23T00:20:52Z,[],2072,England,ENG,https://crests.football-data.org/770.svg,2021,Premier League,PL,LEAGUE,https://crests.football-data.org/PL.png,2403,2025-08-15,2026-05-24,2,,65,Manchester City FC,Man City,MCI,https://crests.football-data.org/65.png,57,Arsenal FC,Arsenal,ARS,https://crests.football-data.org/57.png,,REGULAR,,,,,Activate Odds-Package in User-Panel to retrieve odds.,,,,,,
538115,2026-04-25T00:00:00Z,SCHEDULED,34,REGULAR_SEASON,,2025-08-23T00:20:52Z,[],2072,England,ENG,https://crests.football-data.org/770.svg,2021,Premier League,PL,LEAGUE,https://crests.football-data.org/PL.png,2403,2025-08-15,2026-05-24,2,,1044,AFC Bournemouth,Bournemouth,BOU,https://crests.football-data.org/bournemouth.png,341,Leeds United FC,Leeds United,LEE,https://crests.football-data.org/341.png,,REGULAR,,,,,Activate Odds-Package in User-Panel to retrieve odds.,,,,,,
538116,2026-04-25T00:00:00Z,SCHEDULED,34,REGULAR_SEASON,,2025-06-18T14:14:17Z,[],2072,England,ENG,https://crests.football-data.org/770.svg,2021,Premier League,PL,LEAGUE,https://crests.football-data.org/PL.png,2403,2025-08-15,2026-05-24,2,,71,Sunderland AFC,Sunderland,SUN,https://crests.football-data.org/71.png,351,Nottingham Forest FC,Nottingham,NOT,https://crests.football-data.org/351.png,,REGULAR,,,,,Activate Odds-Package in User-Panel to retrieve odds.,,,,,,
538117,2026-04-25T00:00:00Z,SCHEDULED,34,REGULAR_SEASON,,2025-08-23T00:20:52Z,[],2072,England,ENG,https://crests.football-data.org/770.svg,2021,Premier League,PL,LEAGUE,https://crests.football-data.org/PL.png,2403,2025-08-15,2026-05-24,2,,397,Brighton & Hove Albion FC,Brighton Hove,BHA,https://crests.football-data.org/397.png,61,Chelsea FC,Chelsea,CHE,https://crests.football-data.org/61.png,,REGULAR,,,,,Activate Odds-Package in User-Panel to retrieve odds.,,,,,,
538118,2026-04-25T00:00:00Z,SCHEDULED,34,REGULAR_SEASON,,2025-08-23T00:20:52Z,[],2072,England,ENG,https://crests.football-data.org/770.svg,2021,Premier League,PL,LEAGUE,https://crests.football-data.org/PL.png,2403,2025-08-15,2026-05-24,2,,57,Arsenal FC,Arsenal,ARS,https://crests.football-data.org/57.png,67,Newcastle United FC,Newcastle,NEW,https://crests.football-data.org/67.png,,REGULAR,,,,,Activate Odds-Package in User-Panel to retrieve odds.,,,,,,
538119,2026-04-25T00:00:00Z,SCHEDULED,34,REGULAR_SEASON,,2025-08-23T00:20:52Z,[],2072,England,ENG,https://crests.football-data.org/770.svg,2021,Premier League,PL,LEAGUE,https://crests.football-data.org/PL.png,2403,2025-08-15,2026-05-24,2,,328,Burnley FC,Burnley,BUR,https://crests.football-data.org/328.png,65,Manchester City FC,Man City,MCI,https://crests.football-data.org/65.png,,REGULAR,,,,,Activate Odds-Package in User-Panel to retrieve odds.,,,,,,
538120,2026-04-25T00:00:00Z,SCHEDULED,34,REGULAR_SEASON,,2025-06-18T14:14:17Z,[],2072,England,ENG,https://crests.football-data.org/770.svg,2021,Premier League,PL,LEAGUE,https://crests.football-data.org/PL.png,2403,2025-08-15,2026-05-24,2,,63,Fulham FC,Fulham,FUL,https://crests.football-data.org/63.png,58,Aston Villa FC,Aston Villa,AVL,https://crests.football-data.org/58.png,,REGULAR,,,,,Activate Odds-Package in User-Panel to retrieve odds.,,,,,,
538121,2026-04-25T00:00:00Z,SCHEDULED,34,REGULAR_SEASON,,2025-08-23T00:20:52Z,[],2072,England,ENG,https://crests.football-data.org/770.svg,2021,Premier League,PL,LEAGUE,https://crests.football-data.org/PL.png,2403,2025-08-15,2026-05-24,2,,64,Liverpool FC,Liverpool,LIV,https://crests.football-data.org/64.png,354,Crystal Palace FC,Crystal Palace,CRY,https://crests.football-data.org/354.png,,REGULAR,,,,,Activate Odds-Package in User-Panel to retrieve odds.,,,,,,
538122,2026-04-25T00:00:00Z,SCHEDULED,34,REGULAR_SEASON,,2025-08-23T00:20:52Z,[],2072,England,ENG,https://crests.football-data.org/770.svg,2021,Premier League,PL,LEAGUE,https://crests.football-data.org/PL.png,2403,2025-08-15,2026-05-24,2,,66,Manchester United FC,Man United,MUN,https://crests.football-data.org/66.png,402,Brentford FC,Brentford,BRE,https://crests.football-data.org/402.png,,REGULAR,,,,,Activate Odds-Package in User-Panel to retrieve odds.,,,,,,
538123,2026-04-25T00:00:00Z,SCHEDULED,34,REGULAR_SEASON,,2025-06-18T14:14:17Z,[],2072,England,ENG,https://crests.football-data.org/770.svg,2021,Premier League,PL,LEAGUE,https://crests.football-data.org/PL.png,2403,2025-08-15,2026-05-24,2,,563,West Ham United FC,West Ham,WHU,https://crests.football-data.org/563.png,62,Everton FC,Everton,EVE,https://crests.football-data.org/62.png,,REGULAR,,,,,Activate Odds-Package in User-Panel to retrieve odds.,,,,,,
538124,2026-04-25T00:00:00Z,SCHEDULED,34,REGULAR_SEASON,,2025-08-23T00:20:52Z,[],2072,England,ENG,https://crests.football-data.org/770.svg,2021,Premier League,PL,LEAGUE,https://crests.football-data.org/PL.png,2403,2025-08-15,2026-05-24,2,,76,Wolverhampton Wanderers FC,Wolverhampton,WOL,https://crests.football-data.org/76.png,73,Tottenham Hotspur FC,Tottenham,TOT,https://crests.football-data.org/73.png,,REGULAR,,,,,Activate Odds-Package in User-Panel to retrieve odds.,,,,,,
538125,2026-05-02T00:00:00Z,SCHEDULED,35,REGULAR_SEASON,,2025-06-18T14:14:17Z,[],2072,England,ENG,https://crests.football-data.org/770.svg,2021,Premier League,PL,LEAGUE,https://crests.football-data.org/PL.png,2403,2025-08-15,2026-05-24,2,,1044,AFC Bournemouth,Bournemouth,BOU,https://crests.football-data.org/bournemouth.png,354,Crystal Palace FC,Crystal Palace,CRY,https://crests.football-data.org/354.png,,REGULAR,,,,,Activate Odds-Package in User-Panel to retrieve odds.,,,,,,
538126,2026-05-02T00:00:00Z,SCHEDULED,35,REGULAR_SEASON,,2025-06-18T14:14:17Z,[],2072,England,ENG,https://crests.football-data.org/770.svg,2021,Premier League,PL,LEAGUE,https://crests.football-data.org/PL.png,2403,2025-08-15,2026-05-24,2,,58,Aston Villa FC,Aston Villa,AVL,https://crests.football-data.org/58.png,73,Tottenham Hotspur FC,Tottenham,TOT,https://crests.football-data.org/73.png,,REGULAR,,,,,Activate Odds-Package in User-Panel to retrieve odds.,,,,,,
538127,2026-05-02T00:00:00Z,SCHEDULED,35,REGULAR_SEASON,,2025-08-23T00:20:52Z,[],2072,England,ENG,https://crests.football-data.org/770.svg,2021,Premier League,PL,LEAGUE,https://crests.football-data.org/PL.png,2403,2025-08-15,2026-05-24,2,,57,Arsenal FC,Arsenal,ARS,https://crests.football-data.org/57.png,63,Fulham FC,Fulham,FUL,https://crests.football-data.org/63.png,,REGULAR,,,,,Activate Odds-Package in User-Panel to retrieve odds.,,,,,,
538128,2026-05-02T00:00:00Z,SCHEDULED,35,REGULAR_SEASON,,2025-06-18T14:14:17Z,[],2072,England,ENG,https://crests.football-data.org/770.svg,2021,Premier League,PL,LEAGUE,https://crests.football-data.org/PL.png,2403,2025-08-15,2026-05-24,2,,402,Brentford FC,Brentford,BRE,https://crests.football-data.org/402.png,563,West Ham United FC,West Ham,WHU,https://crests.football-data.org/563.png,,REGULAR,,,,,Activate Odds-Package in User-Panel to retrieve odds.,,,,,,
538129,2026-05-02T00:00:00Z,SCHEDULED,35,REGULAR_SEASON,,2025-08-23T00:20:52Z,[],2072,England,ENG,https://crests.football-data.org/770.svg,2021,Premier League,PL,LEAGUE,https://crests.football-data.org/PL.png,2403,2025-08-15,2026-05-24,2,,61,Chelsea FC,Chelsea,CHE,https://crests.football-data.org/61.png,351,Nottingham Forest FC,Nottingham,NOT,https://crests.football-data.org/351.png,,REGULAR,,,,,Activate Odds-Package in User-Panel to retrieve odds.,,,,,,
538130,2026-05-02T00:00:00Z,SCHEDULED,35,REGULAR_SEASON,,2025-08-23T00:20:52Z,[],2072,England,ENG,https://crests.football-data.org/770.svg,2021,Premier League,PL,LEAGUE,https://crests.football-data.org/PL.png,2403,2025-08-15,2026-05-24,2,,62,Everton FC,Everton,EVE,https://crests.football-data.org/62.png,65,Manchester City FC,Man City,MCI,https://crests.football-data.org/65.png,,REGULAR,,,,,Activate Odds-Package in User-Panel to retrieve odds.,,,,,,
538131,2026-05-02T00:00:00Z,SCHEDULED,35,REGULAR_SEASON,,2025-08-23T00:20:52Z,[],2072,England,ENG,https://crests.football-data.org/770.svg,2021,Premier League,PL,LEAGUE,https://crests.football-data.org/PL.png,2403,2025-08-15,2026-05-24,2,,341,Leeds United FC,Leeds United,LEE,https://crests.football-data.org/341.png,328,Burnley FC,Burnley,BUR,https://crests.football-data.org/328.png,,REGULAR,,,,,Activate Odds-Package in User-Panel to retrieve odds.,,,,,,
538132,2026-05-02T00:00:00Z,SCHEDULED,35,REGULAR_SEASON,,2025-08-23T00:20:52Z,[],2072,England,ENG,https://crests.football-data.org/770.svg,2021,Premier League,PL,LEAGUE,https://crests.football-data.org/PL.png,2403,2025-08-15,2026-05-24,2,,66,Manchester United FC,Man United,MUN,https://crests.football-data.org/66.png,64,Liverpool FC,Liverpool,LIV,https://crests.football-data.org/64.png,,REGULAR,,,,,Activate Odds-Package in User-Panel to retrieve odds.,,,,,,
538133,2026-05-02T00:00:00Z,SCHEDULED,35,REGULAR_SEASON,,2025-06-18T14:14:17Z,[],2072,England,ENG,https://crests.football-data.org/770.svg,2021,Premier League,PL,LEAGUE,https://crests.football-data.org/PL.png,2403,2025-08-15,2026-05-24,2,,67,Newcastle United FC,Newcastle,NEW,https://crests.football-data.org/67.png,397,Brighton & Hove Albion FC,Brighton Hove,BHA,https://crests.football-data.org/397.png,,REGULAR,,,,,Activate Odds-Package in User-Panel to retrieve odds.,,,,,,
538134,2026-05-02T00:00:00Z,SCHEDULED,35,REGULAR_SEASON,,2025-08-23T00:20:52Z,[],2072,England,ENG,https://crests.football-data.org/770.svg,2021,Premier League,PL,LEAGUE,https://crests.football-data.org/PL.png,2403,2025-08-15,2026-05-24,2,,76,Wolverhampton Wanderers FC,Wolverhampton,WOL,https://crests.football-data.org/76.png,71,Sunderland AFC,Sunderland,SUN,https://crests.football-data.org/71.png,,REGULAR,,,,,Activate Odds-Package in User-Panel to retrieve odds.,,,,,,
538135,2026-05-09T00:00:00Z,SCHEDULED,36,REGULAR_SEASON,,2025-08-23T00:20:52Z,[],2072,England,ENG,https://crests.football-data.org/770.svg,2021,Premier League,PL,LEAGUE,https://crests.football-data.org/PL.png,2403,2025-08-15,2026-05-24,2,,71,Sunderland AFC,Sunderland,SUN,https://crests.football-data.org/71.png,66,Manchester United FC,Man United,MUN,https://crests.football-data.org/66.png,,REGULAR,,,,,Activate Odds-Package in User-Panel to retrieve odds.,,,,,,
538136,2026-05-09T00:00:00Z,SCHEDULED,36,REGULAR_SEASON,,2025-08-23T00:20:52Z,[],2072,England,ENG,https://crests.football-data.org/770.svg,2021,Premier League,PL,LEAGUE,https://crests.football-data.org/PL.png,2403,2025-08-15,2026-05-24,2,,397,Brighton & Hove Albion FC,Brighton Hove,BHA,https://crests.football-data.org/397.png,76,Wolverhampton Wanderers FC,Wolverhampton,WOL,https://crests.football-data.org/76.png,,REGULAR,,,,,Activate Odds-Package in User-Panel to retrieve odds.,,,,,,
538137,2026-05-09T00:00:00Z,SCHEDULED,36,REGULAR_SEASON,,2025-06-18T14:14:17Z,[],2072,England,ENG,https://crests.football-data.org/770.svg,2021,Premier League,PL,LEAGUE,https://crests.football-data.org/PL.png,2403,2025-08-15,2026-05-24,2,,354,Crystal Palace FC,Crystal Palace,CRY,https://crests.football-data.org/354.png,62,Everton FC,Everton,EVE,https://crests.football-data.org/62.png,,REGULAR,,,,,Activate Odds-Package in User-Panel to retrieve odds.,,,,,,
538138,2026-05-09T00:00:00Z,SCHEDULED,36,REGULAR_SEASON,,2025-06-18T14:14:17Z,[],2072,England,ENG,https://crests.football-data.org/770.svg,2021,Premier League,PL,LEAGUE,https://crests.football-data.org/PL.png,2403,2025-08-15,2026-05-24,2,,328,Burnley FC,Burnley,BUR,https://crests.football-data.org/328.png,58,Aston Villa FC,Aston Villa,AVL,https://crests.football-data.org/58.png,,REGULAR,,,,,Activate Odds-Package in User-Panel to retrieve odds.,,,,,,
538139,2026-05-09T00:00:00Z,SCHEDULED,36,REGULAR_SEASON,,2025-06-18T14:14:17Z,[],2072,England,ENG,https://crests.football-data.org/770.svg,2021,Premier League,PL,LEAGUE,https://crests.football-data.org/PL.png,2403,2025-08-15,2026-05-24,2,,63,Fulham FC,Fulham,FUL,https://crests.football-data.org/63.png,1044,AFC Bournemouth,Bournemouth,BOU,https://crests.football-data.org/bournemouth.png,,REGULAR,,,,,Activate Odds-Package in User-Panel to retrieve odds.,,,,,,
538140,2026-05-09T00:00:00Z,SCHEDULED,36,REGULAR_SEASON,,2025-08-23T00:20:52Z,[],2072,England,ENG,https://crests.football-data.org/770.svg,2021,Premier League,PL,LEAGUE,https://crests.football-data.org/PL.png,2403,2025-08-15,2026-05-24,2,,64,Liverpool FC,Liverpool,LIV,https://crests.football-data.org/64.png,61,Chelsea FC,Chelsea,CHE,https://crests.football-data.org/61.png,,REGULAR,,,,,Activate Odds-Package in User-Panel to retrieve odds.,,,,,,
538141,2026-05-09T00:00:00Z,SCHEDULED,36,REGULAR_SEASON,,2025-08-23T00:20:52Z,[],2072,England,ENG,https://crests.football-data.org/770.svg,2021,Premier League,PL,LEAGUE,https://crests.football-data.org/PL.png,2403,2025-08-15,2026-05-24,2,,65,Manchester City FC,Man City,MCI,https://crests.football-data.org/65.png,402,Brentford FC,Brentford,BRE,https://crests.football-data.org/402.png,,REGULAR,,,,,Activate Odds-Package in User-Panel to retrieve odds.,,,,,,
538142,2026-05-09T00:00:00Z,SCHEDULED,36,REGULAR_SEASON,,2025-06-18T14:14:17Z,[],2072,England,ENG,https://crests.football-data.org/770.svg,2021,Premier League,PL,LEAGUE,https://crests.football-data.org/PL.png,2403,2025-08-15,2026-05-24,2,,351,Nottingham Forest FC,Nottingham,NOT,https://crests.football-data.org/351.png,67,Newcastle United FC,Newcastle,NEW,https://crests.football-data.org/67.png,,REGULAR,,,,,Activate Odds-Package in User-Panel to retrieve odds.,,,,,,
538143,2026-05-09T00:00:00Z,SCHEDULED,36,REGULAR_SEASON,,2025-08-23T00:20:52Z,[],2072,England,ENG,https://crests.football-data.org/770.svg,2021,Premier League,PL,LEAGUE,https://crests.football-data.org/PL.png,2403,2025-08-15,2026-05-24,2,,73,Tottenham Hotspur FC,Tottenham,TOT,https://crests.football-data.org/73.png,341,Leeds United FC,Leeds United,LEE,https://crests.football-data.org/341.png,,REGULAR,,,,,Activate Odds-Package in User-Panel to retrieve odds.,,,,,,
538144,2026-05-09T00:00:00Z,SCHEDULED,36,REGULAR_SEASON,,2025-08-23T00:20:52Z,[],2072,England,ENG,https://crests.football-data.org/770.svg,2021,Premier League,PL,LEAGUE,https://crests.football-data.org/PL.png,2403,2025-08-15,2026-05-24,2,,563,West Ham United FC,West Ham,WHU,https://crests.football-data.org/563.png,57,Arsenal FC,Arsenal,ARS,https://crests.football-data.org/57.png,,REGULAR,,,,,Activate Odds-Package in User-Panel to retrieve odds.,,,,,,
538145,2026-05-17T00:00:00Z,SCHEDULED,37,REGULAR_SEASON,,2025-08-23T00:20:52Z,[],2072,England,ENG,https://crests.football-data.org/770.svg,2021,Premier League,PL,LEAGUE,https://crests.football-data.org/PL.png,2403,2025-08-15,2026-05-24,2,,1044,AFC Bournemouth,Bournemouth,BOU,https://crests.football-data.org/bournemouth.png,65,Manchester City FC,Man City,MCI,https://crests.football-data.org/65.png,,REGULAR,,,,,Activate Odds-Package in User-Panel to retrieve odds.,,,,,,
538146,2026-05-17T00:00:00Z,SCHEDULED,37,REGULAR_SEASON,,2025-08-23T00:20:52Z,[],2072,England,ENG,https://crests.football-data.org/770.svg,2021,Premier League,PL,LEAGUE,https://crests.football-data.org/PL.png,2403,2025-08-15,2026-05-24,2,,58,Aston Villa FC,Aston Villa,AVL,https://crests.football-data.org/58.png,64,Liverpool FC,Liverpool,LIV,https://crests.football-data.org/64.png,,REGULAR,,,,,Activate Odds-Package in User-Panel to retrieve odds.,,,,,,
538147,2026-05-17T00:00:00Z,SCHEDULED,37,REGULAR_SEASON,,2025-08-23T00:20:52Z,[],2072,England,ENG,https://crests.football-data.org/770.svg,2021,Premier League,PL,LEAGUE,https://crests.football-data.org/PL.png,2403,2025-08-15,2026-05-24,2,,57,Arsenal FC,Arsenal,ARS,https://crests.football-data.org/57.png,328,Burnley FC,Burnley,BUR,https://crests.football-data.org/328.png,,REGULAR,,,,,Activate Odds-Package in User-Panel to retrieve odds.,,,,,,
538148,2026-05-17T00:00:00Z,SCHEDULED,37,REGULAR_SEASON,,2025-06-18T14:14:18Z,[],2072,England,ENG,https://crests.football-data.org/770.svg,2021,Premier League,PL,LEAGUE,https://crests.football-data.org/PL.png,2403,2025-08-15,2026-05-24,2,,402,Brentford FC,Brentford,BRE,https://crests.football-data.org/402.png,354,Crystal Palace FC,Crystal Palace,CRY,https://crests.football-data.org/354.png,,REGULAR,,,,,Activate Odds-Package in User-Panel to retrieve odds.,,,,,,
538149,2026-05-17T00:00:00Z,SCHEDULED,37,REGULAR_SEASON,,2025-08-23T00:20:52Z,[],2072,England,ENG,https://crests.football-data.org/770.svg,2021,Premier League,PL,LEAGUE,https://crests.football-data.org/PL.png,2403,2025-08-15,2026-05-24,2,,61,Chelsea FC,Chelsea,CHE,https://crests.football-data.org/61.png,73,Tottenham Hotspur FC,Tottenham,TOT,https://crests.football-data.org/73.png,,REGULAR,,,,,Activate Odds-Package in User-Panel to retrieve odds.,,,,,,
538150,2026-05-17T00:00:00Z,SCHEDULED,37,REGULAR_SEASON,,2025-06-19T05:49:16Z,[],2072,England,ENG,https://crests.football-data.org/770.svg,2021,Premier League,PL,LEAGUE,https://crests.football-data.org/PL.png,2403,2025-08-15,2026-05-24,2,,62,Everton FC,Everton,EVE,https://crests.football-data.org/62.png,71,Sunderland AFC,Sunderland,SUN,https://crests.football-data.org/71.png,,REGULAR,,,,,Activate Odds-Package in User-Panel to retrieve odds.,,,,,,
538151,2026-05-17T00:00:00Z,SCHEDULED,37,REGULAR_SEASON,,2025-08-23T00:20:52Z,[],2072,England,ENG,https://crests.football-data.org/770.svg,2021,Premier League,PL,LEAGUE,https://crests.football-data.org/PL.png,2403,2025-08-15,2026-05-24,2,,341,Leeds United FC,Leeds United,LEE,https://crests.football-data.org/341.png,397,Brighton & Hove Albion FC,Brighton Hove,BHA,https://crests.football-data.org/397.png,,REGULAR,,,,,Activate Odds-Package in User-Panel to retrieve odds.,,,,,,
538152,2026-05-17T00:00:00Z,SCHEDULED,37,REGULAR_SEASON,,2025-08-23T00:20:52Z,[],2072,England,ENG,https://crests.football-data.org/770.svg,2021,Premier League,PL,LEAGUE,https://crests.football-data.org/PL.png,2403,2025-08-15,2026-05-24,2,,66,Manchester United FC,Man United,MUN,https://crests.football-data.org/66.png,351,Nottingham Forest FC,Nottingham,NOT,https://crests.football-data.org/351.png,,REGULAR,,,,,Activate Odds-Package in User-Panel to retrieve odds.,,,,,,
538153,2026-05-17T00:00:00Z,SCHEDULED,37,REGULAR_SEASON,,2025-06-18T14:14:18Z,[],2072,England,ENG,https://crests.football-data.org/770.svg,2021,Premier League,PL,LEAGUE,https://crests.football-data.org/PL.png,2403,2025-08-15,2026-05-24,2,,67,Newcastle United FC,Newcastle,NEW,https://crests.football-data.org/67.png,563,West Ham United FC,West Ham,WHU,https://crests.football-data.org/563.png,,REGULAR,,,,,Activate Odds-Package in User-Panel to retrieve odds.,,,,,,
538154,2026-05-17T00:00:00Z,SCHEDULED,37,REGULAR_SEASON,,2025-08-23T00:20:52Z,[],2072,England,ENG,https://crests.football-data.org/770.svg,2021,Premier League,PL,LEAGUE,https://crests.football-data.org/PL.png,2403,2025-08-15,2026-05-24,2,,76,Wolverhampton Wanderers FC,Wolverhampton,WOL,https://crests.football-data.org/76.png,63,Fulham FC,Fulham,FUL,https://crests.football-data.org/63.png,,REGULAR,,,,,Activate Odds-Package in User-Panel to retrieve odds.,,,,,,
538155,2026-05-24T00:00:00Z,SCHEDULED,38,REGULAR_SEASON,,2025-08-23T00:20:52Z,[],2072,England,ENG,https://crests.football-data.org/770.svg,2021,Premier League,PL,LEAGUE,https://crests.football-data.org/PL.png,2403,2025-08-15,2026-05-24,2,,71,Sunderland AFC,Sunderland,SUN,https://crests.football-data.org/71.png,61,Chelsea FC,Chelsea,CHE,https://crests.football-data.org/61.png,,REGULAR,,,,,Activate Odds-Package in User-Panel to retrieve odds.,,,,,,
538156,2026-05-24T00:00:00Z,SCHEDULED,38,REGULAR_SEASON,,2025-08-23T00:20:52Z,[],2072,England,ENG,https://crests.football-data.org/770.svg,2021,Premier League,PL,LEAGUE,https://crests.football-data.org/PL.png,2403,2025-08-15,2026-05-24,2,,397,Brighton & Hove Albion FC,Brighton Hove,BHA,https://crests.football-data.org/397.png,66,Manchester United FC,Man United,MUN,https://crests.football-data.org/66.png,,REGULAR,,,,,Activate Odds-Package in User-Panel to retrieve odds.,,,,,,
538157,2026-05-24T00:00:00Z,SCHEDULED,38,REGULAR_SEASON,,2025-08-23T00:20:52Z,[],2072,England,ENG,https://crests.football-data.org/770.svg,2021,Premier League,PL,LEAGUE,https://crests.football-data.org/PL.png,2403,2025-08-15,2026-05-24,2,,354,Crystal Palace FC,Crystal Palace,CRY,https://crests.football-data.org/354.png,57,Arsenal FC,Arsenal,ARS,https://crests.football-data.org/57.png,,REGULAR,,,,,Activate Odds-Package in User-Panel to retrieve odds.,,,,,,
538158,2026-05-24T00:00:00Z,SCHEDULED,38,REGULAR_SEASON,,2025-08-23T00:20:52Z,[],2072,England,ENG,https://crests.football-data.org/770.svg,2021,Premier League,PL,LEAGUE,https://crests.football-data.org/PL.png,2403,2025-08-15,2026-05-24,2,,328,Burnley FC,Burnley,BUR,https://crests.football-data.org/328.png,76,Wolverhampton Wanderers FC,Wolverhampton,WOL,https://crests.football-data.org/76.png,,REGULAR,,,,,Activate Odds-Package in User-Panel to retrieve odds.,,,,,,
538159,2026-05-24T00:00:00Z,SCHEDULED,38,REGULAR_SEASON,,2025-06-18T14:14:18Z,[],2072,England,ENG,https://crests.football-data.org/770.svg,2021,Premier League,PL,LEAGUE,https://crests.football-data.org/PL.png,2403,2025-08-15,2026-05-24,2,,63,Fulham FC,Fulham,FUL,https://crests.football-data.org/63.png,67,Newcastle United FC,Newcastle,NEW,https://crests.football-data.org/67.png,,REGULAR,,,,,Activate Odds-Package in User-Panel to retrieve odds.,,,,,,
538160,2026-05-24T00:00:00Z,SCHEDULED,38,REGULAR_SEASON,,2025-08-23T00:20:52Z,[],2072,England,ENG,https://crests.football-data.org/770.svg,2021,Premier League,PL,LEAGUE,https://crests.football-data.org/PL.png,2403,2025-08-15,2026-05-24,2,,64,Liverpool FC,Liverpool,LIV,https://crests.football-data.org/64.png,402,Brentford FC,Brentford,BRE,https://crests.football-data.org/402.png,,REGULAR,,,,,Activate Odds-Package in User-Panel to retrieve odds.,,,,,,
538161,2026-05-24T00:00:00Z,SCHEDULED,38,REGULAR_SEASON,,2025-08-23T00:20:52Z,[],2072,England,ENG,https://crests.football-data.org/770.svg,2021,Premier League,PL,LEAGUE,https://crests.football-data.org/PL.png,2403,2025-08-15,2026-05-24,2,,65,Manchester City FC,Man City,MCI,https://crests.football-data.org/65.png,58,Aston Villa FC,Aston Villa,AVL,https://crests.football-data.org/58.png,,REGULAR,,,,,Activate Odds-Package in User-Panel to retrieve odds.,,,,,,
538162,2026-05-24T00:00:00Z,SCHEDULED,38,REGULAR_SEASON,,2025-06-18T14:14:18Z,[],2072,England,ENG,https://crests.football-data.org/770.svg,2021,Premier League,PL,LEAGUE,https://crests.football-data.org/PL.png,2403,2025-08-15,2026-05-24,2,,351,Nottingham Forest FC,Nottingham,NOT,https://crests.football-data.org/351.png,1044,AFC Bournemouth,Bournemouth,BOU,https://crests.football-data.org/bournemouth.png,,REGULAR,,,,,Activate Odds-Package in User-Panel to retrieve odds.,,,,,,
538163,2026-05-24T00:00:00Z,SCHEDULED,38,REGULAR_SEASON,,2025-06-18T14:14:18Z,[],2072,England,ENG,https://crests.football-data.org/770.svg,2021,Premier League,PL,LEAGUE,https://crests.football-data.org/PL.png,2403,2025-08-15,2026-05-24,2,,73,Tottenham Hotspur FC,Tottenham,TOT,https://crests.football-data.org/73.png,62,Everton FC,Everton,EVE,https://crests.football-data.org/62.png,,REGULAR,,,,,Activate Odds-Package in User-Panel to retrieve odds.,,,,,,
538164,2026-05-24T00:00:00Z,SCHEDULED,38,REGULAR_SEASON,,2025-08-23T00:20:52Z,[],2072,England,ENG,https://crests.football-data.org/770.svg,2021,Premier League,PL,LEAGUE,https://crests.football-data.org/PL.png,2403,2025-08-15,2026-05-24,2,,563,West Ham United FC,West Ham,WHU,https://crests.football-data.org/563.png,341,Leeds United FC,Leeds United,LEE,https://crests.football-data.org/341.png,,REGULAR,,,,,Activate Odds-Package in User-Panel to retrieve odds.,,,,,,
