id,utcDate,status,matchday,stage,group,lastUpdated,referees,area_id,area_name,area_code,area_flag,competition_id,competition_name,competition_code,competition_type,competition_emblem,season_id,season_startDate,season_endDate,season_currentMatchday,season_winner,homeTeam_id,homeTeam_name,homeTeam_shortName,homeTeam_tla,homeTeam_crest,awayTeam_id,awayTeam_name,awayTeam_shortName,awayTeam_tla,awayTeam_crest,score_winner,score_duration,score_fullTime_home,score_fullTime_away,score_halfTime_home,score_halfTime_away,score_regularTime_home,score_regularTime_away,score_extraTime_home,score_extraTime_away,score_penalties_home,score_penalties_away,odds_msg
536819,2025-08-23T16:30:00Z,IN_PLAY,1,REGULAR_SEASON,,2025-08-23T16:35:13Z,"[{'id': 11029, 'name': 'Davide Massa', 'type': 'REFEREE', 'nationality': 'Italy'}]",2114,Italy,ITA,https://crests.football-data.org/784.svg,2019,Serie A,SA,LEAGUE,https://crests.football-data.org/SA.png,2395,2025-08-24,2026-05-24,1,,107,Genoa CFC,Genoa,GEN,https://crests.football-data.org/107.png,5890,US Lecce,Lecce,USL,https://crests.football-data.org/5890.png,DRAW,REGULAR,0.0,0.0,0.0,0.0,0.0,0.0,0.0,0.0,0.0,0.0,Activate Odds-Package in User-Panel to retrieve odds.
536823,2025-08-23T16:30:00Z,PAUSED,1,REGULAR_SEASON,,2025-08-23T17:24:13Z,"[{'id': 57842, 'name': 'Giovanni Ayroldi', 'type': 'REFEREE', 'nationality': 'Italy'}]",2114,Italy,ITA,https://crests.football-data.org/784.svg,2019,Serie A,SA,LEAGUE,https://crests.football-data.org/SA.png,2395,2025-08-24,2026-05-24,1,,471,US Sassuolo Calcio,Sassuolo,SAS,https://crests.football-data.org/471.png,113,SSC Napoli,Napoli,NAP,https://crests.football-data.org/113.png,AWAY_TEAM,REGULAR,0.0,1.0,0.0,1.0,0.0,0.0,0.0,0.0,0.0,0.0,Activate Odds-Package in User-Panel to retrieve odds.
536815,2025-08-23T18:45:00Z,TIMED,1,REGULAR_SEASON,,2025-08-17T01:32:04Z,"[{'id': 97848, 'name': 'Giuseppe Collu', 'type': 'REFEREE', 'nationality': 'Italy'}]",2114,Italy,ITA,https://crests.football-data.org/784.svg,2019,Serie A,SA,LEAGUE,https://crests.football-data.org/SA.png,2395,2025-08-24,2026-05-24,1,,98,AC Milan,Milan,MIL,https://crests.football-data.org/98.png,457,US Cremonese,Cremonese,CRE,https://crests.football-data.org/457.png,,REGULAR,,,,,,,,,,,Activate Odds-Package in User-Panel to retrieve odds.
536816,2025-08-23T18:45:00Z,TIMED,1,REGULAR_SEASON,,2025-08-17T01:32:04Z,"[{'id': 57764, 'name': 'Luca Zufferli', 'type': 'REFEREE', 'nationality': 'Italy'}]",2114,Italy,ITA,https://crests.football-data.org/784.svg,2019,Serie A,SA,LEAGUE,https://crests.football-data.org/SA.png,2395,2025-08-24,2026-05-24,1,,100,AS Roma,Roma,ROM,https://crests.football-data.org/100.png,103,Bologna FC 1909,Bologna,BOL,https://crests.football-data.org/103.png,,REGULAR,,,,,,,,,,,Activate Odds-Package in User-Panel to retrieve odds.
536818,2025-08-24T16:30:00Z,TIMED,1,REGULAR_SEASON,,2025-08-18T01:32:04Z,[],2114,Italy,ITA,https://crests.football-data.org/784.svg,2019,Serie A,SA,LEAGUE,https://crests.football-data.org/SA.png,2395,2025-08-24,2026-05-24,1,,104,Cagliari Calcio,Cagliari,CAG,https://crests.football-data.org/104.png,99,ACF Fiorentina,Fiorentina,FIO,https://crests.football-data.org/99.png,,REGULAR,,,,,,,,,,,Activate Odds-Package in User-Panel to retrieve odds.
536820,2025-08-24T16:30:00Z,TIMED,1,REGULAR_SEASON,,2025-08-18T01:32:04Z,[],2114,Italy,ITA,https://crests.football-data.org/784.svg,2019,Serie A,SA,LEAGUE,https://crests.football-data.org/SA.png,2395,2025-08-24,2026-05-24,1,,7397,Como 1907,Como 1907,COM,https://crests.football-data.org/7397.png,110,SS Lazio,Lazio,LAZ,https://crests.football-data.org/110.png,,REGULAR,,,,,,,,,,,Activate Odds-Package in User-Panel to retrieve odds.
536817,2025-08-24T18:45:00Z,TIMED,1,REGULAR_SEASON,,2025-08-18T01:32:05Z,[],2114,Italy,ITA,https://crests.football-data.org/784.svg,2019,Serie A,SA,LEAGUE,https://crests.football-data.org/SA.png,2395,2025-08-24,2026-05-24,1,,102,Atalanta BC,Atalanta,ATA,https://crests.football-data.org/102.png,487,AC Pisa 1909,AC Pisa,PIS,https://crests.football-data.org/487.png,,REGULAR,,,,,,,,,,,Activate Odds-Package in User-Panel to retrieve odds.
536822,2025-08-24T18:45:00Z,TIMED,1,REGULAR_SEASON,,2025-08-23T00:20:52Z,[],2114,Italy,ITA,https://crests.football-data.org/784.svg,2019,Serie A,SA,LEAGUE,https://crests.football-data.org/SA.png,2395,2025-08-24,2026-05-24,1,,109,Juventus FC,Juventus,JUV,https://crests.football-data.org/109.png,112,Parma Calcio 1913,Parma,PAR,https://crests.football-data.org/112.png,,REGULAR,,,,,,,,,,,Activate Odds-Package in User-Panel to retrieve odds.
536824,2025-08-25T16:30:00Z,TIMED,1,REGULAR_SEASON,,2025-08-19T01:32:04Z,[],2114,Italy,ITA,https://crests.football-data.org/784.svg,2019,Serie A,SA,LEAGUE,https://crests.football-data.org/SA.png,2395,2025-08-24,2026-05-24,1,,115,Udinese Calcio,Udinese,UDI,https://crests.football-data.org/115.png,450,Hellas Verona FC,Verona,HVE,https://crests.football-data.org/450.png,,REGULAR,,,,,,,,,,,Activate Odds-Package in User-Panel to retrieve odds.
536821,2025-08-25T18:45:00Z,TIMED,1,REGULAR_SEASON,,2025-08-23T00:20:52Z,[],2114,Italy,ITA,https://crests.football-data.org/784.svg,2019,Serie A,SA,LEAGUE,https://crests.football-data.org/SA.png,2395,2025-08-24,2026-05-24,1,,108,FC Internazionale Milano,Inter,INT,https://crests.football-data.org/108.png,586,Torino FC,Torino,TOR,https://crests.football-data.org/586.png,,REGULAR,,,,,,,,,,,Activate Odds-Package in User-Panel to retrieve odds.
536833,2025-08-29T16:30:00Z,TIMED,2,REGULAR_SEASON,,2025-08-23T01:32:04Z,[],2114,Italy,ITA,https://crests.football-data.org/784.svg,2019,Serie A,SA,LEAGUE,https://crests.football-data.org/SA.png,2395,2025-08-24,2026-05-24,1,,457,US Cremonese,Cremonese,CRE,https://crests.football-data.org/457.png,471,US Sassuolo Calcio,Sassuolo,SAS,https://crests.football-data.org/471.png,,REGULAR,,,,,,,,,,,Activate Odds-Package in User-Panel to retrieve odds.
536834,2025-08-29T18:45:00Z,TIMED,2,REGULAR_SEASON,,2025-08-23T01:32:04Z,[],2114,Italy,ITA,https://crests.football-data.org/784.svg,2019,Serie A,SA,LEAGUE,https://crests.football-data.org/SA.png,2395,2025-08-24,2026-05-24,1,,5890,US Lecce,Lecce,USL,https://crests.football-data.org/5890.png,98,AC Milan,Milan,MIL,https://crests.football-data.org/98.png,,REGULAR,,,,,,,,,,,Activate Odds-Package in User-Panel to retrieve odds.
536826,2025-08-30T16:30:00Z,TIMED,2,REGULAR_SEASON,,2025-07-04T12:08:06Z,[],2114,Italy,ITA,https://crests.football-data.org/784.svg,2019,Serie A,SA,LEAGUE,https://crests.football-data.org/SA.png,2395,2025-08-24,2026-05-24,1,,103,Bologna FC 1909,Bologna,BOL,https://crests.football-data.org/103.png,7397,Como 1907,Como 1907,COM,https://crests.football-data.org/7397.png,,REGULAR,,,,,,,,,,,Activate Odds-Package in User-Panel to retrieve odds.
536830,2025-08-30T16:30:00Z,TIMED,2,REGULAR_SEASON,,2025-07-04T12:08:06Z,[],2114,Italy,ITA,https://crests.football-data.org/784.svg,2019,Serie A,SA,LEAGUE,https://crests.football-data.org/SA.png,2395,2025-08-24,2026-05-24,1,,112,Parma Calcio 1913,Parma,PAR,https://crests.football-data.org/112.png,102,Atalanta BC,Atalanta,ATA,https://crests.football-data.org/102.png,,REGULAR,,,,,,,,,,,Activate Odds-Package in User-Panel to retrieve odds.
536832,2025-08-30T18:45:00Z,TIMED,2,REGULAR_SEASON,,2025-07-04T12:08:06Z,[],2114,Italy,ITA,https://crests.football-data.org/784.svg,2019,Serie A,SA,LEAGUE,https://crests.football-data.org/SA.png,2395,2025-08-24,2026-05-24,1,,113,SSC Napoli,Napoli,NAP,https://crests.football-data.org/113.png,104,Cagliari Calcio,Cagliari,CAG,https://crests.football-data.org/104.png,,REGULAR,,,,,,,,,,,Activate Odds-Package in User-Panel to retrieve odds.
536831,2025-08-30T18:45:00Z,TIMED,2,REGULAR_SEASON,,2025-07-04T12:08:05Z,[],2114,Italy,ITA,https://crests.football-data.org/784.svg,2019,Serie A,SA,LEAGUE,https://crests.football-data.org/SA.png,2395,2025-08-24,2026-05-24,1,,487,AC Pisa 1909,AC Pisa,PIS,https://crests.football-data.org/487.png,100,AS Roma,Roma,ROM,https://crests.football-data.org/100.png,,REGULAR,,,,,,,,,,,Activate Odds-Package in User-Panel to retrieve odds.
536825,2025-08-31T16:30:00Z,TIMED,2,REGULAR_SEASON,,2025-08-23T00:20:52Z,[],2114,Italy,ITA,https://crests.football-data.org/784.svg,2019,Serie A,SA,LEAGUE,https://crests.football-data.org/SA.png,2395,2025-08-24,2026-05-24,1,,107,Genoa CFC,Genoa,GEN,https://crests.football-data.org/107.png,109,Juventus FC,Juventus,JUV,https://crests.football-data.org/109.png,,REGULAR,,,,,,,,,,,Activate Odds-Package in User-Panel to retrieve odds.
536827,2025-08-31T16:30:00Z,TIMED,2,REGULAR_SEASON,,2025-07-04T12:08:07Z,[],2114,Italy,ITA,https://crests.football-data.org/784.svg,2019,Serie A,SA,LEAGUE,https://crests.football-data.org/SA.png,2395,2025-08-24,2026-05-24,1,,586,Torino FC,Torino,TOR,https://crests.football-data.org/586.png,99,ACF Fiorentina,Fiorentina,FIO,https://crests.football-data.org/99.png,,REGULAR,,,,,,,,,,,Activate Odds-Package in User-Panel to retrieve odds.
536828,2025-08-31T18:45:00Z,TIMED,2,REGULAR_SEASON,,2025-08-23T00:20:52Z,[],2114,Italy,ITA,https://crests.football-data.org/784.svg,2019,Serie A,SA,LEAGUE,https://crests.football-data.org/SA.png,2395,2025-08-24,2026-05-24,1,,108,FC Internazionale Milano,Inter,INT,https://crests.football-data.org/108.png,115,Udinese Calcio,Udinese,UDI,https://crests.football-data.org/115.png,,REGULAR,,,,,,,,,,,Activate Odds-Package in User-Panel to retrieve odds.
536829,2025-08-31T18:45:00Z,TIMED,2,REGULAR_SEASON,,2025-07-04T12:08:07Z,[],2114,Italy,ITA,https://crests.football-data.org/784.svg,2019,Serie A,SA,LEAGUE,https://crests.football-data.org/SA.png,2395,2025-08-24,2026-05-24,1,,110,SS Lazio,Lazio,LAZ,https://crests.football-data.org/110.png,450,Hellas Verona FC,Verona,HVE,https://crests.football-data.org/450.png,,REGULAR,,,,,,,,,,,Activate Odds-Package in User-Panel to retrieve odds.
536839,2025-09-13T13:00:00Z,TIMED,3,REGULAR_SEASON,,2025-07-04T12:08:05Z,[],2114,Italy,ITA,https://crests.football-data.org/784.svg,2019,Serie A,SA,LEAGUE,https://crests.football-data.org/SA.png,2395,2025-08-24,2026-05-24,1,,104,Cagliari Calcio,Cagliari,CAG,https://crests.football-data.org/104.png,112,Parma Calcio 1913,Parma,PAR,https://crests.football-data.org/112.png,,REGULAR,,,,,,,,,,,Activate Odds-Package in User-Panel to retrieve odds.
536842,2025-09-13T16:00:00Z,TIMED,3,REGULAR_SEASON,,2025-08-23T00:20:52Z,[],2114,Italy,ITA,https://crests.football-data.org/784.svg,2019,Serie A,SA,LEAGUE,https://crests.football-data.org/SA.png,2395,2025-08-24,2026-05-24,1,,109,Juventus FC,Juventus,JUV,https://crests.football-data.org/109.png,108,FC Internazionale Milano,Inter,INT,https://crests.football-data.org/108.png,,REGULAR,,,,,,,,,,,Activate Odds-Package in User-Panel to retrieve odds.
536835,2025-09-13T18:45:00Z,TIMED,3,REGULAR_SEASON,,2025-07-04T12:08:05Z,[],2114,Italy,ITA,https://crests.football-data.org/784.svg,2019,Serie A,SA,LEAGUE,https://crests.football-data.org/SA.png,2395,2025-08-24,2026-05-24,1,,99,ACF Fiorentina,Fiorentina,FIO,https://crests.football-data.org/99.png,113,SSC Napoli,Napoli,NAP,https://crests.football-data.org/113.png,,REGULAR,,,,,,,,,,,Activate Odds-Package in User-Panel to retrieve odds.
536837,2025-09-14T10:30:00Z,TIMED,3,REGULAR_SEASON,,2025-07-04T12:08:05Z,[],2114,Italy,ITA,https://crests.football-data.org/784.svg,2019,Serie A,SA,LEAGUE,https://crests.football-data.org/SA.png,2395,2025-08-24,2026-05-24,1,,100,AS Roma,Roma,ROM,https://crests.football-data.org/100.png,586,Torino FC,Torino,TOR,https://crests.football-data.org/586.png,,REGULAR,,,,,,,,,,,Activate Odds-Package in User-Panel to retrieve odds.
536838,2025-09-14T13:00:00Z,TIMED,3,REGULAR_SEASON,,2025-07-04T12:08:06Z,[],2114,Italy,ITA,https://crests.football-data.org/784.svg,2019,Serie A,SA,LEAGUE,https://crests.football-data.org/SA.png,2395,2025-08-24,2026-05-24,1,,102,Atalanta BC,Atalanta,ATA,https://crests.football-data.org/102.png,5890,US Lecce,Lecce,USL,https://crests.football-data.org/5890.png,,REGULAR,,,,,,,,,,,Activate Odds-Package in User-Panel to retrieve odds.
536843,2025-09-14T13:00:00Z,TIMED,3,REGULAR_SEASON,,2025-07-04T12:08:05Z,[],2114,Italy,ITA,https://crests.football-data.org/784.svg,2019,Serie A,SA,LEAGUE,https://crests.football-data.org/SA.png,2395,2025-08-24,2026-05-24,1,,487,AC Pisa 1909,AC Pisa,PIS,https://crests.football-data.org/487.png,115,Udinese Calcio,Udinese,UDI,https://crests.football-data.org/115.png,,REGULAR,,,,,,,,,,,Activate Odds-Package in User-Panel to retrieve odds.
536844,2025-09-14T16:00:00Z,TIMED,3,REGULAR_SEASON,,2025-07-04T12:08:06Z,[],2114,Italy,ITA,https://crests.football-data.org/784.svg,2019,Serie A,SA,LEAGUE,https://crests.football-data.org/SA.png,2395,2025-08-24,2026-05-24,1,,471,US Sassuolo Calcio,Sassuolo,SAS,https://crests.football-data.org/471.png,110,SS Lazio,Lazio,LAZ,https://crests.football-data.org/110.png,,REGULAR,,,,,,,,,,,Activate Odds-Package in User-Panel to retrieve odds.
536836,2025-09-14T18:45:00Z,TIMED,3,REGULAR_SEASON,,2025-07-04T12:08:05Z,[],2114,Italy,ITA,https://crests.football-data.org/784.svg,2019,Serie A,SA,LEAGUE,https://crests.football-data.org/SA.png,2395,2025-08-24,2026-05-24,1,,98,AC Milan,Milan,MIL,https://crests.football-data.org/98.png,103,Bologna FC 1909,Bologna,BOL,https://crests.football-data.org/103.png,,REGULAR,,,,,,,,,,,Activate Odds-Package in User-Panel to retrieve odds.
536841,2025-09-15T16:30:00Z,TIMED,3,REGULAR_SEASON,,2025-07-04T12:08:07Z,[],2114,Italy,ITA,https://crests.football-data.org/784.svg,2019,Serie A,SA,LEAGUE,https://crests.football-data.org/SA.png,2395,2025-08-24,2026-05-24,1,,450,Hellas Verona FC,Verona,HVE,https://crests.football-data.org/450.png,457,US Cremonese,Cremonese,CRE,https://crests.football-data.org/457.png,,REGULAR,,,,,,,,,,,Activate Odds-Package in User-Panel to retrieve odds.
536840,2025-09-15T18:45:00Z,TIMED,3,REGULAR_SEASON,,2025-07-04T12:08:07Z,[],2114,Italy,ITA,https://crests.football-data.org/784.svg,2019,Serie A,SA,LEAGUE,https://crests.football-data.org/SA.png,2395,2025-08-24,2026-05-24,1,,7397,Como 1907,Como 1907,COM,https://crests.football-data.org/7397.png,107,Genoa CFC,Genoa,GEN,https://crests.football-data.org/107.png,,REGULAR,,,,,,,,,,,Activate Odds-Package in User-Panel to retrieve odds.
536845,2025-09-21T00:00:00Z,SCHEDULED,4,REGULAR_SEASON,,2025-07-04T12:08:06Z,[],2114,Italy,ITA,https://crests.football-data.org/784.svg,2019,Serie A,SA,LEAGUE,https://crests.football-data.org/SA.png,2395,2025-08-24,2026-05-24,1,,99,ACF Fiorentina,Fiorentina,FIO,https://crests.football-data.org/99.png,7397,Como 1907,Como 1907,COM,https://crests.football-data.org/7397.png,,REGULAR,,,,,,,,,,,Activate Odds-Package in User-Panel to retrieve odds.
536846,2025-09-21T00:00:00Z,SCHEDULED,4,REGULAR_SEASON,,2025-07-04T12:08:05Z,[],2114,Italy,ITA,https://crests.football-data.org/784.svg,2019,Serie A,SA,LEAGUE,https://crests.football-data.org/SA.png,2395,2025-08-24,2026-05-24,1,,103,Bologna FC 1909,Bologna,BOL,https://crests.football-data.org/103.png,107,Genoa CFC,Genoa,GEN,https://crests.football-data.org/107.png,,REGULAR,,,,,,,,,,,Activate Odds-Package in User-Panel to retrieve odds.
536847,2025-09-21T00:00:00Z,SCHEDULED,4,REGULAR_SEASON,,2025-07-04T12:08:06Z,[],2114,Italy,ITA,https://crests.football-data.org/784.svg,2019,Serie A,SA,LEAGUE,https://crests.football-data.org/SA.png,2395,2025-08-24,2026-05-24,1,,586,Torino FC,Torino,TOR,https://crests.football-data.org/586.png,102,Atalanta BC,Atalanta,ATA,https://crests.football-data.org/102.png,,REGULAR,,,,,,,,,,,Activate Odds-Package in User-Panel to retrieve odds.
536848,2025-09-21T00:00:00Z,SCHEDULED,4,REGULAR_SEASON,,2025-08-23T00:20:52Z,[],2114,Italy,ITA,https://crests.football-data.org/784.svg,2019,Serie A,SA,LEAGUE,https://crests.football-data.org/SA.png,2395,2025-08-24,2026-05-24,1,,450,Hellas Verona FC,Verona,HVE,https://crests.football-data.org/450.png,109,Juventus FC,Juventus,JUV,https://crests.football-data.org/109.png,,REGULAR,,,,,,,,,,,Activate Odds-Package in User-Panel to retrieve odds.
536849,2025-09-21T00:00:00Z,SCHEDULED,4,REGULAR_SEASON,,2025-08-23T00:20:52Z,[],2114,Italy,ITA,https://crests.football-data.org/784.svg,2019,Serie A,SA,LEAGUE,https://crests.football-data.org/SA.png,2395,2025-08-24,2026-05-24,1,,108,FC Internazionale Milano,Inter,INT,https://crests.football-data.org/108.png,471,US Sassuolo Calcio,Sassuolo,SAS,https://crests.football-data.org/471.png,,REGULAR,,,,,,,,,,,Activate Odds-Package in User-Panel to retrieve odds.
536850,2025-09-21T00:00:00Z,SCHEDULED,4,REGULAR_SEASON,,2025-07-04T12:08:06Z,[],2114,Italy,ITA,https://crests.football-data.org/784.svg,2019,Serie A,SA,LEAGUE,https://crests.football-data.org/SA.png,2395,2025-08-24,2026-05-24,1,,110,SS Lazio,Lazio,LAZ,https://crests.football-data.org/110.png,100,AS Roma,Roma,ROM,https://crests.football-data.org/100.png,,REGULAR,,,,,,,,,,,Activate Odds-Package in User-Panel to retrieve odds.
536851,2025-09-21T00:00:00Z,SCHEDULED,4,REGULAR_SEASON,,2025-07-04T12:08:06Z,[],2114,Italy,ITA,https://crests.football-data.org/784.svg,2019,Serie A,SA,LEAGUE,https://crests.football-data.org/SA.png,2395,2025-08-24,2026-05-24,1,,113,SSC Napoli,Napoli,NAP,https://crests.football-data.org/113.png,487,AC Pisa 1909,AC Pisa,PIS,https://crests.football-data.org/487.png,,REGULAR,,,,,,,,,,,Activate Odds-Package in User-Panel to retrieve odds.
536852,2025-09-21T00:00:00Z,SCHEDULED,4,REGULAR_SEASON,,2025-07-04T12:08:07Z,[],2114,Italy,ITA,https://crests.football-data.org/784.svg,2019,Serie A,SA,LEAGUE,https://crests.football-data.org/SA.png,2395,2025-08-24,2026-05-24,1,,115,Udinese Calcio,Udinese,UDI,https://crests.football-data.org/115.png,98,AC Milan,Milan,MIL,https://crests.football-data.org/98.png,,REGULAR,,,,,,,,,,,Activate Odds-Package in User-Panel to retrieve odds.
536853,2025-09-21T00:00:00Z,SCHEDULED,4,REGULAR_SEASON,,2025-07-04T12:08:06Z,[],2114,Italy,ITA,https://crests.football-data.org/784.svg,2019,Serie A,SA,LEAGUE,https://crests.football-data.org/SA.png,2395,2025-08-24,2026-05-24,1,,457,US Cremonese,Cremonese,CRE,https://crests.football-data.org/457.png,112,Parma Calcio 1913,Parma,PAR,https://crests.football-data.org/112.png,,REGULAR,,,,,,,,,,,Activate Odds-Package in User-Panel to retrieve odds.
536854,2025-09-21T00:00:00Z,SCHEDULED,4,REGULAR_SEASON,,2025-07-04T12:08:07Z,[],2114,Italy,ITA,https://crests.football-data.org/784.svg,2019,Serie A,SA,LEAGUE,https://crests.football-data.org/SA.png,2395,2025-08-24,2026-05-24,1,,5890,US Lecce,Lecce,USL,https://crests.football-data.org/5890.png,104,Cagliari Calcio,Cagliari,CAG,https://crests.football-data.org/104.png,,REGULAR,,,,,,,,,,,Activate Odds-Package in User-Panel to retrieve odds.
536855,2025-09-28T00:00:00Z,SCHEDULED,5,REGULAR_SEASON,,2025-07-04T12:08:06Z,[],2114,Italy,ITA,https://crests.football-data.org/784.svg,2019,Serie A,SA,LEAGUE,https://crests.football-data.org/SA.png,2395,2025-08-24,2026-05-24,1,,98,AC Milan,Milan,MIL,https://crests.football-data.org/98.png,113,SSC Napoli,Napoli,NAP,https://crests.football-data.org/113.png,,REGULAR,,,,,,,,,,,Activate Odds-Package in User-Panel to retrieve odds.
536856,2025-09-28T00:00:00Z,SCHEDULED,5,REGULAR_SEASON,,2025-07-04T12:08:05Z,[],2114,Italy,ITA,https://crests.football-data.org/784.svg,2019,Serie A,SA,LEAGUE,https://crests.football-data.org/SA.png,2395,2025-08-24,2026-05-24,1,,100,AS Roma,Roma,ROM,https://crests.football-data.org/100.png,450,Hellas Verona FC,Verona,HVE,https://crests.football-data.org/450.png,,REGULAR,,,,,,,,,,,Activate Odds-Package in User-Panel to retrieve odds.
536857,2025-09-28T00:00:00Z,SCHEDULED,5,REGULAR_SEASON,,2025-08-23T00:20:52Z,[],2114,Italy,ITA,https://crests.football-data.org/784.svg,2019,Serie A,SA,LEAGUE,https://crests.football-data.org/SA.png,2395,2025-08-24,2026-05-24,1,,104,Cagliari Calcio,Cagliari,CAG,https://crests.football-data.org/104.png,108,FC Internazionale Milano,Inter,INT,https://crests.football-data.org/108.png,,REGULAR,,,,,,,,,,,Activate Odds-Package in User-Panel to retrieve odds.
536858,2025-09-28T00:00:00Z,SCHEDULED,5,REGULAR_SEASON,,2025-07-04T12:08:06Z,[],2114,Italy,ITA,https://crests.football-data.org/784.svg,2019,Serie A,SA,LEAGUE,https://crests.football-data.org/SA.png,2395,2025-08-24,2026-05-24,1,,107,Genoa CFC,Genoa,GEN,https://crests.football-data.org/107.png,110,SS Lazio,Lazio,LAZ,https://crests.football-data.org/110.png,,REGULAR,,,,,,,,,,,Activate Odds-Package in User-Panel to retrieve odds.
536859,2025-09-28T00:00:00Z,SCHEDULED,5,REGULAR_SEASON,,2025-07-04T12:08:07Z,[],2114,Italy,ITA,https://crests.football-data.org/784.svg,2019,Serie A,SA,LEAGUE,https://crests.football-data.org/SA.png,2395,2025-08-24,2026-05-24,1,,7397,Como 1907,Como 1907,COM,https://crests.football-data.org/7397.png,457,US Cremonese,Cremonese,CRE,https://crests.football-data.org/457.png,,REGULAR,,,,,,,,,,,Activate Odds-Package in User-Panel to retrieve odds.
536860,2025-09-28T00:00:00Z,SCHEDULED,5,REGULAR_SEASON,,2025-08-23T00:20:52Z,[],2114,Italy,ITA,https://crests.football-data.org/784.svg,2019,Serie A,SA,LEAGUE,https://crests.football-data.org/SA.png,2395,2025-08-24,2026-05-24,1,,109,Juventus FC,Juventus,JUV,https://crests.football-data.org/109.png,102,Atalanta BC,Atalanta,ATA,https://crests.football-data.org/102.png,,REGULAR,,,,,,,,,,,Activate Odds-Package in User-Panel to retrieve odds.
536861,2025-09-28T00:00:00Z,SCHEDULED,5,REGULAR_SEASON,,2025-07-04T12:08:06Z,[],2114,Italy,ITA,https://crests.football-data.org/784.svg,2019,Serie A,SA,LEAGUE,https://crests.football-data.org/SA.png,2395,2025-08-24,2026-05-24,1,,112,Parma Calcio 1913,Parma,PAR,https://crests.football-data.org/112.png,586,Torino FC,Torino,TOR,https://crests.football-data.org/586.png,,REGULAR,,,,,,,,,,,Activate Odds-Package in User-Panel to retrieve odds.
536862,2025-09-28T00:00:00Z,SCHEDULED,5,REGULAR_SEASON,,2025-07-04T12:08:07Z,[],2114,Italy,ITA,https://crests.football-data.org/784.svg,2019,Serie A,SA,LEAGUE,https://crests.football-data.org/SA.png,2395,2025-08-24,2026-05-24,1,,487,AC Pisa 1909,AC Pisa,PIS,https://crests.football-data.org/487.png,99,ACF Fiorentina,Fiorentina,FIO,https://crests.football-data.org/99.png,,REGULAR,,,,,,,,,,,Activate Odds-Package in User-Panel to retrieve odds.
536863,2025-09-28T00:00:00Z,SCHEDULED,5,REGULAR_SEASON,,2025-07-04T12:08:05Z,[],2114,Italy,ITA,https://crests.football-data.org/784.svg,2019,Serie A,SA,LEAGUE,https://crests.football-data.org/SA.png,2395,2025-08-24,2026-05-24,1,,471,US Sassuolo Calcio,Sassuolo,SAS,https://crests.football-data.org/471.png,115,Udinese Calcio,Udinese,UDI,https://crests.football-data.org/115.png,,REGULAR,,,,,,,,,,,Activate Odds-Package in User-Panel to retrieve odds.
536864,2025-09-28T00:00:00Z,SCHEDULED,5,REGULAR_SEASON,,2025-07-04T12:08:07Z,[],2114,Italy,ITA,https://crests.football-data.org/784.svg,2019,Serie A,SA,LEAGUE,https://crests.football-data.org/SA.png,2395,2025-08-24,2026-05-24,1,,5890,US Lecce,Lecce,USL,https://crests.football-data.org/5890.png,103,Bologna FC 1909,Bologna,BOL,https://crests.football-data.org/103.png,,REGULAR,,,,,,,,,,,Activate Odds-Package in User-Panel to retrieve odds.
536865,2025-10-05T00:00:00Z,SCHEDULED,6,REGULAR_SEASON,,2025-07-04T12:08:07Z,[],2114,Italy,ITA,https://crests.football-data.org/784.svg,2019,Serie A,SA,LEAGUE,https://crests.football-data.org/SA.png,2395,2025-08-24,2026-05-24,1,,99,ACF Fiorentina,Fiorentina,FIO,https://crests.football-data.org/99.png,100,AS Roma,Roma,ROM,https://crests.football-data.org/100.png,,REGULAR,,,,,,,,,,,Activate Odds-Package in User-Panel to retrieve odds.
536866,2025-10-05T00:00:00Z,SCHEDULED,6,REGULAR_SEASON,,2025-07-04T12:08:06Z,[],2114,Italy,ITA,https://crests.football-data.org/784.svg,2019,Serie A,SA,LEAGUE,https://crests.football-data.org/SA.png,2395,2025-08-24,2026-05-24,1,,102,Atalanta BC,Atalanta,ATA,https://crests.football-data.org/102.png,7397,Como 1907,Como 1907,COM,https://crests.football-data.org/7397.png,,REGULAR,,,,,,,,,,,Activate Odds-Package in User-Panel to retrieve odds.
536867,2025-10-05T00:00:00Z,SCHEDULED,6,REGULAR_SEASON,,2025-07-04T12:08:07Z,[],2114,Italy,ITA,https://crests.football-data.org/784.svg,2019,Serie A,SA,LEAGUE,https://crests.football-data.org/SA.png,2395,2025-08-24,2026-05-24,1,,103,Bologna FC 1909,Bologna,BOL,https://crests.football-data.org/103.png,487,AC Pisa 1909,AC Pisa,PIS,https://crests.football-data.org/487.png,,REGULAR,,,,,,,,,,,Activate Odds-Package in User-Panel to retrieve odds.
536868,2025-10-05T00:00:00Z,SCHEDULED,6,REGULAR_SEASON,,2025-07-04T12:08:06Z,[],2114,Italy,ITA,https://crests.football-data.org/784.svg,2019,Serie A,SA,LEAGUE,https://crests.football-data.org/SA.png,2395,2025-08-24,2026-05-24,1,,450,Hellas Verona FC,Verona,HVE,https://crests.football-data.org/450.png,471,US Sassuolo Calcio,Sassuolo,SAS,https://crests.football-data.org/471.png,,REGULAR,,,,,,,,,,,Activate Odds-Package in User-Panel to retrieve odds.
536869,2025-10-05T00:00:00Z,SCHEDULED,6,REGULAR_SEASON,,2025-08-23T00:20:52Z,[],2114,Italy,ITA,https://crests.football-data.org/784.svg,2019,Serie A,SA,LEAGUE,https://crests.football-data.org/SA.png,2395,2025-08-24,2026-05-24,1,,108,FC Internazionale Milano,Inter,INT,https://crests.football-data.org/108.png,457,US Cremonese,Cremonese,CRE,https://crests.football-data.org/457.png,,REGULAR,,,,,,,,,,,Activate Odds-Package in User-Panel to retrieve odds.
536870,2025-10-05T00:00:00Z,SCHEDULED,6,REGULAR_SEASON,,2025-08-23T00:20:52Z,[],2114,Italy,ITA,https://crests.football-data.org/784.svg,2019,Serie A,SA,LEAGUE,https://crests.football-data.org/SA.png,2395,2025-08-24,2026-05-24,1,,109,Juventus FC,Juventus,JUV,https://crests.football-data.org/109.png,98,AC Milan,Milan,MIL,https://crests.football-data.org/98.png,,REGULAR,,,,,,,,,,,Activate Odds-Package in User-Panel to retrieve odds.
536871,2025-10-05T00:00:00Z,SCHEDULED,6,REGULAR_SEASON,,2025-07-04T12:08:05Z,[],2114,Italy,ITA,https://crests.football-data.org/784.svg,2019,Serie A,SA,LEAGUE,https://crests.football-data.org/SA.png,2395,2025-08-24,2026-05-24,1,,110,SS Lazio,Lazio,LAZ,https://crests.football-data.org/110.png,586,Torino FC,Torino,TOR,https://crests.football-data.org/586.png,,REGULAR,,,,,,,,,,,Activate Odds-Package in User-Panel to retrieve odds.
536872,2025-10-05T00:00:00Z,SCHEDULED,6,REGULAR_SEASON,,2025-07-04T12:08:06Z,[],2114,Italy,ITA,https://crests.football-data.org/784.svg,2019,Serie A,SA,LEAGUE,https://crests.football-data.org/SA.png,2395,2025-08-24,2026-05-24,1,,112,Parma Calcio 1913,Parma,PAR,https://crests.football-data.org/112.png,5890,US Lecce,Lecce,USL,https://crests.football-data.org/5890.png,,REGULAR,,,,,,,,,,,Activate Odds-Package in User-Panel to retrieve odds.
536873,2025-10-05T00:00:00Z,SCHEDULED,6,REGULAR_SEASON,,2025-07-04T12:08:06Z,[],2114,Italy,ITA,https://crests.football-data.org/784.svg,2019,Serie A,SA,LEAGUE,https://crests.football-data.org/SA.png,2395,2025-08-24,2026-05-24,1,,113,SSC Napoli,Napoli,NAP,https://crests.football-data.org/113.png,107,Genoa CFC,Genoa,GEN,https://crests.football-data.org/107.png,,REGULAR,,,,,,,,,,,Activate Odds-Package in User-Panel to retrieve odds.
536874,2025-10-05T00:00:00Z,SCHEDULED,6,REGULAR_SEASON,,2025-07-04T12:08:06Z,[],2114,Italy,ITA,https://crests.football-data.org/784.svg,2019,Serie A,SA,LEAGUE,https://crests.football-data.org/SA.png,2395,2025-08-24,2026-05-24,1,,115,Udinese Calcio,Udinese,UDI,https://crests.football-data.org/115.png,104,Cagliari Calcio,Cagliari,CAG,https://crests.football-data.org/104.png,,REGULAR,,,,,,,,,,,Activate Odds-Package in User-Panel to retrieve odds.
536875,2025-10-19T00:00:00Z,SCHEDULED,7,REGULAR_SEASON,,2025-07-04T12:08:07Z,[],2114,Italy,ITA,https://crests.football-data.org/784.svg,2019,Serie A,SA,LEAGUE,https://crests.football-data.org/SA.png,2395,2025-08-24,2026-05-24,1,,98,AC Milan,Milan,MIL,https://crests.football-data.org/98.png,99,ACF Fiorentina,Fiorentina,FIO,https://crests.football-data.org/99.png,,REGULAR,,,,,,,,,,,Activate Odds-Package in User-Panel to retrieve odds.
536876,2025-10-19T00:00:00Z,SCHEDULED,7,REGULAR_SEASON,,2025-08-23T00:20:52Z,[],2114,Italy,ITA,https://crests.football-data.org/784.svg,2019,Serie A,SA,LEAGUE,https://crests.football-data.org/SA.png,2395,2025-08-24,2026-05-24,1,,100,AS Roma,Roma,ROM,https://crests.football-data.org/100.png,108,FC Internazionale Milano,Inter,INT,https://crests.football-data.org/108.png,,REGULAR,,,,,,,,,,,Activate Odds-Package in User-Panel to retrieve odds.
536877,2025-10-19T00:00:00Z,SCHEDULED,7,REGULAR_SEASON,,2025-07-04T12:08:06Z,[],2114,Italy,ITA,https://crests.football-data.org/784.svg,2019,Serie A,SA,LEAGUE,https://crests.football-data.org/SA.png,2395,2025-08-24,2026-05-24,1,,102,Atalanta BC,Atalanta,ATA,https://crests.football-data.org/102.png,110,SS Lazio,Lazio,LAZ,https://crests.football-data.org/110.png,,REGULAR,,,,,,,,,,,Activate Odds-Package in User-Panel to retrieve odds.
536878,2025-10-19T00:00:00Z,SCHEDULED,7,REGULAR_SEASON,,2025-07-04T12:08:05Z,[],2114,Italy,ITA,https://crests.football-data.org/784.svg,2019,Serie A,SA,LEAGUE,https://crests.football-data.org/SA.png,2395,2025-08-24,2026-05-24,1,,104,Cagliari Calcio,Cagliari,CAG,https://crests.football-data.org/104.png,103,Bologna FC 1909,Bologna,BOL,https://crests.football-data.org/103.png,,REGULAR,,,,,,,,,,,Activate Odds-Package in User-Panel to retrieve odds.
536879,2025-10-19T00:00:00Z,SCHEDULED,7,REGULAR_SEASON,,2025-07-04T12:08:06Z,[],2114,Italy,ITA,https://crests.football-data.org/784.svg,2019,Serie A,SA,LEAGUE,https://crests.football-data.org/SA.png,2395,2025-08-24,2026-05-24,1,,107,Genoa CFC,Genoa,GEN,https://crests.football-data.org/107.png,112,Parma Calcio 1913,Parma,PAR,https://crests.football-data.org/112.png,,REGULAR,,,,,,,,,,,Activate Odds-Package in User-Panel to retrieve odds.
536880,2025-10-19T00:00:00Z,SCHEDULED,7,REGULAR_SEASON,,2025-08-23T00:20:52Z,[],2114,Italy,ITA,https://crests.football-data.org/784.svg,2019,Serie A,SA,LEAGUE,https://crests.football-data.org/SA.png,2395,2025-08-24,2026-05-24,1,,7397,Como 1907,Como 1907,COM,https://crests.football-data.org/7397.png,109,Juventus FC,Juventus,JUV,https://crests.football-data.org/109.png,,REGULAR,,,,,,,,,,,Activate Odds-Package in User-Panel to retrieve odds.
536881,2025-10-19T00:00:00Z,SCHEDULED,7,REGULAR_SEASON,,2025-07-04T12:08:06Z,[],2114,Italy,ITA,https://crests.football-data.org/784.svg,2019,Serie A,SA,LEAGUE,https://crests.football-data.org/SA.png,2395,2025-08-24,2026-05-24,1,,586,Torino FC,Torino,TOR,https://crests.football-data.org/586.png,113,SSC Napoli,Napoli,NAP,https://crests.football-data.org/113.png,,REGULAR,,,,,,,,,,,Activate Odds-Package in User-Panel to retrieve odds.
536882,2025-10-19T00:00:00Z,SCHEDULED,7,REGULAR_SEASON,,2025-07-04T12:08:06Z,[],2114,Italy,ITA,https://crests.football-data.org/784.svg,2019,Serie A,SA,LEAGUE,https://crests.football-data.org/SA.png,2395,2025-08-24,2026-05-24,1,,487,AC Pisa 1909,AC Pisa,PIS,https://crests.football-data.org/487.png,450,Hellas Verona FC,Verona,HVE,https://crests.football-data.org/450.png,,REGULAR,,,,,,,,,,,Activate Odds-Package in User-Panel to retrieve odds.
536883,2025-10-19T00:00:00Z,SCHEDULED,7,REGULAR_SEASON,,2025-07-04T12:08:06Z,[],2114,Italy,ITA,https://crests.football-data.org/784.svg,2019,Serie A,SA,LEAGUE,https://crests.football-data.org/SA.png,2395,2025-08-24,2026-05-24,1,,457,US Cremonese,Cremonese,CRE,https://crests.football-data.org/457.png,115,Udinese Calcio,Udinese,UDI,https://crests.football-data.org/115.png,,REGULAR,,,,,,,,,,,Activate Odds-Package in User-Panel to retrieve odds.
536884,2025-10-19T00:00:00Z,SCHEDULED,7,REGULAR_SEASON,,2025-07-04T12:08:05Z,[],2114,Italy,ITA,https://crests.football-data.org/784.svg,2019,Serie A,SA,LEAGUE,https://crests.football-data.org/SA.png,2395,2025-08-24,2026-05-24,1,,5890,US Lecce,Lecce,USL,https://crests.football-data.org/5890.png,471,US Sassuolo Calcio,Sassuolo,SAS,https://crests.football-data.org/471.png,,REGULAR,,,,,,,,,,,Activate Odds-Package in User-Panel to retrieve odds.
536885,2025-10-26T00:00:00Z,SCHEDULED,8,REGULAR_SEASON,,2025-07-04T12:08:07Z,[],2114,Italy,ITA,https://crests.football-data.org/784.svg,2019,Serie A,SA,LEAGUE,https://crests.football-data.org/SA.png,2395,2025-08-24,2026-05-24,1,,99,ACF Fiorentina,Fiorentina,FIO,https://crests.football-data.org/99.png,103,Bologna FC 1909,Bologna,BOL,https://crests.football-data.org/103.png,,REGULAR,,,,,,,,,,,Activate Odds-Package in User-Panel to retrieve odds.
536886,2025-10-26T00:00:00Z,SCHEDULED,8,REGULAR_SEASON,,2025-07-04T12:08:06Z,[],2114,Italy,ITA,https://crests.football-data.org/784.svg,2019,Serie A,SA,LEAGUE,https://crests.football-data.org/SA.png,2395,2025-08-24,2026-05-24,1,,98,AC Milan,Milan,MIL,https://crests.football-data.org/98.png,487,AC Pisa 1909,AC Pisa,PIS,https://crests.football-data.org/487.png,,REGULAR,,,,,,,,,,,Activate Odds-Package in User-Panel to retrieve odds.
536887,2025-10-26T00:00:00Z,SCHEDULED,8,REGULAR_SEASON,,2025-07-04T12:08:07Z,[],2114,Italy,ITA,https://crests.football-data.org/784.svg,2019,Serie A,SA,LEAGUE,https://crests.football-data.org/SA.png,2395,2025-08-24,2026-05-24,1,,586,Torino FC,Torino,TOR,https://crests.football-data.org/586.png,107,Genoa CFC,Genoa,GEN,https://crests.football-data.org/107.png,,REGULAR,,,,,,,,,,,Activate Odds-Package in User-Panel to retrieve odds.
536888,2025-10-26T00:00:00Z,SCHEDULED,8,REGULAR_SEASON,,2025-07-04T12:08:06Z,[],2114,Italy,ITA,https://crests.football-data.org/784.svg,2019,Serie A,SA,LEAGUE,https://crests.football-data.org/SA.png,2395,2025-08-24,2026-05-24,1,,450,Hellas Verona FC,Verona,HVE,https://crests.football-data.org/450.png,104,Cagliari Calcio,Cagliari,CAG,https://crests.football-data.org/104.png,,REGULAR,,,,,,,,,,,Activate Odds-Package in User-Panel to retrieve odds.
536889,2025-10-26T00:00:00Z,SCHEDULED,8,REGULAR_SEASON,,2025-08-23T00:20:52Z,[],2114,Italy,ITA,https://crests.football-data.org/784.svg,2019,Serie A,SA,LEAGUE,https://crests.football-data.org/SA.png,2395,2025-08-24,2026-05-24,1,,110,SS Lazio,Lazio,LAZ,https://crests.football-data.org/110.png,109,Juventus FC,Juventus,JUV,https://crests.football-data.org/109.png,,REGULAR,,,,,,,,,,,Activate Odds-Package in User-Panel to retrieve odds.
536890,2025-10-26T00:00:00Z,SCHEDULED,8,REGULAR_SEASON,,2025-07-04T12:08:07Z,[],2114,Italy,ITA,https://crests.football-data.org/784.svg,2019,Serie A,SA,LEAGUE,https://crests.football-data.org/SA.png,2395,2025-08-24,2026-05-24,1,,112,Parma Calcio 1913,Parma,PAR,https://crests.football-data.org/112.png,7397,Como 1907,Como 1907,COM,https://crests.football-data.org/7397.png,,REGULAR,,,,,,,,,,,Activate Odds-Package in User-Panel to retrieve odds.
536891,2025-10-26T00:00:00Z,SCHEDULED,8,REGULAR_SEASON,,2025-07-04T12:08:06Z,[],2114,Italy,ITA,https://crests.football-data.org/784.svg,2019,Serie A,SA,LEAGUE,https://crests.football-data.org/SA.png,2395,2025-08-24,2026-05-24,1,,471,US Sassuolo Calcio,Sassuolo,SAS,https://crests.football-data.org/471.png,100,AS Roma,Roma,ROM,https://crests.football-data.org/100.png,,REGULAR,,,,,,,,,,,Activate Odds-Package in User-Panel to retrieve odds.
536892,2025-10-26T00:00:00Z,SCHEDULED,8,REGULAR_SEASON,,2025-08-23T00:20:52Z,[],2114,Italy,ITA,https://crests.football-data.org/784.svg,2019,Serie A,SA,LEAGUE,https://crests.football-data.org/SA.png,2395,2025-08-24,2026-05-24,1,,113,SSC Napoli,Napoli,NAP,https://crests.football-data.org/113.png,108,FC Internazionale Milano,Inter,INT,https://crests.football-data.org/108.png,,REGULAR,,,,,,,,,,,Activate Odds-Package in User-Panel to retrieve odds.
536893,2025-10-26T00:00:00Z,SCHEDULED,8,REGULAR_SEASON,,2025-07-04T12:08:05Z,[],2114,Italy,ITA,https://crests.football-data.org/784.svg,2019,Serie A,SA,LEAGUE,https://crests.football-data.org/SA.png,2395,2025-08-24,2026-05-24,1,,115,Udinese Calcio,Udinese,UDI,https://crests.football-data.org/115.png,5890,US Lecce,Lecce,USL,https://crests.football-data.org/5890.png,,REGULAR,,,,,,,,,,,Activate Odds-Package in User-Panel to retrieve odds.
536894,2025-10-26T00:00:00Z,SCHEDULED,8,REGULAR_SEASON,,2025-07-04T12:08:06Z,[],2114,Italy,ITA,https://crests.football-data.org/784.svg,2019,Serie A,SA,LEAGUE,https://crests.football-data.org/SA.png,2395,2025-08-24,2026-05-24,1,,457,US Cremonese,Cremonese,CRE,https://crests.football-data.org/457.png,102,Atalanta BC,Atalanta,ATA,https://crests.football-data.org/102.png,,REGULAR,,,,,,,,,,,Activate Odds-Package in User-Panel to retrieve odds.
536895,2025-10-29T00:00:00Z,SCHEDULED,9,REGULAR_SEASON,,2025-07-04T12:08:07Z,[],2114,Italy,ITA,https://crests.football-data.org/784.svg,2019,Serie A,SA,LEAGUE,https://crests.football-data.org/SA.png,2395,2025-08-24,2026-05-24,1,,100,AS Roma,Roma,ROM,https://crests.football-data.org/100.png,112,Parma Calcio 1913,Parma,PAR,https://crests.football-data.org/112.png,,REGULAR,,,,,,,,,,,Activate Odds-Package in User-Panel to retrieve odds.
536896,2025-10-29T00:00:00Z,SCHEDULED,9,REGULAR_SEASON,,2025-07-04T12:08:06Z,[],2114,Italy,ITA,https://crests.football-data.org/784.svg,2019,Serie A,SA,LEAGUE,https://crests.football-data.org/SA.png,2395,2025-08-24,2026-05-24,1,,102,Atalanta BC,Atalanta,ATA,https://crests.football-data.org/102.png,98,AC Milan,Milan,MIL,https://crests.football-data.org/98.png,,REGULAR,,,,,,,,,,,Activate Odds-Package in User-Panel to retrieve odds.
536897,2025-10-29T00:00:00Z,SCHEDULED,9,REGULAR_SEASON,,2025-07-04T12:08:06Z,[],2114,Italy,ITA,https://crests.football-data.org/784.svg,2019,Serie A,SA,LEAGUE,https://crests.football-data.org/SA.png,2395,2025-08-24,2026-05-24,1,,104,Cagliari Calcio,Cagliari,CAG,https://crests.football-data.org/104.png,471,US Sassuolo Calcio,Sassuolo,SAS,https://crests.football-data.org/471.png,,REGULAR,,,,,,,,,,,Activate Odds-Package in User-Panel to retrieve odds.
536898,2025-10-29T00:00:00Z,SCHEDULED,9,REGULAR_SEASON,,2025-07-04T12:08:06Z,[],2114,Italy,ITA,https://crests.football-data.org/784.svg,2019,Serie A,SA,LEAGUE,https://crests.football-data.org/SA.png,2395,2025-08-24,2026-05-24,1,,107,Genoa CFC,Genoa,GEN,https://crests.football-data.org/107.png,457,US Cremonese,Cremonese,CRE,https://crests.football-data.org/457.png,,REGULAR,,,,,,,,,,,Activate Odds-Package in User-Panel to retrieve odds.
536899,2025-10-29T00:00:00Z,SCHEDULED,9,REGULAR_SEASON,,2025-07-04T12:08:07Z,[],2114,Italy,ITA,https://crests.football-data.org/784.svg,2019,Serie A,SA,LEAGUE,https://crests.football-data.org/SA.png,2395,2025-08-24,2026-05-24,1,,7397,Como 1907,Como 1907,COM,https://crests.football-data.org/7397.png,450,Hellas Verona FC,Verona,HVE,https://crests.football-data.org/450.png,,REGULAR,,,,,,,,,,,Activate Odds-Package in User-Panel to retrieve odds.
536900,2025-10-29T00:00:00Z,SCHEDULED,9,REGULAR_SEASON,,2025-07-04T12:08:06Z,[],2114,Italy,ITA,https://crests.football-data.org/784.svg,2019,Serie A,SA,LEAGUE,https://crests.football-data.org/SA.png,2395,2025-08-24,2026-05-24,1,,103,Bologna FC 1909,Bologna,BOL,https://crests.football-data.org/103.png,586,Torino FC,Torino,TOR,https://crests.football-data.org/586.png,,REGULAR,,,,,,,,,,,Activate Odds-Package in User-Panel to retrieve odds.
536901,2025-10-29T00:00:00Z,SCHEDULED,9,REGULAR_SEASON,,2025-08-23T00:20:52Z,[],2114,Italy,ITA,https://crests.football-data.org/784.svg,2019,Serie A,SA,LEAGUE,https://crests.football-data.org/SA.png,2395,2025-08-24,2026-05-24,1,,108,FC Internazionale Milano,Inter,INT,https://crests.football-data.org/108.png,99,ACF Fiorentina,Fiorentina,FIO,https://crests.football-data.org/99.png,,REGULAR,,,,,,,,,,,Activate Odds-Package in User-Panel to retrieve odds.
536902,2025-10-29T00:00:00Z,SCHEDULED,9,REGULAR_SEASON,,2025-08-23T00:20:52Z,[],2114,Italy,ITA,https://crests.football-data.org/784.svg,2019,Serie A,SA,LEAGUE,https://crests.football-data.org/SA.png,2395,2025-08-24,2026-05-24,1,,109,Juventus FC,Juventus,JUV,https://crests.football-data.org/109.png,115,Udinese Calcio,Udinese,UDI,https://crests.football-data.org/115.png,,REGULAR,,,,,,,,,,,Activate Odds-Package in User-Panel to retrieve odds.
536903,2025-10-29T00:00:00Z,SCHEDULED,9,REGULAR_SEASON,,2025-07-04T12:08:07Z,[],2114,Italy,ITA,https://crests.football-data.org/784.svg,2019,Serie A,SA,LEAGUE,https://crests.football-data.org/SA.png,2395,2025-08-24,2026-05-24,1,,487,AC Pisa 1909,AC Pisa,PIS,https://crests.football-data.org/487.png,110,SS Lazio,Lazio,LAZ,https://crests.football-data.org/110.png,,REGULAR,,,,,,,,,,,Activate Odds-Package in User-Panel to retrieve odds.
536904,2025-10-29T00:00:00Z,SCHEDULED,9,REGULAR_SEASON,,2025-07-04T12:08:06Z,[],2114,Italy,ITA,https://crests.football-data.org/784.svg,2019,Serie A,SA,LEAGUE,https://crests.football-data.org/SA.png,2395,2025-08-24,2026-05-24,1,,5890,US Lecce,Lecce,USL,https://crests.football-data.org/5890.png,113,SSC Napoli,Napoli,NAP,https://crests.football-data.org/113.png,,REGULAR,,,,,,,,,,,Activate Odds-Package in User-Panel to retrieve odds.
536905,2025-11-02T00:00:00Z,SCHEDULED,10,REGULAR_SEASON,,2025-07-04T12:08:05Z,[],2114,Italy,ITA,https://crests.football-data.org/784.svg,2019,Serie A,SA,LEAGUE,https://crests.football-data.org/SA.png,2395,2025-08-24,2026-05-24,1,,99,ACF Fiorentina,Fiorentina,FIO,https://crests.football-data.org/99.png,5890,US Lecce,Lecce,USL,https://crests.football-data.org/5890.png,,REGULAR,,,,,,,,,,,Activate Odds-Package in User-Panel to retrieve odds.
536906,2025-11-02T00:00:00Z,SCHEDULED,10,REGULAR_SEASON,,2025-07-04T12:08:06Z,[],2114,Italy,ITA,https://crests.football-data.org/784.svg,2019,Serie A,SA,LEAGUE,https://crests.football-data.org/SA.png,2395,2025-08-24,2026-05-24,1,,98,AC Milan,Milan,MIL,https://crests.football-data.org/98.png,100,AS Roma,Roma,ROM,https://crests.football-data.org/100.png,,REGULAR,,,,,,,,,,,Activate Odds-Package in User-Panel to retrieve odds.
536907,2025-11-02T00:00:00Z,SCHEDULED,10,REGULAR_SEASON,,2025-07-04T12:08:06Z,[],2114,Italy,ITA,https://crests.football-data.org/784.svg,2019,Serie A,SA,LEAGUE,https://crests.football-data.org/SA.png,2395,2025-08-24,2026-05-24,1,,586,Torino FC,Torino,TOR,https://crests.football-data.org/586.png,487,AC Pisa 1909,AC Pisa,PIS,https://crests.football-data.org/487.png,,REGULAR,,,,,,,,,,,Activate Odds-Package in User-Panel to retrieve odds.
536908,2025-11-02T00:00:00Z,SCHEDULED,10,REGULAR_SEASON,,2025-08-23T00:20:52Z,[],2114,Italy,ITA,https://crests.football-data.org/784.svg,2019,Serie A,SA,LEAGUE,https://crests.football-data.org/SA.png,2395,2025-08-24,2026-05-24,1,,450,Hellas Verona FC,Verona,HVE,https://crests.football-data.org/450.png,108,FC Internazionale Milano,Inter,INT,https://crests.football-data.org/108.png,,REGULAR,,,,,,,,,,,Activate Odds-Package in User-Panel to retrieve odds.
536909,2025-11-02T00:00:00Z,SCHEDULED,10,REGULAR_SEASON,,2025-07-04T12:08:06Z,[],2114,Italy,ITA,https://crests.football-data.org/784.svg,2019,Serie A,SA,LEAGUE,https://crests.football-data.org/SA.png,2395,2025-08-24,2026-05-24,1,,110,SS Lazio,Lazio,LAZ,https://crests.football-data.org/110.png,104,Cagliari Calcio,Cagliari,CAG,https://crests.football-data.org/104.png,,REGULAR,,,,,,,,,,,Activate Odds-Package in User-Panel to retrieve odds.
536910,2025-11-02T00:00:00Z,SCHEDULED,10,REGULAR_SEASON,,2025-07-04T12:08:05Z,[],2114,Italy,ITA,https://crests.football-data.org/784.svg,2019,Serie A,SA,LEAGUE,https://crests.football-data.org/SA.png,2395,2025-08-24,2026-05-24,1,,112,Parma Calcio 1913,Parma,PAR,https://crests.football-data.org/112.png,103,Bologna FC 1909,Bologna,BOL,https://crests.football-data.org/103.png,,REGULAR,,,,,,,,,,,Activate Odds-Package in User-Panel to retrieve odds.
536911,2025-11-02T00:00:00Z,SCHEDULED,10,REGULAR_SEASON,,2025-07-04T12:08:05Z,[],2114,Italy,ITA,https://crests.football-data.org/784.svg,2019,Serie A,SA,LEAGUE,https://crests.football-data.org/SA.png,2395,2025-08-24,2026-05-24,1,,471,US Sassuolo Calcio,Sassuolo,SAS,https://crests.football-data.org/471.png,107,Genoa CFC,Genoa,GEN,https://crests.football-data.org/107.png,,REGULAR,,,,,,,,,,,Activate Odds-Package in User-Panel to retrieve odds.
536912,2025-11-02T00:00:00Z,SCHEDULED,10,REGULAR_SEASON,,2025-07-04T12:08:07Z,[],2114,Italy,ITA,https://crests.football-data.org/784.svg,2019,Serie A,SA,LEAGUE,https://crests.football-data.org/SA.png,2395,2025-08-24,2026-05-24,1,,113,SSC Napoli,Napoli,NAP,https://crests.football-data.org/113.png,7397,Como 1907,Como 1907,COM,https://crests.football-data.org/7397.png,,REGULAR,,,,,,,,,,,Activate Odds-Package in User-Panel to retrieve odds.
536913,2025-11-02T00:00:00Z,SCHEDULED,10,REGULAR_SEASON,,2025-07-04T12:08:05Z,[],2114,Italy,ITA,https://crests.football-data.org/784.svg,2019,Serie A,SA,LEAGUE,https://crests.football-data.org/SA.png,2395,2025-08-24,2026-05-24,1,,115,Udinese Calcio,Udinese,UDI,https://crests.football-data.org/115.png,102,Atalanta BC,Atalanta,ATA,https://crests.football-data.org/102.png,,REGULAR,,,,,,,,,,,Activate Odds-Package in User-Panel to retrieve odds.
536914,2025-11-02T00:00:00Z,SCHEDULED,10,REGULAR_SEASON,,2025-08-23T00:20:52Z,[],2114,Italy,ITA,https://crests.football-data.org/784.svg,2019,Serie A,SA,LEAGUE,https://crests.football-data.org/SA.png,2395,2025-08-24,2026-05-24,1,,457,US Cremonese,Cremonese,CRE,https://crests.football-data.org/457.png,109,Juventus FC,Juventus,JUV,https://crests.football-data.org/109.png,,REGULAR,,,,,,,,,,,Activate Odds-Package in User-Panel to retrieve odds.
536915,2025-11-09T00:00:00Z,SCHEDULED,11,REGULAR_SEASON,,2025-07-04T12:08:05Z,[],2114,Italy,ITA,https://crests.football-data.org/784.svg,2019,Serie A,SA,LEAGUE,https://crests.football-data.org/SA.png,2395,2025-08-24,2026-05-24,1,,100,AS Roma,Roma,ROM,https://crests.football-data.org/100.png,115,Udinese Calcio,Udinese,UDI,https://crests.football-data.org/115.png,,REGULAR,,,,,,,,,,,Activate Odds-Package in User-Panel to retrieve odds.
536916,2025-11-09T00:00:00Z,SCHEDULED,11,REGULAR_SEASON,,2025-07-04T12:08:05Z,[],2114,Italy,ITA,https://crests.football-data.org/784.svg,2019,Serie A,SA,LEAGUE,https://crests.football-data.org/SA.png,2395,2025-08-24,2026-05-24,1,,102,Atalanta BC,Atalanta,ATA,https://crests.football-data.org/102.png,471,US Sassuolo Calcio,Sassuolo,SAS,https://crests.football-data.org/471.png,,REGULAR,,,,,,,,,,,Activate Odds-Package in User-Panel to retrieve odds.
536917,2025-11-09T00:00:00Z,SCHEDULED,11,REGULAR_SEASON,,2025-07-04T12:08:07Z,[],2114,Italy,ITA,https://crests.football-data.org/784.svg,2019,Serie A,SA,LEAGUE,https://crests.football-data.org/SA.png,2395,2025-08-24,2026-05-24,1,,107,Genoa CFC,Genoa,GEN,https://crests.football-data.org/107.png,99,ACF Fiorentina,Fiorentina,FIO,https://crests.football-data.org/99.png,,REGULAR,,,,,,,,,,,Activate Odds-Package in User-Panel to retrieve odds.
536918,2025-11-09T00:00:00Z,SCHEDULED,11,REGULAR_SEASON,,2025-07-04T12:08:07Z,[],2114,Italy,ITA,https://crests.football-data.org/784.svg,2019,Serie A,SA,LEAGUE,https://crests.football-data.org/SA.png,2395,2025-08-24,2026-05-24,1,,7397,Como 1907,Como 1907,COM,https://crests.football-data.org/7397.png,104,Cagliari Calcio,Cagliari,CAG,https://crests.football-data.org/104.png,,REGULAR,,,,,,,,,,,Activate Odds-Package in User-Panel to retrieve odds.
536919,2025-11-09T00:00:00Z,SCHEDULED,11,REGULAR_SEASON,,2025-07-04T12:08:06Z,[],2114,Italy,ITA,https://crests.football-data.org/784.svg,2019,Serie A,SA,LEAGUE,https://crests.football-data.org/SA.png,2395,2025-08-24,2026-05-24,1,,103,Bologna FC 1909,Bologna,BOL,https://crests.football-data.org/103.png,113,SSC Napoli,Napoli,NAP,https://crests.football-data.org/113.png,,REGULAR,,,,,,,,,,,Activate Odds-Package in User-Panel to retrieve odds.
536920,2025-11-09T00:00:00Z,SCHEDULED,11,REGULAR_SEASON,,2025-08-23T00:20:52Z,[],2114,Italy,ITA,https://crests.football-data.org/784.svg,2019,Serie A,SA,LEAGUE,https://crests.football-data.org/SA.png,2395,2025-08-24,2026-05-24,1,,108,FC Internazionale Milano,Inter,INT,https://crests.football-data.org/108.png,110,SS Lazio,Lazio,LAZ,https://crests.football-data.org/110.png,,REGULAR,,,,,,,,,,,Activate Odds-Package in User-Panel to retrieve odds.
536921,2025-11-09T00:00:00Z,SCHEDULED,11,REGULAR_SEASON,,2025-08-23T00:20:52Z,[],2114,Italy,ITA,https://crests.football-data.org/784.svg,2019,Serie A,SA,LEAGUE,https://crests.football-data.org/SA.png,2395,2025-08-24,2026-05-24,1,,109,Juventus FC,Juventus,JUV,https://crests.football-data.org/109.png,586,Torino FC,Torino,TOR,https://crests.football-data.org/586.png,,REGULAR,,,,,,,,,,,Activate Odds-Package in User-Panel to retrieve odds.
536922,2025-11-09T00:00:00Z,SCHEDULED,11,REGULAR_SEASON,,2025-07-04T12:08:06Z,[],2114,Italy,ITA,https://crests.football-data.org/784.svg,2019,Serie A,SA,LEAGUE,https://crests.football-data.org/SA.png,2395,2025-08-24,2026-05-24,1,,112,Parma Calcio 1913,Parma,PAR,https://crests.football-data.org/112.png,98,AC Milan,Milan,MIL,https://crests.football-data.org/98.png,,REGULAR,,,,,,,,,,,Activate Odds-Package in User-Panel to retrieve odds.
536923,2025-11-09T00:00:00Z,SCHEDULED,11,REGULAR_SEASON,,2025-07-04T12:08:07Z,[],2114,Italy,ITA,https://crests.football-data.org/784.svg,2019,Serie A,SA,LEAGUE,https://crests.football-data.org/SA.png,2395,2025-08-24,2026-05-24,1,,487,AC Pisa 1909,AC Pisa,PIS,https://crests.football-data.org/487.png,457,US Cremonese,Cremonese,CRE,https://crests.football-data.org/457.png,,REGULAR,,,,,,,,,,,Activate Odds-Package in User-Panel to retrieve odds.
536924,2025-11-09T00:00:00Z,SCHEDULED,11,REGULAR_SEASON,,2025-07-04T12:08:05Z,[],2114,Italy,ITA,https://crests.football-data.org/784.svg,2019,Serie A,SA,LEAGUE,https://crests.football-data.org/SA.png,2395,2025-08-24,2026-05-24,1,,5890,US Lecce,Lecce,USL,https://crests.football-data.org/5890.png,450,Hellas Verona FC,Verona,HVE,https://crests.football-data.org/450.png,,REGULAR,,,,,,,,,,,Activate Odds-Package in User-Panel to retrieve odds.
536925,2025-11-23T00:00:00Z,SCHEDULED,12,REGULAR_SEASON,,2025-08-23T00:20:52Z,[],2114,Italy,ITA,https://crests.football-data.org/784.svg,2019,Serie A,SA,LEAGUE,https://crests.football-data.org/SA.png,2395,2025-08-24,2026-05-24,1,,99,ACF Fiorentina,Fiorentina,FIO,https://crests.football-data.org/99.png,109,Juventus FC,Juventus,JUV,https://crests.football-data.org/109.png,,REGULAR,,,,,,,,,,,Activate Odds-Package in User-Panel to retrieve odds.
536926,2025-11-23T00:00:00Z,SCHEDULED,12,REGULAR_SEASON,,2025-07-04T12:08:07Z,[],2114,Italy,ITA,https://crests.football-data.org/784.svg,2019,Serie A,SA,LEAGUE,https://crests.football-data.org/SA.png,2395,2025-08-24,2026-05-24,1,,104,Cagliari Calcio,Cagliari,CAG,https://crests.football-data.org/104.png,107,Genoa CFC,Genoa,GEN,https://crests.football-data.org/107.png,,REGULAR,,,,,,,,,,,Activate Odds-Package in User-Panel to retrieve odds.
536927,2025-11-23T00:00:00Z,SCHEDULED,12,REGULAR_SEASON,,2025-07-04T12:08:05Z,[],2114,Italy,ITA,https://crests.football-data.org/784.svg,2019,Serie A,SA,LEAGUE,https://crests.football-data.org/SA.png,2395,2025-08-24,2026-05-24,1,,586,Torino FC,Torino,TOR,https://crests.football-data.org/586.png,7397,Como 1907,Como 1907,COM,https://crests.football-data.org/7397.png,,REGULAR,,,,,,,,,,,Activate Odds-Package in User-Panel to retrieve odds.
536928,2025-11-23T00:00:00Z,SCHEDULED,12,REGULAR_SEASON,,2025-07-04T12:08:06Z,[],2114,Italy,ITA,https://crests.football-data.org/784.svg,2019,Serie A,SA,LEAGUE,https://crests.football-data.org/SA.png,2395,2025-08-24,2026-05-24,1,,450,Hellas Verona FC,Verona,HVE,https://crests.football-data.org/450.png,112,Parma Calcio 1913,Parma,PAR,https://crests.football-data.org/112.png,,REGULAR,,,,,,,,,,,Activate Odds-Package in User-Panel to retrieve odds.
536929,2025-11-23T00:00:00Z,SCHEDULED,12,REGULAR_SEASON,,2025-08-23T00:20:52Z,[],2114,Italy,ITA,https://crests.football-data.org/784.svg,2019,Serie A,SA,LEAGUE,https://crests.football-data.org/SA.png,2395,2025-08-24,2026-05-24,1,,108,FC Internazionale Milano,Inter,INT,https://crests.football-data.org/108.png,98,AC Milan,Milan,MIL,https://crests.football-data.org/98.png,,REGULAR,,,,,,,,,,,Activate Odds-Package in User-Panel to retrieve odds.
536930,2025-11-23T00:00:00Z,SCHEDULED,12,REGULAR_SEASON,,2025-07-04T12:08:07Z,[],2114,Italy,ITA,https://crests.football-data.org/784.svg,2019,Serie A,SA,LEAGUE,https://crests.football-data.org/SA.png,2395,2025-08-24,2026-05-24,1,,110,SS Lazio,Lazio,LAZ,https://crests.football-data.org/110.png,5890,US Lecce,Lecce,USL,https://crests.football-data.org/5890.png,,REGULAR,,,,,,,,,,,Activate Odds-Package in User-Panel to retrieve odds.
536931,2025-11-23T00:00:00Z,SCHEDULED,12,REGULAR_SEASON,,2025-07-04T12:08:06Z,[],2114,Italy,ITA,https://crests.football-data.org/784.svg,2019,Serie A,SA,LEAGUE,https://crests.football-data.org/SA.png,2395,2025-08-24,2026-05-24,1,,471,US Sassuolo Calcio,Sassuolo,SAS,https://crests.football-data.org/471.png,487,AC Pisa 1909,AC Pisa,PIS,https://crests.football-data.org/487.png,,REGULAR,,,,,,,,,,,Activate Odds-Package in User-Panel to retrieve odds.
536932,2025-11-23T00:00:00Z,SCHEDULED,12,REGULAR_SEASON,,2025-07-04T12:08:06Z,[],2114,Italy,ITA,https://crests.football-data.org/784.svg,2019,Serie A,SA,LEAGUE,https://crests.football-data.org/SA.png,2395,2025-08-24,2026-05-24,1,,113,SSC Napoli,Napoli,NAP,https://crests.football-data.org/113.png,102,Atalanta BC,Atalanta,ATA,https://crests.football-data.org/102.png,,REGULAR,,,,,,,,,,,Activate Odds-Package in User-Panel to retrieve odds.
536933,2025-11-23T00:00:00Z,SCHEDULED,12,REGULAR_SEASON,,2025-07-04T12:08:06Z,[],2114,Italy,ITA,https://crests.football-data.org/784.svg,2019,Serie A,SA,LEAGUE,https://crests.football-data.org/SA.png,2395,2025-08-24,2026-05-24,1,,115,Udinese Calcio,Udinese,UDI,https://crests.football-data.org/115.png,103,Bologna FC 1909,Bologna,BOL,https://crests.football-data.org/103.png,,REGULAR,,,,,,,,,,,Activate Odds-Package in User-Panel to retrieve odds.
536934,2025-11-23T00:00:00Z,SCHEDULED,12,REGULAR_SEASON,,2025-07-04T12:08:07Z,[],2114,Italy,ITA,https://crests.football-data.org/784.svg,2019,Serie A,SA,LEAGUE,https://crests.football-data.org/SA.png,2395,2025-08-24,2026-05-24,1,,457,US Cremonese,Cremonese,CRE,https://crests.football-data.org/457.png,100,AS Roma,Roma,ROM,https://crests.football-data.org/100.png,,REGULAR,,,,,,,,,,,Activate Odds-Package in User-Panel to retrieve odds.
536935,2025-11-30T00:00:00Z,SCHEDULED,13,REGULAR_SEASON,,2025-07-04T12:08:06Z,[],2114,Italy,ITA,https://crests.football-data.org/784.svg,2019,Serie A,SA,LEAGUE,https://crests.football-data.org/SA.png,2395,2025-08-24,2026-05-24,1,,98,AC Milan,Milan,MIL,https://crests.football-data.org/98.png,110,SS Lazio,Lazio,LAZ,https://crests.football-data.org/110.png,,REGULAR,,,,,,,,,,,Activate Odds-Package in User-Panel to retrieve odds.
536936,2025-11-30T00:00:00Z,SCHEDULED,13,REGULAR_SEASON,,2025-07-04T12:08:06Z,[],2114,Italy,ITA,https://crests.football-data.org/784.svg,2019,Serie A,SA,LEAGUE,https://crests.football-data.org/SA.png,2395,2025-08-24,2026-05-24,1,,100,AS Roma,Roma,ROM,https://crests.football-data.org/100.png,113,SSC Napoli,Napoli,NAP,https://crests.football-data.org/113.png,,REGULAR,,,,,,,,,,,Activate Odds-Package in User-Panel to retrieve odds.
536937,2025-11-30T00:00:00Z,SCHEDULED,13,REGULAR_SEASON,,2025-07-04T12:08:07Z,[],2114,Italy,ITA,https://crests.football-data.org/784.svg,2019,Serie A,SA,LEAGUE,https://crests.football-data.org/SA.png,2395,2025-08-24,2026-05-24,1,,102,Atalanta BC,Atalanta,ATA,https://crests.football-data.org/102.png,99,ACF Fiorentina,Fiorentina,FIO,https://crests.football-data.org/99.png,,REGULAR,,,,,,,,,,,Activate Odds-Package in User-Panel to retrieve odds.
536938,2025-11-30T00:00:00Z,SCHEDULED,13,REGULAR_SEASON,,2025-07-04T12:08:06Z,[],2114,Italy,ITA,https://crests.football-data.org/784.svg,2019,Serie A,SA,LEAGUE,https://crests.football-data.org/SA.png,2395,2025-08-24,2026-05-24,1,,107,Genoa CFC,Genoa,GEN,https://crests.football-data.org/107.png,450,Hellas Verona FC,Verona,HVE,https://crests.football-data.org/450.png,,REGULAR,,,,,,,,,,,Activate Odds-Package in User-Panel to retrieve odds.
536939,2025-11-30T00:00:00Z,SCHEDULED,13,REGULAR_SEASON,,2025-07-04T12:08:06Z,[],2114,Italy,ITA,https://crests.football-data.org/784.svg,2019,Serie A,SA,LEAGUE,https://crests.football-data.org/SA.png,2395,2025-08-24,2026-05-24,1,,7397,Como 1907,Como 1907,COM,https://crests.football-data.org/7397.png,471,US Sassuolo Calcio,Sassuolo,SAS,https://crests.football-data.org/471.png,,REGULAR,,,,,,,,,,,Activate Odds-Package in User-Panel to retrieve odds.
536940,2025-11-30T00:00:00Z,SCHEDULED,13,REGULAR_SEASON,,2025-07-04T12:08:07Z,[],2114,Italy,ITA,https://crests.football-data.org/784.svg,2019,Serie A,SA,LEAGUE,https://crests.football-data.org/SA.png,2395,2025-08-24,2026-05-24,1,,103,Bologna FC 1909,Bologna,BOL,https://crests.football-data.org/103.png,457,US Cremonese,Cremonese,CRE,https://crests.football-data.org/457.png,,REGULAR,,,,,,,,,,,Activate Odds-Package in User-Panel to retrieve odds.
536941,2025-11-30T00:00:00Z,SCHEDULED,13,REGULAR_SEASON,,2025-08-23T00:20:52Z,[],2114,Italy,ITA,https://crests.football-data.org/784.svg,2019,Serie A,SA,LEAGUE,https://crests.football-data.org/SA.png,2395,2025-08-24,2026-05-24,1,,109,Juventus FC,Juventus,JUV,https://crests.football-data.org/109.png,104,Cagliari Calcio,Cagliari,CAG,https://crests.football-data.org/104.png,,REGULAR,,,,,,,,,,,Activate Odds-Package in User-Panel to retrieve odds.
536942,2025-11-30T00:00:00Z,SCHEDULED,13,REGULAR_SEASON,,2025-07-04T12:08:06Z,[],2114,Italy,ITA,https://crests.football-data.org/784.svg,2019,Serie A,SA,LEAGUE,https://crests.football-data.org/SA.png,2395,2025-08-24,2026-05-24,1,,112,Parma Calcio 1913,Parma,PAR,https://crests.football-data.org/112.png,115,Udinese Calcio,Udinese,UDI,https://crests.football-data.org/115.png,,REGULAR,,,,,,,,,,,Activate Odds-Package in User-Panel to retrieve odds.
536943,2025-11-30T00:00:00Z,SCHEDULED,13,REGULAR_SEASON,,2025-08-23T00:20:52Z,[],2114,Italy,ITA,https://crests.football-data.org/784.svg,2019,Serie A,SA,LEAGUE,https://crests.football-data.org/SA.png,2395,2025-08-24,2026-05-24,1,,487,AC Pisa 1909,AC Pisa,PIS,https://crests.football-data.org/487.png,108,FC Internazionale Milano,Inter,INT,https://crests.football-data.org/108.png,,REGULAR,,,,,,,,,,,Activate Odds-Package in User-Panel to retrieve odds.
536944,2025-11-30T00:00:00Z,SCHEDULED,13,REGULAR_SEASON,,2025-07-04T12:08:07Z,[],2114,Italy,ITA,https://crests.football-data.org/784.svg,2019,Serie A,SA,LEAGUE,https://crests.football-data.org/SA.png,2395,2025-08-24,2026-05-24,1,,5890,US Lecce,Lecce,USL,https://crests.football-data.org/5890.png,586,Torino FC,Torino,TOR,https://crests.football-data.org/586.png,,REGULAR,,,,,,,,,,,Activate Odds-Package in User-Panel to retrieve odds.
536945,2025-12-07T00:00:00Z,SCHEDULED,14,REGULAR_SEASON,,2025-07-04T12:08:06Z,[],2114,Italy,ITA,https://crests.football-data.org/784.svg,2019,Serie A,SA,LEAGUE,https://crests.football-data.org/SA.png,2395,2025-08-24,2026-05-24,1,,104,Cagliari Calcio,Cagliari,CAG,https://crests.football-data.org/104.png,100,AS Roma,Roma,ROM,https://crests.football-data.org/100.png,,REGULAR,,,,,,,,,,,Activate Odds-Package in User-Panel to retrieve odds.
536946,2025-12-07T00:00:00Z,SCHEDULED,14,REGULAR_SEASON,,2025-07-04T12:08:05Z,[],2114,Italy,ITA,https://crests.football-data.org/784.svg,2019,Serie A,SA,LEAGUE,https://crests.football-data.org/SA.png,2395,2025-08-24,2026-05-24,1,,586,Torino FC,Torino,TOR,https://crests.football-data.org/586.png,98,AC Milan,Milan,MIL,https://crests.football-data.org/98.png,,REGULAR,,,,,,,,,,,Activate Odds-Package in User-Panel to retrieve odds.
536947,2025-12-07T00:00:00Z,SCHEDULED,14,REGULAR_SEASON,,2025-07-04T12:08:05Z,[],2114,Italy,ITA,https://crests.football-data.org/784.svg,2019,Serie A,SA,LEAGUE,https://crests.football-data.org/SA.png,2395,2025-08-24,2026-05-24,1,,450,Hellas Verona FC,Verona,HVE,https://crests.football-data.org/450.png,102,Atalanta BC,Atalanta,ATA,https://crests.football-data.org/102.png,,REGULAR,,,,,,,,,,,Activate Odds-Package in User-Panel to retrieve odds.
536948,2025-12-07T00:00:00Z,SCHEDULED,14,REGULAR_SEASON,,2025-08-23T00:20:52Z,[],2114,Italy,ITA,https://crests.football-data.org/784.svg,2019,Serie A,SA,LEAGUE,https://crests.football-data.org/SA.png,2395,2025-08-24,2026-05-24,1,,108,FC Internazionale Milano,Inter,INT,https://crests.football-data.org/108.png,7397,Como 1907,Como 1907,COM,https://crests.football-data.org/7397.png,,REGULAR,,,,,,,,,,,Activate Odds-Package in User-Panel to retrieve odds.
536949,2025-12-07T00:00:00Z,SCHEDULED,14,REGULAR_SEASON,,2025-07-04T12:08:05Z,[],2114,Italy,ITA,https://crests.football-data.org/784.svg,2019,Serie A,SA,LEAGUE,https://crests.football-data.org/SA.png,2395,2025-08-24,2026-05-24,1,,110,SS Lazio,Lazio,LAZ,https://crests.football-data.org/110.png,103,Bologna FC 1909,Bologna,BOL,https://crests.football-data.org/103.png,,REGULAR,,,,,,,,,,,Activate Odds-Package in User-Panel to retrieve odds.
536950,2025-12-07T00:00:00Z,SCHEDULED,14,REGULAR_SEASON,,2025-07-04T12:08:06Z,[],2114,Italy,ITA,https://crests.football-data.org/784.svg,2019,Serie A,SA,LEAGUE,https://crests.football-data.org/SA.png,2395,2025-08-24,2026-05-24,1,,487,AC Pisa 1909,AC Pisa,PIS,https://crests.football-data.org/487.png,112,Parma Calcio 1913,Parma,PAR,https://crests.football-data.org/112.png,,REGULAR,,,,,,,,,,,Activate Odds-Package in User-Panel to retrieve odds.
536951,2025-12-07T00:00:00Z,SCHEDULED,14,REGULAR_SEASON,,2025-07-04T12:08:07Z,[],2114,Italy,ITA,https://crests.football-data.org/784.svg,2019,Serie A,SA,LEAGUE,https://crests.football-data.org/SA.png,2395,2025-08-24,2026-05-24,1,,471,US Sassuolo Calcio,Sassuolo,SAS,https://crests.football-data.org/471.png,99,ACF Fiorentina,Fiorentina,FIO,https://crests.football-data.org/99.png,,REGULAR,,,,,,,,,,,Activate Odds-Package in User-Panel to retrieve odds.
536952,2025-12-07T00:00:00Z,SCHEDULED,14,REGULAR_SEASON,,2025-08-23T00:20:52Z,[],2114,Italy,ITA,https://crests.football-data.org/784.svg,2019,Serie A,SA,LEAGUE,https://crests.football-data.org/SA.png,2395,2025-08-24,2026-05-24,1,,113,SSC Napoli,Napoli,NAP,https://crests.football-data.org/113.png,109,Juventus FC,Juventus,JUV,https://crests.football-data.org/109.png,,REGULAR,,,,,,,,,,,Activate Odds-Package in User-Panel to retrieve odds.
536953,2025-12-07T00:00:00Z,SCHEDULED,14,REGULAR_SEASON,,2025-07-04T12:08:06Z,[],2114,Italy,ITA,https://crests.football-data.org/784.svg,2019,Serie A,SA,LEAGUE,https://crests.football-data.org/SA.png,2395,2025-08-24,2026-05-24,1,,115,Udinese Calcio,Udinese,UDI,https://crests.football-data.org/115.png,107,Genoa CFC,Genoa,GEN,https://crests.football-data.org/107.png,,REGULAR,,,,,,,,,,,Activate Odds-Package in User-Panel to retrieve odds.
536954,2025-12-07T00:00:00Z,SCHEDULED,14,REGULAR_SEASON,,2025-07-04T12:08:07Z,[],2114,Italy,ITA,https://crests.football-data.org/784.svg,2019,Serie A,SA,LEAGUE,https://crests.football-data.org/SA.png,2395,2025-08-24,2026-05-24,1,,457,US Cremonese,Cremonese,CRE,https://crests.football-data.org/457.png,5890,US Lecce,Lecce,USL,https://crests.football-data.org/5890.png,,REGULAR,,,,,,,,,,,Activate Odds-Package in User-Panel to retrieve odds.
536955,2025-12-14T00:00:00Z,SCHEDULED,15,REGULAR_SEASON,,2025-07-04T12:08:06Z,[],2114,Italy,ITA,https://crests.football-data.org/784.svg,2019,Serie A,SA,LEAGUE,https://crests.football-data.org/SA.png,2395,2025-08-24,2026-05-24,1,,99,ACF Fiorentina,Fiorentina,FIO,https://crests.football-data.org/99.png,450,Hellas Verona FC,Verona,HVE,https://crests.football-data.org/450.png,,REGULAR,,,,,,,,,,,Activate Odds-Package in User-Panel to retrieve odds.
536956,2025-12-14T00:00:00Z,SCHEDULED,15,REGULAR_SEASON,,2025-07-04T12:08:06Z,[],2114,Italy,ITA,https://crests.football-data.org/784.svg,2019,Serie A,SA,LEAGUE,https://crests.football-data.org/SA.png,2395,2025-08-24,2026-05-24,1,,98,AC Milan,Milan,MIL,https://crests.football-data.org/98.png,471,US Sassuolo Calcio,Sassuolo,SAS,https://crests.football-data.org/471.png,,REGULAR,,,,,,,,,,,Activate Odds-Package in User-Panel to retrieve odds.
536957,2025-12-14T00:00:00Z,SCHEDULED,15,REGULAR_SEASON,,2025-07-04T12:08:06Z,[],2114,Italy,ITA,https://crests.football-data.org/784.svg,2019,Serie A,SA,LEAGUE,https://crests.football-data.org/SA.png,2395,2025-08-24,2026-05-24,1,,100,AS Roma,Roma,ROM,https://crests.football-data.org/100.png,7397,Como 1907,Como 1907,COM,https://crests.football-data.org/7397.png,,REGULAR,,,,,,,,,,,Activate Odds-Package in User-Panel to retrieve odds.
536958,2025-12-14T00:00:00Z,SCHEDULED,15,REGULAR_SEASON,,2025-07-04T12:08:06Z,[],2114,Italy,ITA,https://crests.football-data.org/784.svg,2019,Serie A,SA,LEAGUE,https://crests.football-data.org/SA.png,2395,2025-08-24,2026-05-24,1,,102,Atalanta BC,Atalanta,ATA,https://crests.football-data.org/102.png,104,Cagliari Calcio,Cagliari,CAG,https://crests.football-data.org/104.png,,REGULAR,,,,,,,,,,,Activate Odds-Package in User-Panel to retrieve odds.
536959,2025-12-14T00:00:00Z,SCHEDULED,15,REGULAR_SEASON,,2025-08-23T00:20:52Z,[],2114,Italy,ITA,https://crests.football-data.org/784.svg,2019,Serie A,SA,LEAGUE,https://crests.football-data.org/SA.png,2395,2025-08-24,2026-05-24,1,,107,Genoa CFC,Genoa,GEN,https://crests.football-data.org/107.png,108,FC Internazionale Milano,Inter,INT,https://crests.football-data.org/108.png,,REGULAR,,,,,,,,,,,Activate Odds-Package in User-Panel to retrieve odds.
536960,2025-12-14T00:00:00Z,SCHEDULED,15,REGULAR_SEASON,,2025-08-23T00:20:52Z,[],2114,Italy,ITA,https://crests.football-data.org/784.svg,2019,Serie A,SA,LEAGUE,https://crests.football-data.org/SA.png,2395,2025-08-24,2026-05-24,1,,103,Bologna FC 1909,Bologna,BOL,https://crests.football-data.org/103.png,109,Juventus FC,Juventus,JUV,https://crests.football-data.org/109.png,,REGULAR,,,,,,,,,,,Activate Odds-Package in User-Panel to retrieve odds.
536961,2025-12-14T00:00:00Z,SCHEDULED,15,REGULAR_SEASON,,2025-07-04T12:08:06Z,[],2114,Italy,ITA,https://crests.football-data.org/784.svg,2019,Serie A,SA,LEAGUE,https://crests.football-data.org/SA.png,2395,2025-08-24,2026-05-24,1,,586,Torino FC,Torino,TOR,https://crests.football-data.org/586.png,457,US Cremonese,Cremonese,CRE,https://crests.football-data.org/457.png,,REGULAR,,,,,,,,,,,Activate Odds-Package in User-Panel to retrieve odds.
536962,2025-12-14T00:00:00Z,SCHEDULED,15,REGULAR_SEASON,,2025-07-04T12:08:07Z,[],2114,Italy,ITA,https://crests.football-data.org/784.svg,2019,Serie A,SA,LEAGUE,https://crests.football-data.org/SA.png,2395,2025-08-24,2026-05-24,1,,112,Parma Calcio 1913,Parma,PAR,https://crests.football-data.org/112.png,110,SS Lazio,Lazio,LAZ,https://crests.football-data.org/110.png,,REGULAR,,,,,,,,,,,Activate Odds-Package in User-Panel to retrieve odds.
536963,2025-12-14T00:00:00Z,SCHEDULED,15,REGULAR_SEASON,,2025-07-04T12:08:06Z,[],2114,Italy,ITA,https://crests.football-data.org/784.svg,2019,Serie A,SA,LEAGUE,https://crests.football-data.org/SA.png,2395,2025-08-24,2026-05-24,1,,115,Udinese Calcio,Udinese,UDI,https://crests.football-data.org/115.png,113,SSC Napoli,Napoli,NAP,https://crests.football-data.org/113.png,,REGULAR,,,,,,,,,,,Activate Odds-Package in User-Panel to retrieve odds.
536964,2025-12-14T00:00:00Z,SCHEDULED,15,REGULAR_SEASON,,2025-07-04T12:08:07Z,[],2114,Italy,ITA,https://crests.football-data.org/784.svg,2019,Serie A,SA,LEAGUE,https://crests.football-data.org/SA.png,2395,2025-08-24,2026-05-24,1,,5890,US Lecce,Lecce,USL,https://crests.football-data.org/5890.png,487,AC Pisa 1909,AC Pisa,PIS,https://crests.football-data.org/487.png,,REGULAR,,,,,,,,,,,Activate Odds-Package in User-Panel to retrieve odds.
536965,2025-12-21T00:00:00Z,SCHEDULED,16,REGULAR_SEASON,,2025-07-04T12:08:06Z,[],2114,Italy,ITA,https://crests.football-data.org/784.svg,2019,Serie A,SA,LEAGUE,https://crests.football-data.org/SA.png,2395,2025-08-24,2026-05-24,1,,99,ACF Fiorentina,Fiorentina,FIO,https://crests.football-data.org/99.png,115,Udinese Calcio,Udinese,UDI,https://crests.football-data.org/115.png,,REGULAR,,,,,,,,,,,Activate Odds-Package in User-Panel to retrieve odds.
536966,2025-12-21T00:00:00Z,SCHEDULED,16,REGULAR_SEASON,,2025-07-04T12:08:06Z,[],2114,Italy,ITA,https://crests.football-data.org/784.svg,2019,Serie A,SA,LEAGUE,https://crests.football-data.org/SA.png,2395,2025-08-24,2026-05-24,1,,104,Cagliari Calcio,Cagliari,CAG,https://crests.football-data.org/104.png,487,AC Pisa 1909,AC Pisa,PIS,https://crests.football-data.org/487.png,,REGULAR,,,,,,,,,,,Activate Odds-Package in User-Panel to retrieve odds.
536967,2025-12-21T00:00:00Z,SCHEDULED,16,REGULAR_SEASON,,2025-07-04T12:08:07Z,[],2114,Italy,ITA,https://crests.football-data.org/784.svg,2019,Serie A,SA,LEAGUE,https://crests.football-data.org/SA.png,2395,2025-08-24,2026-05-24,1,,107,Genoa CFC,Genoa,GEN,https://crests.football-data.org/107.png,102,Atalanta BC,Atalanta,ATA,https://crests.football-data.org/102.png,,REGULAR,,,,,,,,,,,Activate Odds-Package in User-Panel to retrieve odds.
536968,2025-12-21T00:00:00Z,SCHEDULED,16,REGULAR_SEASON,,2025-07-04T12:08:07Z,[],2114,Italy,ITA,https://crests.football-data.org/784.svg,2019,Serie A,SA,LEAGUE,https://crests.football-data.org/SA.png,2395,2025-08-24,2026-05-24,1,,7397,Como 1907,Como 1907,COM,https://crests.football-data.org/7397.png,98,AC Milan,Milan,MIL,https://crests.football-data.org/98.png,,REGULAR,,,,,,,,,,,Activate Odds-Package in User-Panel to retrieve odds.
536969,2025-12-21T00:00:00Z,SCHEDULED,16,REGULAR_SEASON,,2025-07-04T12:08:07Z,[],2114,Italy,ITA,https://crests.football-data.org/784.svg,2019,Serie A,SA,LEAGUE,https://crests.football-data.org/SA.png,2395,2025-08-24,2026-05-24,1,,450,Hellas Verona FC,Verona,HVE,https://crests.football-data.org/450.png,103,Bologna FC 1909,Bologna,BOL,https://crests.football-data.org/103.png,,REGULAR,,,,,,,,,,,Activate Odds-Package in User-Panel to retrieve odds.
536970,2025-12-21T00:00:00Z,SCHEDULED,16,REGULAR_SEASON,,2025-08-23T00:20:52Z,[],2114,Italy,ITA,https://crests.football-data.org/784.svg,2019,Serie A,SA,LEAGUE,https://crests.football-data.org/SA.png,2395,2025-08-24,2026-05-24,1,,108,FC Internazionale Milano,Inter,INT,https://crests.football-data.org/108.png,5890,US Lecce,Lecce,USL,https://crests.football-data.org/5890.png,,REGULAR,,,,,,,,,,,Activate Odds-Package in User-Panel to retrieve odds.
536971,2025-12-21T00:00:00Z,SCHEDULED,16,REGULAR_SEASON,,2025-08-23T00:20:52Z,[],2114,Italy,ITA,https://crests.football-data.org/784.svg,2019,Serie A,SA,LEAGUE,https://crests.football-data.org/SA.png,2395,2025-08-24,2026-05-24,1,,109,Juventus FC,Juventus,JUV,https://crests.football-data.org/109.png,100,AS Roma,Roma,ROM,https://crests.football-data.org/100.png,,REGULAR,,,,,,,,,,,Activate Odds-Package in User-Panel to retrieve odds.
536972,2025-12-21T00:00:00Z,SCHEDULED,16,REGULAR_SEASON,,2025-07-04T12:08:07Z,[],2114,Italy,ITA,https://crests.football-data.org/784.svg,2019,Serie A,SA,LEAGUE,https://crests.football-data.org/SA.png,2395,2025-08-24,2026-05-24,1,,110,SS Lazio,Lazio,LAZ,https://crests.football-data.org/110.png,457,US Cremonese,Cremonese,CRE,https://crests.football-data.org/457.png,,REGULAR,,,,,,,,,,,Activate Odds-Package in User-Panel to retrieve odds.
536973,2025-12-21T00:00:00Z,SCHEDULED,16,REGULAR_SEASON,,2025-07-04T12:08:06Z,[],2114,Italy,ITA,https://crests.football-data.org/784.svg,2019,Serie A,SA,LEAGUE,https://crests.football-data.org/SA.png,2395,2025-08-24,2026-05-24,1,,471,US Sassuolo Calcio,Sassuolo,SAS,https://crests.football-data.org/471.png,586,Torino FC,Torino,TOR,https://crests.football-data.org/586.png,,REGULAR,,,,,,,,,,,Activate Odds-Package in User-Panel to retrieve odds.
536974,2025-12-21T00:00:00Z,SCHEDULED,16,REGULAR_SEASON,,2025-07-04T12:08:05Z,[],2114,Italy,ITA,https://crests.football-data.org/784.svg,2019,Serie A,SA,LEAGUE,https://crests.football-data.org/SA.png,2395,2025-08-24,2026-05-24,1,,113,SSC Napoli,Napoli,NAP,https://crests.football-data.org/113.png,112,Parma Calcio 1913,Parma,PAR,https://crests.football-data.org/112.png,,REGULAR,,,,,,,,,,,Activate Odds-Package in User-Panel to retrieve odds.
536975,2025-12-28T00:00:00Z,SCHEDULED,17,REGULAR_SEASON,,2025-07-04T12:08:07Z,[],2114,Italy,ITA,https://crests.football-data.org/784.svg,2019,Serie A,SA,LEAGUE,https://crests.football-data.org/SA.png,2395,2025-08-24,2026-05-24,1,,98,AC Milan,Milan,MIL,https://crests.football-data.org/98.png,450,Hellas Verona FC,Verona,HVE,https://crests.football-data.org/450.png,,REGULAR,,,,,,,,,,,Activate Odds-Package in User-Panel to retrieve odds.
536976,2025-12-28T00:00:00Z,SCHEDULED,17,REGULAR_SEASON,,2025-07-04T12:08:06Z,[],2114,Italy,ITA,https://crests.football-data.org/784.svg,2019,Serie A,SA,LEAGUE,https://crests.football-data.org/SA.png,2395,2025-08-24,2026-05-24,1,,100,AS Roma,Roma,ROM,https://crests.football-data.org/100.png,107,Genoa CFC,Genoa,GEN,https://crests.football-data.org/107.png,,REGULAR,,,,,,,,,,,Activate Odds-Package in User-Panel to retrieve odds.
536977,2025-12-28T00:00:00Z,SCHEDULED,17,REGULAR_SEASON,,2025-08-23T00:20:52Z,[],2114,Italy,ITA,https://crests.football-data.org/784.svg,2019,Serie A,SA,LEAGUE,https://crests.football-data.org/SA.png,2395,2025-08-24,2026-05-24,1,,102,Atalanta BC,Atalanta,ATA,https://crests.football-data.org/102.png,108,FC Internazionale Milano,Inter,INT,https://crests.football-data.org/108.png,,REGULAR,,,,,,,,,,,Activate Odds-Package in User-Panel to retrieve odds.
536978,2025-12-28T00:00:00Z,SCHEDULED,17,REGULAR_SEASON,,2025-07-04T12:08:05Z,[],2114,Italy,ITA,https://crests.football-data.org/784.svg,2019,Serie A,SA,LEAGUE,https://crests.football-data.org/SA.png,2395,2025-08-24,2026-05-24,1,,103,Bologna FC 1909,Bologna,BOL,https://crests.football-data.org/103.png,471,US Sassuolo Calcio,Sassuolo,SAS,https://crests.football-data.org/471.png,,REGULAR,,,,,,,,,,,Activate Odds-Package in User-Panel to retrieve odds.
536979,2025-12-28T00:00:00Z,SCHEDULED,17,REGULAR_SEASON,,2025-07-04T12:08:06Z,[],2114,Italy,ITA,https://crests.football-data.org/784.svg,2019,Serie A,SA,LEAGUE,https://crests.football-data.org/SA.png,2395,2025-08-24,2026-05-24,1,,586,Torino FC,Torino,TOR,https://crests.football-data.org/586.png,104,Cagliari Calcio,Cagliari,CAG,https://crests.football-data.org/104.png,,REGULAR,,,,,,,,,,,Activate Odds-Package in User-Panel to retrieve odds.
536980,2025-12-28T00:00:00Z,SCHEDULED,17,REGULAR_SEASON,,2025-07-04T12:08:07Z,[],2114,Italy,ITA,https://crests.football-data.org/784.svg,2019,Serie A,SA,LEAGUE,https://crests.football-data.org/SA.png,2395,2025-08-24,2026-05-24,1,,112,Parma Calcio 1913,Parma,PAR,https://crests.football-data.org/112.png,99,ACF Fiorentina,Fiorentina,FIO,https://crests.football-data.org/99.png,,REGULAR,,,,,,,,,,,Activate Odds-Package in User-Panel to retrieve odds.
536981,2025-12-28T00:00:00Z,SCHEDULED,17,REGULAR_SEASON,,2025-08-23T00:20:52Z,[],2114,Italy,ITA,https://crests.football-data.org/784.svg,2019,Serie A,SA,LEAGUE,https://crests.football-data.org/SA.png,2395,2025-08-24,2026-05-24,1,,487,AC Pisa 1909,AC Pisa,PIS,https://crests.football-data.org/487.png,109,Juventus FC,Juventus,JUV,https://crests.football-data.org/109.png,,REGULAR,,,,,,,,,,,Activate Odds-Package in User-Panel to retrieve odds.
536982,2025-12-28T00:00:00Z,SCHEDULED,17,REGULAR_SEASON,,2025-07-04T12:08:06Z,[],2114,Italy,ITA,https://crests.football-data.org/784.svg,2019,Serie A,SA,LEAGUE,https://crests.football-data.org/SA.png,2395,2025-08-24,2026-05-24,1,,115,Udinese Calcio,Udinese,UDI,https://crests.football-data.org/115.png,110,SS Lazio,Lazio,LAZ,https://crests.football-data.org/110.png,,REGULAR,,,,,,,,,,,Activate Odds-Package in User-Panel to retrieve odds.
536983,2025-12-28T00:00:00Z,SCHEDULED,17,REGULAR_SEASON,,2025-07-04T12:08:07Z,[],2114,Italy,ITA,https://crests.football-data.org/784.svg,2019,Serie A,SA,LEAGUE,https://crests.football-data.org/SA.png,2395,2025-08-24,2026-05-24,1,,457,US Cremonese,Cremonese,CRE,https://crests.football-data.org/457.png,113,SSC Napoli,Napoli,NAP,https://crests.football-data.org/113.png,,REGULAR,,,,,,,,,,,Activate Odds-Package in User-Panel to retrieve odds.
536984,2025-12-28T00:00:00Z,SCHEDULED,17,REGULAR_SEASON,,2025-07-04T12:08:06Z,[],2114,Italy,ITA,https://crests.football-data.org/784.svg,2019,Serie A,SA,LEAGUE,https://crests.football-data.org/SA.png,2395,2025-08-24,2026-05-24,1,,5890,US Lecce,Lecce,USL,https://crests.football-data.org/5890.png,7397,Como 1907,Como 1907,COM,https://crests.football-data.org/7397.png,,REGULAR,,,,,,,,,,,Activate Odds-Package in User-Panel to retrieve odds.
536985,2026-01-03T00:00:00Z,SCHEDULED,18,REGULAR_SEASON,,2025-07-04T12:08:06Z,[],2114,Italy,ITA,https://crests.football-data.org/784.svg,2019,Serie A,SA,LEAGUE,https://crests.football-data.org/SA.png,2395,2025-08-24,2026-05-24,1,,99,ACF Fiorentina,Fiorentina,FIO,https://crests.football-data.org/99.png,457,US Cremonese,Cremonese,CRE,https://crests.football-data.org/457.png,,REGULAR,,,,,,,,,,,Activate Odds-Package in User-Panel to retrieve odds.
536986,2026-01-03T00:00:00Z,SCHEDULED,18,REGULAR_SEASON,,2025-07-04T12:08:07Z,[],2114,Italy,ITA,https://crests.football-data.org/784.svg,2019,Serie A,SA,LEAGUE,https://crests.football-data.org/SA.png,2395,2025-08-24,2026-05-24,1,,102,Atalanta BC,Atalanta,ATA,https://crests.football-data.org/102.png,100,AS Roma,Roma,ROM,https://crests.football-data.org/100.png,,REGULAR,,,,,,,,,,,Activate Odds-Package in User-Panel to retrieve odds.
536987,2026-01-03T00:00:00Z,SCHEDULED,18,REGULAR_SEASON,,2025-07-04T12:08:07Z,[],2114,Italy,ITA,https://crests.football-data.org/784.svg,2019,Serie A,SA,LEAGUE,https://crests.football-data.org/SA.png,2395,2025-08-24,2026-05-24,1,,104,Cagliari Calcio,Cagliari,CAG,https://crests.football-data.org/104.png,98,AC Milan,Milan,MIL,https://crests.football-data.org/98.png,,REGULAR,,,,,,,,,,,Activate Odds-Package in User-Panel to retrieve odds.
536988,2026-01-03T00:00:00Z,SCHEDULED,18,REGULAR_SEASON,,2025-07-04T12:08:06Z,[],2114,Italy,ITA,https://crests.football-data.org/784.svg,2019,Serie A,SA,LEAGUE,https://crests.football-data.org/SA.png,2395,2025-08-24,2026-05-24,1,,107,Genoa CFC,Genoa,GEN,https://crests.football-data.org/107.png,487,AC Pisa 1909,AC Pisa,PIS,https://crests.football-data.org/487.png,,REGULAR,,,,,,,,,,,Activate Odds-Package in User-Panel to retrieve odds.
536989,2026-01-03T00:00:00Z,SCHEDULED,18,REGULAR_SEASON,,2025-07-04T12:08:07Z,[],2114,Italy,ITA,https://crests.football-data.org/784.svg,2019,Serie A,SA,LEAGUE,https://crests.football-data.org/SA.png,2395,2025-08-24,2026-05-24,1,,7397,Como 1907,Como 1907,COM,https://crests.football-data.org/7397.png,115,Udinese Calcio,Udinese,UDI,https://crests.football-data.org/115.png,,REGULAR,,,,,,,,,,,Activate Odds-Package in User-Panel to retrieve odds.
536990,2026-01-03T00:00:00Z,SCHEDULED,18,REGULAR_SEASON,,2025-07-04T12:08:06Z,[],2114,Italy,ITA,https://crests.football-data.org/784.svg,2019,Serie A,SA,LEAGUE,https://crests.football-data.org/SA.png,2395,2025-08-24,2026-05-24,1,,450,Hellas Verona FC,Verona,HVE,https://crests.football-data.org/450.png,586,Torino FC,Torino,TOR,https://crests.football-data.org/586.png,,REGULAR,,,,,,,,,,,Activate Odds-Package in User-Panel to retrieve odds.
536991,2026-01-03T00:00:00Z,SCHEDULED,18,REGULAR_SEASON,,2025-08-23T00:20:52Z,[],2114,Italy,ITA,https://crests.football-data.org/784.svg,2019,Serie A,SA,LEAGUE,https://crests.football-data.org/SA.png,2395,2025-08-24,2026-05-24,1,,108,FC Internazionale Milano,Inter,INT,https://crests.football-data.org/108.png,103,Bologna FC 1909,Bologna,BOL,https://crests.football-data.org/103.png,,REGULAR,,,,,,,,,,,Activate Odds-Package in User-Panel to retrieve odds.
536992,2026-01-03T00:00:00Z,SCHEDULED,18,REGULAR_SEASON,,2025-08-23T00:20:52Z,[],2114,Italy,ITA,https://crests.football-data.org/784.svg,2019,Serie A,SA,LEAGUE,https://crests.football-data.org/SA.png,2395,2025-08-24,2026-05-24,1,,109,Juventus FC,Juventus,JUV,https://crests.football-data.org/109.png,5890,US Lecce,Lecce,USL,https://crests.football-data.org/5890.png,,REGULAR,,,,,,,,,,,Activate Odds-Package in User-Panel to retrieve odds.
536993,2026-01-03T00:00:00Z,SCHEDULED,18,REGULAR_SEASON,,2025-07-04T12:08:06Z,[],2114,Italy,ITA,https://crests.football-data.org/784.svg,2019,Serie A,SA,LEAGUE,https://crests.football-data.org/SA.png,2395,2025-08-24,2026-05-24,1,,110,SS Lazio,Lazio,LAZ,https://crests.football-data.org/110.png,113,SSC Napoli,Napoli,NAP,https://crests.football-data.org/113.png,,REGULAR,,,,,,,,,,,Activate Odds-Package in User-Panel to retrieve odds.
536994,2026-01-03T00:00:00Z,SCHEDULED,18,REGULAR_SEASON,,2025-07-04T12:08:07Z,[],2114,Italy,ITA,https://crests.football-data.org/784.svg,2019,Serie A,SA,LEAGUE,https://crests.football-data.org/SA.png,2395,2025-08-24,2026-05-24,1,,471,US Sassuolo Calcio,Sassuolo,SAS,https://crests.football-data.org/471.png,112,Parma Calcio 1913,Parma,PAR,https://crests.football-data.org/112.png,,REGULAR,,,,,,,,,,,Activate Odds-Package in User-Panel to retrieve odds.
536995,2026-01-06T00:00:00Z,SCHEDULED,19,REGULAR_SEASON,,2025-07-04T12:08:05Z,[],2114,Italy,ITA,https://crests.football-data.org/784.svg,2019,Serie A,SA,LEAGUE,https://crests.football-data.org/SA.png,2395,2025-08-24,2026-05-24,1,,98,AC Milan,Milan,MIL,https://crests.football-data.org/98.png,107,Genoa CFC,Genoa,GEN,https://crests.football-data.org/107.png,,REGULAR,,,,,,,,,,,Activate Odds-Package in User-Panel to retrieve odds.
536996,2026-01-06T00:00:00Z,SCHEDULED,19,REGULAR_SEASON,,2025-07-04T12:08:07Z,[],2114,Italy,ITA,https://crests.football-data.org/784.svg,2019,Serie A,SA,LEAGUE,https://crests.football-data.org/SA.png,2395,2025-08-24,2026-05-24,1,,103,Bologna FC 1909,Bologna,BOL,https://crests.football-data.org/103.png,102,Atalanta BC,Atalanta,ATA,https://crests.football-data.org/102.png,,REGULAR,,,,,,,,,,,Activate Odds-Package in User-Panel to retrieve odds.
536997,2026-01-06T00:00:00Z,SCHEDULED,19,REGULAR_SEASON,,2025-07-04T12:08:07Z,[],2114,Italy,ITA,https://crests.football-data.org/784.svg,2019,Serie A,SA,LEAGUE,https://crests.football-data.org/SA.png,2395,2025-08-24,2026-05-24,1,,586,Torino FC,Torino,TOR,https://crests.football-data.org/586.png,115,Udinese Calcio,Udinese,UDI,https://crests.football-data.org/115.png,,REGULAR,,,,,,,,,,,Activate Odds-Package in User-Panel to retrieve odds.
536998,2026-01-06T00:00:00Z,SCHEDULED,19,REGULAR_SEASON,,2025-07-04T12:08:07Z,[],2114,Italy,ITA,https://crests.football-data.org/784.svg,2019,Serie A,SA,LEAGUE,https://crests.football-data.org/SA.png,2395,2025-08-24,2026-05-24,1,,110,SS Lazio,Lazio,LAZ,https://crests.football-data.org/110.png,99,ACF Fiorentina,Fiorentina,FIO,https://crests.football-data.org/99.png,,REGULAR,,,,,,,,,,,Activate Odds-Package in User-Panel to retrieve odds.
536999,2026-01-06T00:00:00Z,SCHEDULED,19,REGULAR_SEASON,,2025-08-23T00:20:52Z,[],2114,Italy,ITA,https://crests.football-data.org/784.svg,2019,Serie A,SA,LEAGUE,https://crests.football-data.org/SA.png,2395,2025-08-24,2026-05-24,1,,112,Parma Calcio 1913,Parma,PAR,https://crests.football-data.org/112.png,108,FC Internazionale Milano,Inter,INT,https://crests.football-data.org/108.png,,REGULAR,,,,,,,,,,,Activate Odds-Package in User-Panel to retrieve odds.
537000,2026-01-06T00:00:00Z,SCHEDULED,19,REGULAR_SEASON,,2025-07-04T12:08:06Z,[],2114,Italy,ITA,https://crests.football-data.org/784.svg,2019,Serie A,SA,LEAGUE,https://crests.football-data.org/SA.png,2395,2025-08-24,2026-05-24,1,,487,AC Pisa 1909,AC Pisa,PIS,https://crests.football-data.org/487.png,7397,Como 1907,Como 1907,COM,https://crests.football-data.org/7397.png,,REGULAR,,,,,,,,,,,Activate Odds-Package in User-Panel to retrieve odds.
537001,2026-01-06T00:00:00Z,SCHEDULED,19,REGULAR_SEASON,,2025-08-23T00:20:52Z,[],2114,Italy,ITA,https://crests.football-data.org/784.svg,2019,Serie A,SA,LEAGUE,https://crests.football-data.org/SA.png,2395,2025-08-24,2026-05-24,1,,471,US Sassuolo Calcio,Sassuolo,SAS,https://crests.football-data.org/471.png,109,Juventus FC,Juventus,JUV,https://crests.football-data.org/109.png,,REGULAR,,,,,,,,,,,Activate Odds-Package in User-Panel to retrieve odds.
537002,2026-01-06T00:00:00Z,SCHEDULED,19,REGULAR_SEASON,,2025-07-04T12:08:06Z,[],2114,Italy,ITA,https://crests.football-data.org/784.svg,2019,Serie A,SA,LEAGUE,https://crests.football-data.org/SA.png,2395,2025-08-24,2026-05-24,1,,113,SSC Napoli,Napoli,NAP,https://crests.football-data.org/113.png,450,Hellas Verona FC,Verona,HVE,https://crests.football-data.org/450.png,,REGULAR,,,,,,,,,,,Activate Odds-Package in User-Panel to retrieve odds.
537003,2026-01-06T00:00:00Z,SCHEDULED,19,REGULAR_SEASON,,2025-07-04T12:08:07Z,[],2114,Italy,ITA,https://crests.football-data.org/784.svg,2019,Serie A,SA,LEAGUE,https://crests.football-data.org/SA.png,2395,2025-08-24,2026-05-24,1,,457,US Cremonese,Cremonese,CRE,https://crests.football-data.org/457.png,104,Cagliari Calcio,Cagliari,CAG,https://crests.football-data.org/104.png,,REGULAR,,,,,,,,,,,Activate Odds-Package in User-Panel to retrieve odds.
537004,2026-01-06T00:00:00Z,SCHEDULED,19,REGULAR_SEASON,,2025-07-04T12:08:06Z,[],2114,Italy,ITA,https://crests.football-data.org/784.svg,2019,Serie A,SA,LEAGUE,https://crests.football-data.org/SA.png,2395,2025-08-24,2026-05-24,1,,5890,US Lecce,Lecce,USL,https://crests.football-data.org/5890.png,100,AS Roma,Roma,ROM,https://crests.football-data.org/100.png,,REGULAR,,,,,,,,,,,Activate Odds-Package in User-Panel to retrieve odds.
537005,2026-01-11T00:00:00Z,SCHEDULED,20,REGULAR_SEASON,,2025-07-04T12:08:07Z,[],2114,Italy,ITA,https://crests.football-data.org/784.svg,2019,Serie A,SA,LEAGUE,https://crests.football-data.org/SA.png,2395,2025-08-24,2026-05-24,1,,99,ACF Fiorentina,Fiorentina,FIO,https://crests.football-data.org/99.png,98,AC Milan,Milan,MIL,https://crests.football-data.org/98.png,,REGULAR,,,,,,,,,,,Activate Odds-Package in User-Panel to retrieve odds.
537006,2026-01-11T00:00:00Z,SCHEDULED,20,REGULAR_SEASON,,2025-07-04T12:08:07Z,[],2114,Italy,ITA,https://crests.football-data.org/784.svg,2019,Serie A,SA,LEAGUE,https://crests.football-data.org/SA.png,2395,2025-08-24,2026-05-24,1,,100,AS Roma,Roma,ROM,https://crests.football-data.org/100.png,471,US Sassuolo Calcio,Sassuolo,SAS,https://crests.football-data.org/471.png,,REGULAR,,,,,,,,,,,Activate Odds-Package in User-Panel to retrieve odds.
537007,2026-01-11T00:00:00Z,SCHEDULED,20,REGULAR_SEASON,,2025-07-04T12:08:07Z,[],2114,Italy,ITA,https://crests.football-data.org/784.svg,2019,Serie A,SA,LEAGUE,https://crests.football-data.org/SA.png,2395,2025-08-24,2026-05-24,1,,102,Atalanta BC,Atalanta,ATA,https://crests.football-data.org/102.png,586,Torino FC,Torino,TOR,https://crests.football-data.org/586.png,,REGULAR,,,,,,,,,,,Activate Odds-Package in User-Panel to retrieve odds.
537008,2026-01-11T00:00:00Z,SCHEDULED,20,REGULAR_SEASON,,2025-07-04T12:08:06Z,[],2114,Italy,ITA,https://crests.football-data.org/784.svg,2019,Serie A,SA,LEAGUE,https://crests.football-data.org/SA.png,2395,2025-08-24,2026-05-24,1,,107,Genoa CFC,Genoa,GEN,https://crests.football-data.org/107.png,104,Cagliari Calcio,Cagliari,CAG,https://crests.football-data.org/104.png,,REGULAR,,,,,,,,,,,Activate Odds-Package in User-Panel to retrieve odds.
537009,2026-01-11T00:00:00Z,SCHEDULED,20,REGULAR_SEASON,,2025-07-04T12:08:06Z,[],2114,Italy,ITA,https://crests.football-data.org/784.svg,2019,Serie A,SA,LEAGUE,https://crests.football-data.org/SA.png,2395,2025-08-24,2026-05-24,1,,7397,Como 1907,Como 1907,COM,https://crests.football-data.org/7397.png,103,Bologna FC 1909,Bologna,BOL,https://crests.football-data.org/103.png,,REGULAR,,,,,,,,,,,Activate Odds-Package in User-Panel to retrieve odds.
537010,2026-01-11T00:00:00Z,SCHEDULED,20,REGULAR_SEASON,,2025-07-04T12:08:05Z,[],2114,Italy,ITA,https://crests.football-data.org/784.svg,2019,Serie A,SA,LEAGUE,https://crests.football-data.org/SA.png,2395,2025-08-24,2026-05-24,1,,450,Hellas Verona FC,Verona,HVE,https://crests.football-data.org/450.png,110,SS Lazio,Lazio,LAZ,https://crests.football-data.org/110.png,,REGULAR,,,,,,,,,,,Activate Odds-Package in User-Panel to retrieve odds.
537011,2026-01-11T00:00:00Z,SCHEDULED,20,REGULAR_SEASON,,2025-08-23T00:20:52Z,[],2114,Italy,ITA,https://crests.football-data.org/784.svg,2019,Serie A,SA,LEAGUE,https://crests.football-data.org/SA.png,2395,2025-08-24,2026-05-24,1,,108,FC Internazionale Milano,Inter,INT,https://crests.football-data.org/108.png,113,SSC Napoli,Napoli,NAP,https://crests.football-data.org/113.png,,REGULAR,,,,,,,,,,,Activate Odds-Package in User-Panel to retrieve odds.
537012,2026-01-11T00:00:00Z,SCHEDULED,20,REGULAR_SEASON,,2025-08-23T00:20:52Z,[],2114,Italy,ITA,https://crests.football-data.org/784.svg,2019,Serie A,SA,LEAGUE,https://crests.football-data.org/SA.png,2395,2025-08-24,2026-05-24,1,,109,Juventus FC,Juventus,JUV,https://crests.football-data.org/109.png,457,US Cremonese,Cremonese,CRE,https://crests.football-data.org/457.png,,REGULAR,,,,,,,,,,,Activate Odds-Package in User-Panel to retrieve odds.
537013,2026-01-11T00:00:00Z,SCHEDULED,20,REGULAR_SEASON,,2025-07-04T12:08:07Z,[],2114,Italy,ITA,https://crests.football-data.org/784.svg,2019,Serie A,SA,LEAGUE,https://crests.football-data.org/SA.png,2395,2025-08-24,2026-05-24,1,,115,Udinese Calcio,Udinese,UDI,https://crests.football-data.org/115.png,487,AC Pisa 1909,AC Pisa,PIS,https://crests.football-data.org/487.png,,REGULAR,,,,,,,,,,,Activate Odds-Package in User-Panel to retrieve odds.
537014,2026-01-11T00:00:00Z,SCHEDULED,20,REGULAR_SEASON,,2025-07-04T12:08:05Z,[],2114,Italy,ITA,https://crests.football-data.org/784.svg,2019,Serie A,SA,LEAGUE,https://crests.football-data.org/SA.png,2395,2025-08-24,2026-05-24,1,,5890,US Lecce,Lecce,USL,https://crests.football-data.org/5890.png,112,Parma Calcio 1913,Parma,PAR,https://crests.football-data.org/112.png,,REGULAR,,,,,,,,,,,Activate Odds-Package in User-Panel to retrieve odds.
537015,2026-01-18T00:00:00Z,SCHEDULED,21,REGULAR_SEASON,,2025-07-04T12:08:06Z,[],2114,Italy,ITA,https://crests.football-data.org/784.svg,2019,Serie A,SA,LEAGUE,https://crests.football-data.org/SA.png,2395,2025-08-24,2026-05-24,1,,98,AC Milan,Milan,MIL,https://crests.football-data.org/98.png,5890,US Lecce,Lecce,USL,https://crests.football-data.org/5890.png,,REGULAR,,,,,,,,,,,Activate Odds-Package in User-Panel to retrieve odds.
537016,2026-01-18T00:00:00Z,SCHEDULED,21,REGULAR_SEASON,,2025-08-23T00:20:52Z,[],2114,Italy,ITA,https://crests.football-data.org/784.svg,2019,Serie A,SA,LEAGUE,https://crests.football-data.org/SA.png,2395,2025-08-24,2026-05-24,1,,104,Cagliari Calcio,Cagliari,CAG,https://crests.football-data.org/104.png,109,Juventus FC,Juventus,JUV,https://crests.football-data.org/109.png,,REGULAR,,,,,,,,,,,Activate Odds-Package in User-Panel to retrieve odds.
537017,2026-01-18T00:00:00Z,SCHEDULED,21,REGULAR_SEASON,,2025-07-04T12:08:07Z,[],2114,Italy,ITA,https://crests.football-data.org/784.svg,2019,Serie A,SA,LEAGUE,https://crests.football-data.org/SA.png,2395,2025-08-24,2026-05-24,1,,103,Bologna FC 1909,Bologna,BOL,https://crests.football-data.org/103.png,99,ACF Fiorentina,Fiorentina,FIO,https://crests.football-data.org/99.png,,REGULAR,,,,,,,,,,,Activate Odds-Package in User-Panel to retrieve odds.
537018,2026-01-18T00:00:00Z,SCHEDULED,21,REGULAR_SEASON,,2025-07-04T12:08:07Z,[],2114,Italy,ITA,https://crests.football-data.org/784.svg,2019,Serie A,SA,LEAGUE,https://crests.football-data.org/SA.png,2395,2025-08-24,2026-05-24,1,,586,Torino FC,Torino,TOR,https://crests.football-data.org/586.png,100,AS Roma,Roma,ROM,https://crests.football-data.org/100.png,,REGULAR,,,,,,,,,,,Activate Odds-Package in User-Panel to retrieve odds.
537019,2026-01-18T00:00:00Z,SCHEDULED,21,REGULAR_SEASON,,2025-07-04T12:08:07Z,[],2114,Italy,ITA,https://crests.football-data.org/784.svg,2019,Serie A,SA,LEAGUE,https://crests.football-data.org/SA.png,2395,2025-08-24,2026-05-24,1,,110,SS Lazio,Lazio,LAZ,https://crests.football-data.org/110.png,7397,Como 1907,Como 1907,COM,https://crests.football-data.org/7397.png,,REGULAR,,,,,,,,,,,Activate Odds-Package in User-Panel to retrieve odds.
537020,2026-01-18T00:00:00Z,SCHEDULED,21,REGULAR_SEASON,,2025-07-04T12:08:06Z,[],2114,Italy,ITA,https://crests.football-data.org/784.svg,2019,Serie A,SA,LEAGUE,https://crests.football-data.org/SA.png,2395,2025-08-24,2026-05-24,1,,112,Parma Calcio 1913,Parma,PAR,https://crests.football-data.org/112.png,107,Genoa CFC,Genoa,GEN,https://crests.football-data.org/107.png,,REGULAR,,,,,,,,,,,Activate Odds-Package in User-Panel to retrieve odds.
537021,2026-01-18T00:00:00Z,SCHEDULED,21,REGULAR_SEASON,,2025-07-04T12:08:06Z,[],2114,Italy,ITA,https://crests.football-data.org/784.svg,2019,Serie A,SA,LEAGUE,https://crests.football-data.org/SA.png,2395,2025-08-24,2026-05-24,1,,487,AC Pisa 1909,AC Pisa,PIS,https://crests.football-data.org/487.png,102,Atalanta BC,Atalanta,ATA,https://crests.football-data.org/102.png,,REGULAR,,,,,,,,,,,Activate Odds-Package in User-Panel to retrieve odds.
537022,2026-01-18T00:00:00Z,SCHEDULED,21,REGULAR_SEASON,,2025-07-04T12:08:06Z,[],2114,Italy,ITA,https://crests.football-data.org/784.svg,2019,Serie A,SA,LEAGUE,https://crests.football-data.org/SA.png,2395,2025-08-24,2026-05-24,1,,113,SSC Napoli,Napoli,NAP,https://crests.football-data.org/113.png,471,US Sassuolo Calcio,Sassuolo,SAS,https://crests.football-data.org/471.png,,REGULAR,,,,,,,,,,,Activate Odds-Package in User-Panel to retrieve odds.
537023,2026-01-18T00:00:00Z,SCHEDULED,21,REGULAR_SEASON,,2025-08-23T00:20:52Z,[],2114,Italy,ITA,https://crests.football-data.org/784.svg,2019,Serie A,SA,LEAGUE,https://crests.football-data.org/SA.png,2395,2025-08-24,2026-05-24,1,,115,Udinese Calcio,Udinese,UDI,https://crests.football-data.org/115.png,108,FC Internazionale Milano,Inter,INT,https://crests.football-data.org/108.png,,REGULAR,,,,,,,,,,,Activate Odds-Package in User-Panel to retrieve odds.
537024,2026-01-18T00:00:00Z,SCHEDULED,21,REGULAR_SEASON,,2025-07-04T12:08:05Z,[],2114,Italy,ITA,https://crests.football-data.org/784.svg,2019,Serie A,SA,LEAGUE,https://crests.football-data.org/SA.png,2395,2025-08-24,2026-05-24,1,,457,US Cremonese,Cremonese,CRE,https://crests.football-data.org/457.png,450,Hellas Verona FC,Verona,HVE,https://crests.football-data.org/450.png,,REGULAR,,,,,,,,,,,Activate Odds-Package in User-Panel to retrieve odds.
537025,2026-01-25T00:00:00Z,SCHEDULED,22,REGULAR_SEASON,,2025-07-04T12:08:06Z,[],2114,Italy,ITA,https://crests.football-data.org/784.svg,2019,Serie A,SA,LEAGUE,https://crests.football-data.org/SA.png,2395,2025-08-24,2026-05-24,1,,99,ACF Fiorentina,Fiorentina,FIO,https://crests.football-data.org/99.png,104,Cagliari Calcio,Cagliari,CAG,https://crests.football-data.org/104.png,,REGULAR,,,,,,,,,,,Activate Odds-Package in User-Panel to retrieve odds.
537026,2026-01-25T00:00:00Z,SCHEDULED,22,REGULAR_SEASON,,2025-07-04T12:08:05Z,[],2114,Italy,ITA,https://crests.football-data.org/784.svg,2019,Serie A,SA,LEAGUE,https://crests.football-data.org/SA.png,2395,2025-08-24,2026-05-24,1,,100,AS Roma,Roma,ROM,https://crests.football-data.org/100.png,98,AC Milan,Milan,MIL,https://crests.football-data.org/98.png,,REGULAR,,,,,,,,,,,Activate Odds-Package in User-Panel to retrieve odds.
537027,2026-01-25T00:00:00Z,SCHEDULED,22,REGULAR_SEASON,,2025-07-04T12:08:05Z,[],2114,Italy,ITA,https://crests.football-data.org/784.svg,2019,Serie A,SA,LEAGUE,https://crests.football-data.org/SA.png,2395,2025-08-24,2026-05-24,1,,102,Atalanta BC,Atalanta,ATA,https://crests.football-data.org/102.png,112,Parma Calcio 1913,Parma,PAR,https://crests.football-data.org/112.png,,REGULAR,,,,,,,,,,,Activate Odds-Package in User-Panel to retrieve odds.
537028,2026-01-25T00:00:00Z,SCHEDULED,22,REGULAR_SEASON,,2025-07-04T12:08:06Z,[],2114,Italy,ITA,https://crests.football-data.org/784.svg,2019,Serie A,SA,LEAGUE,https://crests.football-data.org/SA.png,2395,2025-08-24,2026-05-24,1,,107,Genoa CFC,Genoa,GEN,https://crests.football-data.org/107.png,103,Bologna FC 1909,Bologna,BOL,https://crests.football-data.org/103.png,,REGULAR,,,,,,,,,,,Activate Odds-Package in User-Panel to retrieve odds.
537029,2026-01-25T00:00:00Z,SCHEDULED,22,REGULAR_SEASON,,2025-07-04T12:08:07Z,[],2114,Italy,ITA,https://crests.football-data.org/784.svg,2019,Serie A,SA,LEAGUE,https://crests.football-data.org/SA.png,2395,2025-08-24,2026-05-24,1,,7397,Como 1907,Como 1907,COM,https://crests.football-data.org/7397.png,586,Torino FC,Torino,TOR,https://crests.football-data.org/586.png,,REGULAR,,,,,,,,,,,Activate Odds-Package in User-Panel to retrieve odds.
537030,2026-01-25T00:00:00Z,SCHEDULED,22,REGULAR_SEASON,,2025-07-04T12:08:06Z,[],2114,Italy,ITA,https://crests.football-data.org/784.svg,2019,Serie A,SA,LEAGUE,https://crests.football-data.org/SA.png,2395,2025-08-24,2026-05-24,1,,450,Hellas Verona FC,Verona,HVE,https://crests.football-data.org/450.png,115,Udinese Calcio,Udinese,UDI,https://crests.football-data.org/115.png,,REGULAR,,,,,,,,,,,Activate Odds-Package in User-Panel to retrieve odds.
537031,2026-01-25T00:00:00Z,SCHEDULED,22,REGULAR_SEASON,,2025-08-23T00:20:52Z,[],2114,Italy,ITA,https://crests.football-data.org/784.svg,2019,Serie A,SA,LEAGUE,https://crests.football-data.org/SA.png,2395,2025-08-24,2026-05-24,1,,108,FC Internazionale Milano,Inter,INT,https://crests.football-data.org/108.png,487,AC Pisa 1909,AC Pisa,PIS,https://crests.football-data.org/487.png,,REGULAR,,,,,,,,,,,Activate Odds-Package in User-Panel to retrieve odds.
537032,2026-01-25T00:00:00Z,SCHEDULED,22,REGULAR_SEASON,,2025-08-23T00:20:52Z,[],2114,Italy,ITA,https://crests.football-data.org/784.svg,2019,Serie A,SA,LEAGUE,https://crests.football-data.org/SA.png,2395,2025-08-24,2026-05-24,1,,109,Juventus FC,Juventus,JUV,https://crests.football-data.org/109.png,113,SSC Napoli,Napoli,NAP,https://crests.football-data.org/113.png,,REGULAR,,,,,,,,,,,Activate Odds-Package in User-Panel to retrieve odds.
537033,2026-01-25T00:00:00Z,SCHEDULED,22,REGULAR_SEASON,,2025-07-04T12:08:06Z,[],2114,Italy,ITA,https://crests.football-data.org/784.svg,2019,Serie A,SA,LEAGUE,https://crests.football-data.org/SA.png,2395,2025-08-24,2026-05-24,1,,471,US Sassuolo Calcio,Sassuolo,SAS,https://crests.football-data.org/471.png,457,US Cremonese,Cremonese,CRE,https://crests.football-data.org/457.png,,REGULAR,,,,,,,,,,,Activate Odds-Package in User-Panel to retrieve odds.
537034,2026-01-25T00:00:00Z,SCHEDULED,22,REGULAR_SEASON,,2025-07-04T12:08:07Z,[],2114,Italy,ITA,https://crests.football-data.org/784.svg,2019,Serie A,SA,LEAGUE,https://crests.football-data.org/SA.png,2395,2025-08-24,2026-05-24,1,,5890,US Lecce,Lecce,USL,https://crests.football-data.org/5890.png,110,SS Lazio,Lazio,LAZ,https://crests.football-data.org/110.png,,REGULAR,,,,,,,,,,,Activate Odds-Package in User-Panel to retrieve odds.
537035,2026-02-01T00:00:00Z,SCHEDULED,23,REGULAR_SEASON,,2025-07-04T12:08:05Z,[],2114,Italy,ITA,https://crests.football-data.org/784.svg,2019,Serie A,SA,LEAGUE,https://crests.football-data.org/SA.png,2395,2025-08-24,2026-05-24,1,,104,Cagliari Calcio,Cagliari,CAG,https://crests.football-data.org/104.png,450,Hellas Verona FC,Verona,HVE,https://crests.football-data.org/450.png,,REGULAR,,,,,,,,,,,Activate Odds-Package in User-Panel to retrieve odds.
537036,2026-02-01T00:00:00Z,SCHEDULED,23,REGULAR_SEASON,,2025-07-04T12:08:06Z,[],2114,Italy,ITA,https://crests.football-data.org/784.svg,2019,Serie A,SA,LEAGUE,https://crests.football-data.org/SA.png,2395,2025-08-24,2026-05-24,1,,7397,Como 1907,Como 1907,COM,https://crests.football-data.org/7397.png,102,Atalanta BC,Atalanta,ATA,https://crests.football-data.org/102.png,,REGULAR,,,,,,,,,,,Activate Odds-Package in User-Panel to retrieve odds.
537037,2026-02-01T00:00:00Z,SCHEDULED,23,REGULAR_SEASON,,2025-07-04T12:08:05Z,[],2114,Italy,ITA,https://crests.football-data.org/784.svg,2019,Serie A,SA,LEAGUE,https://crests.football-data.org/SA.png,2395,2025-08-24,2026-05-24,1,,103,Bologna FC 1909,Bologna,BOL,https://crests.football-data.org/103.png,98,AC Milan,Milan,MIL,https://crests.football-data.org/98.png,,REGULAR,,,,,,,,,,,Activate Odds-Package in User-Panel to retrieve odds.
537038,2026-02-01T00:00:00Z,SCHEDULED,23,REGULAR_SEASON,,2025-07-04T12:08:07Z,[],2114,Italy,ITA,https://crests.football-data.org/784.svg,2019,Serie A,SA,LEAGUE,https://crests.football-data.org/SA.png,2395,2025-08-24,2026-05-24,1,,586,Torino FC,Torino,TOR,https://crests.football-data.org/586.png,5890,US Lecce,Lecce,USL,https://crests.football-data.org/5890.png,,REGULAR,,,,,,,,,,,Activate Odds-Package in User-Panel to retrieve odds.
537039,2026-02-01T00:00:00Z,SCHEDULED,23,REGULAR_SEASON,,2025-07-04T12:08:05Z,[],2114,Italy,ITA,https://crests.football-data.org/784.svg,2019,Serie A,SA,LEAGUE,https://crests.football-data.org/SA.png,2395,2025-08-24,2026-05-24,1,,110,SS Lazio,Lazio,LAZ,https://crests.football-data.org/110.png,107,Genoa CFC,Genoa,GEN,https://crests.football-data.org/107.png,,REGULAR,,,,,,,,,,,Activate Odds-Package in User-Panel to retrieve odds.
537040,2026-02-01T00:00:00Z,SCHEDULED,23,REGULAR_SEASON,,2025-08-23T00:20:52Z,[],2114,Italy,ITA,https://crests.football-data.org/784.svg,2019,Serie A,SA,LEAGUE,https://crests.football-data.org/SA.png,2395,2025-08-24,2026-05-24,1,,112,Parma Calcio 1913,Parma,PAR,https://crests.football-data.org/112.png,109,Juventus FC,Juventus,JUV,https://crests.football-data.org/109.png,,REGULAR,,,,,,,,,,,Activate Odds-Package in User-Panel to retrieve odds.
537041,2026-02-01T00:00:00Z,SCHEDULED,23,REGULAR_SEASON,,2025-07-04T12:08:06Z,[],2114,Italy,ITA,https://crests.football-data.org/784.svg,2019,Serie A,SA,LEAGUE,https://crests.football-data.org/SA.png,2395,2025-08-24,2026-05-24,1,,487,AC Pisa 1909,AC Pisa,PIS,https://crests.football-data.org/487.png,471,US Sassuolo Calcio,Sassuolo,SAS,https://crests.football-data.org/471.png,,REGULAR,,,,,,,,,,,Activate Odds-Package in User-Panel to retrieve odds.
537042,2026-02-01T00:00:00Z,SCHEDULED,23,REGULAR_SEASON,,2025-07-04T12:08:05Z,[],2114,Italy,ITA,https://crests.football-data.org/784.svg,2019,Serie A,SA,LEAGUE,https://crests.football-data.org/SA.png,2395,2025-08-24,2026-05-24,1,,113,SSC Napoli,Napoli,NAP,https://crests.football-data.org/113.png,99,ACF Fiorentina,Fiorentina,FIO,https://crests.football-data.org/99.png,,REGULAR,,,,,,,,,,,Activate Odds-Package in User-Panel to retrieve odds.
537043,2026-02-01T00:00:00Z,SCHEDULED,23,REGULAR_SEASON,,2025-07-04T12:08:05Z,[],2114,Italy,ITA,https://crests.football-data.org/784.svg,2019,Serie A,SA,LEAGUE,https://crests.football-data.org/SA.png,2395,2025-08-24,2026-05-24,1,,115,Udinese Calcio,Udinese,UDI,https://crests.football-data.org/115.png,100,AS Roma,Roma,ROM,https://crests.football-data.org/100.png,,REGULAR,,,,,,,,,,,Activate Odds-Package in User-Panel to retrieve odds.
537044,2026-02-01T00:00:00Z,SCHEDULED,23,REGULAR_SEASON,,2025-08-23T00:20:52Z,[],2114,Italy,ITA,https://crests.football-data.org/784.svg,2019,Serie A,SA,LEAGUE,https://crests.football-data.org/SA.png,2395,2025-08-24,2026-05-24,1,,457,US Cremonese,Cremonese,CRE,https://crests.football-data.org/457.png,108,FC Internazionale Milano,Inter,INT,https://crests.football-data.org/108.png,,REGULAR,,,,,,,,,,,Activate Odds-Package in User-Panel to retrieve odds.
537045,2026-02-08T00:00:00Z,SCHEDULED,24,REGULAR_SEASON,,2025-07-04T12:08:06Z,[],2114,Italy,ITA,https://crests.football-data.org/784.svg,2019,Serie A,SA,LEAGUE,https://crests.football-data.org/SA.png,2395,2025-08-24,2026-05-24,1,,99,ACF Fiorentina,Fiorentina,FIO,https://crests.football-data.org/99.png,586,Torino FC,Torino,TOR,https://crests.football-data.org/586.png,,REGULAR,,,,,,,,,,,Activate Odds-Package in User-Panel to retrieve odds.
537046,2026-02-08T00:00:00Z,SCHEDULED,24,REGULAR_SEASON,,2025-07-04T12:08:05Z,[],2114,Italy,ITA,https://crests.football-data.org/784.svg,2019,Serie A,SA,LEAGUE,https://crests.football-data.org/SA.png,2395,2025-08-24,2026-05-24,1,,98,AC Milan,Milan,MIL,https://crests.football-data.org/98.png,7397,Como 1907,Como 1907,COM,https://crests.football-data.org/7397.png,,REGULAR,,,,,,,,,,,Activate Odds-Package in User-Panel to retrieve odds.
537047,2026-02-08T00:00:00Z,SCHEDULED,24,REGULAR_SEASON,,2025-07-04T12:08:05Z,[],2114,Italy,ITA,https://crests.football-data.org/784.svg,2019,Serie A,SA,LEAGUE,https://crests.football-data.org/SA.png,2395,2025-08-24,2026-05-24,1,,100,AS Roma,Roma,ROM,https://crests.football-data.org/100.png,104,Cagliari Calcio,Cagliari,CAG,https://crests.football-data.org/104.png,,REGULAR,,,,,,,,,,,Activate Odds-Package in User-Panel to retrieve odds.
537048,2026-02-08T00:00:00Z,SCHEDULED,24,REGULAR_SEASON,,2025-07-04T12:08:07Z,[],2114,Italy,ITA,https://crests.football-data.org/784.svg,2019,Serie A,SA,LEAGUE,https://crests.football-data.org/SA.png,2395,2025-08-24,2026-05-24,1,,102,Atalanta BC,Atalanta,ATA,https://crests.football-data.org/102.png,457,US Cremonese,Cremonese,CRE,https://crests.football-data.org/457.png,,REGULAR,,,,,,,,,,,Activate Odds-Package in User-Panel to retrieve odds.
537049,2026-02-08T00:00:00Z,SCHEDULED,24,REGULAR_SEASON,,2025-07-04T12:08:05Z,[],2114,Italy,ITA,https://crests.football-data.org/784.svg,2019,Serie A,SA,LEAGUE,https://crests.football-data.org/SA.png,2395,2025-08-24,2026-05-24,1,,107,Genoa CFC,Genoa,GEN,https://crests.football-data.org/107.png,113,SSC Napoli,Napoli,NAP,https://crests.football-data.org/113.png,,REGULAR,,,,,,,,,,,Activate Odds-Package in User-Panel to retrieve odds.
537050,2026-02-08T00:00:00Z,SCHEDULED,24,REGULAR_SEASON,,2025-07-04T12:08:06Z,[],2114,Italy,ITA,https://crests.football-data.org/784.svg,2019,Serie A,SA,LEAGUE,https://crests.football-data.org/SA.png,2395,2025-08-24,2026-05-24,1,,103,Bologna FC 1909,Bologna,BOL,https://crests.football-data.org/103.png,112,Parma Calcio 1913,Parma,PAR,https://crests.football-data.org/112.png,,REGULAR,,,,,,,,,,,Activate Odds-Package in User-Panel to retrieve odds.
537051,2026-02-08T00:00:00Z,SCHEDULED,24,REGULAR_SEASON,,2025-07-04T12:08:06Z,[],2114,Italy,ITA,https://crests.football-data.org/784.svg,2019,Serie A,SA,LEAGUE,https://crests.football-data.org/SA.png,2395,2025-08-24,2026-05-24,1,,450,Hellas Verona FC,Verona,HVE,https://crests.football-data.org/450.png,487,AC Pisa 1909,AC Pisa,PIS,https://crests.football-data.org/487.png,,REGULAR,,,,,,,,,,,Activate Odds-Package in User-Panel to retrieve odds.
537052,2026-02-08T00:00:00Z,SCHEDULED,24,REGULAR_SEASON,,2025-08-23T00:20:52Z,[],2114,Italy,ITA,https://crests.football-data.org/784.svg,2019,Serie A,SA,LEAGUE,https://crests.football-data.org/SA.png,2395,2025-08-24,2026-05-24,1,,109,Juventus FC,Juventus,JUV,https://crests.football-data.org/109.png,110,SS Lazio,Lazio,LAZ,https://crests.football-data.org/110.png,,REGULAR,,,,,,,,,,,Activate Odds-Package in User-Panel to retrieve odds.
537053,2026-02-08T00:00:00Z,SCHEDULED,24,REGULAR_SEASON,,2025-08-23T00:20:52Z,[],2114,Italy,ITA,https://crests.football-data.org/784.svg,2019,Serie A,SA,LEAGUE,https://crests.football-data.org/SA.png,2395,2025-08-24,2026-05-24,1,,471,US Sassuolo Calcio,Sassuolo,SAS,https://crests.football-data.org/471.png,108,FC Internazionale Milano,Inter,INT,https://crests.football-data.org/108.png,,REGULAR,,,,,,,,,,,Activate Odds-Package in User-Panel to retrieve odds.
537054,2026-02-08T00:00:00Z,SCHEDULED,24,REGULAR_SEASON,,2025-07-04T12:08:06Z,[],2114,Italy,ITA,https://crests.football-data.org/784.svg,2019,Serie A,SA,LEAGUE,https://crests.football-data.org/SA.png,2395,2025-08-24,2026-05-24,1,,5890,US Lecce,Lecce,USL,https://crests.football-data.org/5890.png,115,Udinese Calcio,Udinese,UDI,https://crests.football-data.org/115.png,,REGULAR,,,,,,,,,,,Activate Odds-Package in User-Panel to retrieve odds.
537055,2026-02-15T00:00:00Z,SCHEDULED,25,REGULAR_SEASON,,2025-07-04T12:08:07Z,[],2114,Italy,ITA,https://crests.football-data.org/784.svg,2019,Serie A,SA,LEAGUE,https://crests.football-data.org/SA.png,2395,2025-08-24,2026-05-24,1,,104,Cagliari Calcio,Cagliari,CAG,https://crests.football-data.org/104.png,5890,US Lecce,Lecce,USL,https://crests.football-data.org/5890.png,,REGULAR,,,,,,,,,,,Activate Odds-Package in User-Panel to retrieve odds.
537056,2026-02-15T00:00:00Z,SCHEDULED,25,REGULAR_SEASON,,2025-07-04T12:08:07Z,[],2114,Italy,ITA,https://crests.football-data.org/784.svg,2019,Serie A,SA,LEAGUE,https://crests.football-data.org/SA.png,2395,2025-08-24,2026-05-24,1,,7397,Como 1907,Como 1907,COM,https://crests.football-data.org/7397.png,99,ACF Fiorentina,Fiorentina,FIO,https://crests.football-data.org/99.png,,REGULAR,,,,,,,,,,,Activate Odds-Package in User-Panel to retrieve odds.
537057,2026-02-15T00:00:00Z,SCHEDULED,25,REGULAR_SEASON,,2025-07-04T12:08:07Z,[],2114,Italy,ITA,https://crests.football-data.org/784.svg,2019,Serie A,SA,LEAGUE,https://crests.football-data.org/SA.png,2395,2025-08-24,2026-05-24,1,,586,Torino FC,Torino,TOR,https://crests.football-data.org/586.png,103,Bologna FC 1909,Bologna,BOL,https://crests.football-data.org/103.png,,REGULAR,,,,,,,,,,,Activate Odds-Package in User-Panel to retrieve odds.
537058,2026-02-15T00:00:00Z,SCHEDULED,25,REGULAR_SEASON,,2025-08-23T00:20:52Z,[],2114,Italy,ITA,https://crests.football-data.org/784.svg,2019,Serie A,SA,LEAGUE,https://crests.football-data.org/SA.png,2395,2025-08-24,2026-05-24,1,,108,FC Internazionale Milano,Inter,INT,https://crests.football-data.org/108.png,109,Juventus FC,Juventus,JUV,https://crests.football-data.org/109.png,,REGULAR,,,,,,,,,,,Activate Odds-Package in User-Panel to retrieve odds.
537059,2026-02-15T00:00:00Z,SCHEDULED,25,REGULAR_SEASON,,2025-07-04T12:08:07Z,[],2114,Italy,ITA,https://crests.football-data.org/784.svg,2019,Serie A,SA,LEAGUE,https://crests.football-data.org/SA.png,2395,2025-08-24,2026-05-24,1,,110,SS Lazio,Lazio,LAZ,https://crests.football-data.org/110.png,102,Atalanta BC,Atalanta,ATA,https://crests.football-data.org/102.png,,REGULAR,,,,,,,,,,,Activate Odds-Package in User-Panel to retrieve odds.
537060,2026-02-15T00:00:00Z,SCHEDULED,25,REGULAR_SEASON,,2025-07-04T12:08:07Z,[],2114,Italy,ITA,https://crests.football-data.org/784.svg,2019,Serie A,SA,LEAGUE,https://crests.football-data.org/SA.png,2395,2025-08-24,2026-05-24,1,,112,Parma Calcio 1913,Parma,PAR,https://crests.football-data.org/112.png,450,Hellas Verona FC,Verona,HVE,https://crests.football-data.org/450.png,,REGULAR,,,,,,,,,,,Activate Odds-Package in User-Panel to retrieve odds.
537061,2026-02-15T00:00:00Z,SCHEDULED,25,REGULAR_SEASON,,2025-07-04T12:08:06Z,[],2114,Italy,ITA,https://crests.football-data.org/784.svg,2019,Serie A,SA,LEAGUE,https://crests.football-data.org/SA.png,2395,2025-08-24,2026-05-24,1,,487,AC Pisa 1909,AC Pisa,PIS,https://crests.football-data.org/487.png,98,AC Milan,Milan,MIL,https://crests.football-data.org/98.png,,REGULAR,,,,,,,,,,,Activate Odds-Package in User-Panel to retrieve odds.
537062,2026-02-15T00:00:00Z,SCHEDULED,25,REGULAR_SEASON,,2025-07-04T12:08:06Z,[],2114,Italy,ITA,https://crests.football-data.org/784.svg,2019,Serie A,SA,LEAGUE,https://crests.football-data.org/SA.png,2395,2025-08-24,2026-05-24,1,,113,SSC Napoli,Napoli,NAP,https://crests.football-data.org/113.png,100,AS Roma,Roma,ROM,https://crests.football-data.org/100.png,,REGULAR,,,,,,,,,,,Activate Odds-Package in User-Panel to retrieve odds.
537063,2026-02-15T00:00:00Z,SCHEDULED,25,REGULAR_SEASON,,2025-07-04T12:08:05Z,[],2114,Italy,ITA,https://crests.football-data.org/784.svg,2019,Serie A,SA,LEAGUE,https://crests.football-data.org/SA.png,2395,2025-08-24,2026-05-24,1,,115,Udinese Calcio,Udinese,UDI,https://crests.football-data.org/115.png,471,US Sassuolo Calcio,Sassuolo,SAS,https://crests.football-data.org/471.png,,REGULAR,,,,,,,,,,,Activate Odds-Package in User-Panel to retrieve odds.
537064,2026-02-15T00:00:00Z,SCHEDULED,25,REGULAR_SEASON,,2025-07-04T12:08:05Z,[],2114,Italy,ITA,https://crests.football-data.org/784.svg,2019,Serie A,SA,LEAGUE,https://crests.football-data.org/SA.png,2395,2025-08-24,2026-05-24,1,,457,US Cremonese,Cremonese,CRE,https://crests.football-data.org/457.png,107,Genoa CFC,Genoa,GEN,https://crests.football-data.org/107.png,,REGULAR,,,,,,,,,,,Activate Odds-Package in User-Panel to retrieve odds.
537065,2026-02-22T00:00:00Z,SCHEDULED,26,REGULAR_SEASON,,2025-07-04T12:08:06Z,[],2114,Italy,ITA,https://crests.football-data.org/784.svg,2019,Serie A,SA,LEAGUE,https://crests.football-data.org/SA.png,2395,2025-08-24,2026-05-24,1,,99,ACF Fiorentina,Fiorentina,FIO,https://crests.football-data.org/99.png,487,AC Pisa 1909,AC Pisa,PIS,https://crests.football-data.org/487.png,,REGULAR,,,,,,,,,,,Activate Odds-Package in User-Panel to retrieve odds.
537066,2026-02-22T00:00:00Z,SCHEDULED,26,REGULAR_SEASON,,2025-07-04T12:08:07Z,[],2114,Italy,ITA,https://crests.football-data.org/784.svg,2019,Serie A,SA,LEAGUE,https://crests.football-data.org/SA.png,2395,2025-08-24,2026-05-24,1,,98,AC Milan,Milan,MIL,https://crests.football-data.org/98.png,112,Parma Calcio 1913,Parma,PAR,https://crests.football-data.org/112.png,,REGULAR,,,,,,,,,,,Activate Odds-Package in User-Panel to retrieve odds.
537067,2026-02-22T00:00:00Z,SCHEDULED,26,REGULAR_SEASON,,2025-07-04T12:08:07Z,[],2114,Italy,ITA,https://crests.football-data.org/784.svg,2019,Serie A,SA,LEAGUE,https://crests.football-data.org/SA.png,2395,2025-08-24,2026-05-24,1,,100,AS Roma,Roma,ROM,https://crests.football-data.org/100.png,457,US Cremonese,Cremonese,CRE,https://crests.football-data.org/457.png,,REGULAR,,,,,,,,,,,Activate Odds-Package in User-Panel to retrieve odds.
537068,2026-02-22T00:00:00Z,SCHEDULED,26,REGULAR_SEASON,,2025-07-04T12:08:07Z,[],2114,Italy,ITA,https://crests.football-data.org/784.svg,2019,Serie A,SA,LEAGUE,https://crests.football-data.org/SA.png,2395,2025-08-24,2026-05-24,1,,102,Atalanta BC,Atalanta,ATA,https://crests.football-data.org/102.png,113,SSC Napoli,Napoli,NAP,https://crests.football-data.org/113.png,,REGULAR,,,,,,,,,,,Activate Odds-Package in User-Panel to retrieve odds.
537069,2026-02-22T00:00:00Z,SCHEDULED,26,REGULAR_SEASON,,2025-07-04T12:08:05Z,[],2114,Italy,ITA,https://crests.football-data.org/784.svg,2019,Serie A,SA,LEAGUE,https://crests.football-data.org/SA.png,2395,2025-08-24,2026-05-24,1,,104,Cagliari Calcio,Cagliari,CAG,https://crests.football-data.org/104.png,110,SS Lazio,Lazio,LAZ,https://crests.football-data.org/110.png,,REGULAR,,,,,,,,,,,Activate Odds-Package in User-Panel to retrieve odds.
537070,2026-02-22T00:00:00Z,SCHEDULED,26,REGULAR_SEASON,,2025-07-04T12:08:07Z,[],2114,Italy,ITA,https://crests.football-data.org/784.svg,2019,Serie A,SA,LEAGUE,https://crests.football-data.org/SA.png,2395,2025-08-24,2026-05-24,1,,107,Genoa CFC,Genoa,GEN,https://crests.football-data.org/107.png,586,Torino FC,Torino,TOR,https://crests.football-data.org/586.png,,REGULAR,,,,,,,,,,,Activate Odds-Package in User-Panel to retrieve odds.
537071,2026-02-22T00:00:00Z,SCHEDULED,26,REGULAR_SEASON,,2025-07-04T12:08:07Z,[],2114,Italy,ITA,https://crests.football-data.org/784.svg,2019,Serie A,SA,LEAGUE,https://crests.football-data.org/SA.png,2395,2025-08-24,2026-05-24,1,,103,Bologna FC 1909,Bologna,BOL,https://crests.football-data.org/103.png,115,Udinese Calcio,Udinese,UDI,https://crests.football-data.org/115.png,,REGULAR,,,,,,,,,,,Activate Odds-Package in User-Panel to retrieve odds.
537072,2026-02-22T00:00:00Z,SCHEDULED,26,REGULAR_SEASON,,2025-08-23T00:20:52Z,[],2114,Italy,ITA,https://crests.football-data.org/784.svg,2019,Serie A,SA,LEAGUE,https://crests.football-data.org/SA.png,2395,2025-08-24,2026-05-24,1,,109,Juventus FC,Juventus,JUV,https://crests.football-data.org/109.png,7397,Como 1907,Como 1907,COM,https://crests.football-data.org/7397.png,,REGULAR,,,,,,,,,,,Activate Odds-Package in User-Panel to retrieve odds.
537073,2026-02-22T00:00:00Z,SCHEDULED,26,REGULAR_SEASON,,2025-07-04T12:08:07Z,[],2114,Italy,ITA,https://crests.football-data.org/784.svg,2019,Serie A,SA,LEAGUE,https://crests.football-data.org/SA.png,2395,2025-08-24,2026-05-24,1,,471,US Sassuolo Calcio,Sassuolo,SAS,https://crests.football-data.org/471.png,450,Hellas Verona FC,Verona,HVE,https://crests.football-data.org/450.png,,REGULAR,,,,,,,,,,,Activate Odds-Package in User-Panel to retrieve odds.
537074,2026-02-22T00:00:00Z,SCHEDULED,26,REGULAR_SEASON,,2025-08-23T00:20:52Z,[],2114,Italy,ITA,https://crests.football-data.org/784.svg,2019,Serie A,SA,LEAGUE,https://crests.football-data.org/SA.png,2395,2025-08-24,2026-05-24,1,,5890,US Lecce,Lecce,USL,https://crests.football-data.org/5890.png,108,FC Internazionale Milano,Inter,INT,https://crests.football-data.org/108.png,,REGULAR,,,,,,,,,,,Activate Odds-Package in User-Panel to retrieve odds.
537075,2026-03-01T00:00:00Z,SCHEDULED,27,REGULAR_SEASON,,2025-08-23T00:20:52Z,[],2114,Italy,ITA,https://crests.football-data.org/784.svg,2019,Serie A,SA,LEAGUE,https://crests.football-data.org/SA.png,2395,2025-08-24,2026-05-24,1,,100,AS Roma,Roma,ROM,https://crests.football-data.org/100.png,109,Juventus FC,Juventus,JUV,https://crests.football-data.org/109.png,,REGULAR,,,,,,,,,,,Activate Odds-Package in User-Panel to retrieve odds.
537076,2026-03-01T00:00:00Z,SCHEDULED,27,REGULAR_SEASON,,2025-07-04T12:08:05Z,[],2114,Italy,ITA,https://crests.football-data.org/784.svg,2019,Serie A,SA,LEAGUE,https://crests.football-data.org/SA.png,2395,2025-08-24,2026-05-24,1,,7397,Como 1907,Como 1907,COM,https://crests.football-data.org/7397.png,5890,US Lecce,Lecce,USL,https://crests.football-data.org/5890.png,,REGULAR,,,,,,,,,,,Activate Odds-Package in User-Panel to retrieve odds.
537077,2026-03-01T00:00:00Z,SCHEDULED,27,REGULAR_SEASON,,2025-07-04T12:08:07Z,[],2114,Italy,ITA,https://crests.football-data.org/784.svg,2019,Serie A,SA,LEAGUE,https://crests.football-data.org/SA.png,2395,2025-08-24,2026-05-24,1,,586,Torino FC,Torino,TOR,https://crests.football-data.org/586.png,110,SS Lazio,Lazio,LAZ,https://crests.football-data.org/110.png,,REGULAR,,,,,,,,,,,Activate Odds-Package in User-Panel to retrieve odds.
537078,2026-03-01T00:00:00Z,SCHEDULED,27,REGULAR_SEASON,,2025-07-04T12:08:07Z,[],2114,Italy,ITA,https://crests.football-data.org/784.svg,2019,Serie A,SA,LEAGUE,https://crests.football-data.org/SA.png,2395,2025-08-24,2026-05-24,1,,450,Hellas Verona FC,Verona,HVE,https://crests.football-data.org/450.png,113,SSC Napoli,Napoli,NAP,https://crests.football-data.org/113.png,,REGULAR,,,,,,,,,,,Activate Odds-Package in User-Panel to retrieve odds.
537079,2026-03-01T00:00:00Z,SCHEDULED,27,REGULAR_SEASON,,2025-08-23T00:20:52Z,[],2114,Italy,ITA,https://crests.football-data.org/784.svg,2019,Serie A,SA,LEAGUE,https://crests.football-data.org/SA.png,2395,2025-08-24,2026-05-24,1,,108,FC Internazionale Milano,Inter,INT,https://crests.football-data.org/108.png,107,Genoa CFC,Genoa,GEN,https://crests.football-data.org/107.png,,REGULAR,,,,,,,,,,,Activate Odds-Package in User-Panel to retrieve odds.
537080,2026-03-01T00:00:00Z,SCHEDULED,27,REGULAR_SEASON,,2025-07-04T12:08:07Z,[],2114,Italy,ITA,https://crests.football-data.org/784.svg,2019,Serie A,SA,LEAGUE,https://crests.football-data.org/SA.png,2395,2025-08-24,2026-05-24,1,,112,Parma Calcio 1913,Parma,PAR,https://crests.football-data.org/112.png,104,Cagliari Calcio,Cagliari,CAG,https://crests.football-data.org/104.png,,REGULAR,,,,,,,,,,,Activate Odds-Package in User-Panel to retrieve odds.
537081,2026-03-01T00:00:00Z,SCHEDULED,27,REGULAR_SEASON,,2025-07-04T12:08:06Z,[],2114,Italy,ITA,https://crests.football-data.org/784.svg,2019,Serie A,SA,LEAGUE,https://crests.football-data.org/SA.png,2395,2025-08-24,2026-05-24,1,,487,AC Pisa 1909,AC Pisa,PIS,https://crests.football-data.org/487.png,103,Bologna FC 1909,Bologna,BOL,https://crests.football-data.org/103.png,,REGULAR,,,,,,,,,,,Activate Odds-Package in User-Panel to retrieve odds.
537082,2026-03-01T00:00:00Z,SCHEDULED,27,REGULAR_SEASON,,2025-07-04T12:08:06Z,[],2114,Italy,ITA,https://crests.football-data.org/784.svg,2019,Serie A,SA,LEAGUE,https://crests.football-data.org/SA.png,2395,2025-08-24,2026-05-24,1,,471,US Sassuolo Calcio,Sassuolo,SAS,https://crests.football-data.org/471.png,102,Atalanta BC,Atalanta,ATA,https://crests.football-data.org/102.png,,REGULAR,,,,,,,,,,,Activate Odds-Package in User-Panel to retrieve odds.
537083,2026-03-01T00:00:00Z,SCHEDULED,27,REGULAR_SEASON,,2025-07-04T12:08:06Z,[],2114,Italy,ITA,https://crests.football-data.org/784.svg,2019,Serie A,SA,LEAGUE,https://crests.football-data.org/SA.png,2395,2025-08-24,2026-05-24,1,,115,Udinese Calcio,Udinese,UDI,https://crests.football-data.org/115.png,99,ACF Fiorentina,Fiorentina,FIO,https://crests.football-data.org/99.png,,REGULAR,,,,,,,,,,,Activate Odds-Package in User-Panel to retrieve odds.
537084,2026-03-01T00:00:00Z,SCHEDULED,27,REGULAR_SEASON,,2025-07-04T12:08:07Z,[],2114,Italy,ITA,https://crests.football-data.org/784.svg,2019,Serie A,SA,LEAGUE,https://crests.football-data.org/SA.png,2395,2025-08-24,2026-05-24,1,,457,US Cremonese,Cremonese,CRE,https://crests.football-data.org/457.png,98,AC Milan,Milan,MIL,https://crests.football-data.org/98.png,,REGULAR,,,,,,,,,,,Activate Odds-Package in User-Panel to retrieve odds.
537088,2026-03-08T00:00:00Z,SCHEDULED,28,REGULAR_SEASON,,2025-07-04T12:08:05Z,[],2114,Italy,ITA,https://crests.football-data.org/784.svg,2019,Serie A,SA,LEAGUE,https://crests.football-data.org/SA.png,2395,2025-08-24,2026-05-24,1,,104,Cagliari Calcio,Cagliari,CAG,https://crests.football-data.org/104.png,7397,Como 1907,Como 1907,COM,https://crests.football-data.org/7397.png,,REGULAR,,,,,,,,,,,Activate Odds-Package in User-Panel to retrieve odds.
537089,2026-03-08T00:00:00Z,SCHEDULED,28,REGULAR_SEASON,,2025-07-04T12:08:07Z,[],2114,Italy,ITA,https://crests.football-data.org/784.svg,2019,Serie A,SA,LEAGUE,https://crests.football-data.org/SA.png,2395,2025-08-24,2026-05-24,1,,107,Genoa CFC,Genoa,GEN,https://crests.football-data.org/107.png,100,AS Roma,Roma,ROM,https://crests.football-data.org/100.png,,REGULAR,,,,,,,,,,,Activate Odds-Package in User-Panel to retrieve odds.
537090,2026-03-08T00:00:00Z,SCHEDULED,28,REGULAR_SEASON,,2025-07-04T12:08:06Z,[],2114,Italy,ITA,https://crests.football-data.org/784.svg,2019,Serie A,SA,LEAGUE,https://crests.football-data.org/SA.png,2395,2025-08-24,2026-05-24,1,,103,Bologna FC 1909,Bologna,BOL,https://crests.football-data.org/103.png,450,Hellas Verona FC,Verona,HVE,https://crests.football-data.org/450.png,,REGULAR,,,,,,,,,,,Activate Odds-Package in User-Panel to retrieve odds.
537091,2026-03-08T00:00:00Z,SCHEDULED,28,REGULAR_SEASON,,2025-08-23T00:20:52Z,[],2114,Italy,ITA,https://crests.football-data.org/784.svg,2019,Serie A,SA,LEAGUE,https://crests.football-data.org/SA.png,2395,2025-08-24,2026-05-24,1,,109,Juventus FC,Juventus,JUV,https://crests.football-data.org/109.png,487,AC Pisa 1909,AC Pisa,PIS,https://crests.football-data.org/487.png,,REGULAR,,,,,,,,,,,Activate Odds-Package in User-Panel to retrieve odds.
537092,2026-03-08T00:00:00Z,SCHEDULED,28,REGULAR_SEASON,,2025-07-04T12:08:06Z,[],2114,Italy,ITA,https://crests.football-data.org/784.svg,2019,Serie A,SA,LEAGUE,https://crests.football-data.org/SA.png,2395,2025-08-24,2026-05-24,1,,110,SS Lazio,Lazio,LAZ,https://crests.football-data.org/110.png,471,US Sassuolo Calcio,Sassuolo,SAS,https://crests.football-data.org/471.png,,REGULAR,,,,,,,,,,,Activate Odds-Package in User-Panel to retrieve odds.
537093,2026-03-08T00:00:00Z,SCHEDULED,28,REGULAR_SEASON,,2025-07-04T12:08:05Z,[],2114,Italy,ITA,https://crests.football-data.org/784.svg,2019,Serie A,SA,LEAGUE,https://crests.football-data.org/SA.png,2395,2025-08-24,2026-05-24,1,,113,SSC Napoli,Napoli,NAP,https://crests.football-data.org/113.png,586,Torino FC,Torino,TOR,https://crests.football-data.org/586.png,,REGULAR,,,,,,,,,,,Activate Odds-Package in User-Panel to retrieve odds.
537094,2026-03-08T00:00:00Z,SCHEDULED,28,REGULAR_SEASON,,2025-07-04T12:08:06Z,[],2114,Italy,ITA,https://crests.football-data.org/784.svg,2019,Serie A,SA,LEAGUE,https://crests.football-data.org/SA.png,2395,2025-08-24,2026-05-24,1,,5890,US Lecce,Lecce,USL,https://crests.football-data.org/5890.png,457,US Cremonese,Cremonese,CRE,https://crests.football-data.org/457.png,,REGULAR,,,,,,,,,,,Activate Odds-Package in User-Panel to retrieve odds.
537085,2026-03-08T00:00:00Z,SCHEDULED,28,REGULAR_SEASON,,2025-07-04T12:08:05Z,[],2114,Italy,ITA,https://crests.football-data.org/784.svg,2019,Serie A,SA,LEAGUE,https://crests.football-data.org/SA.png,2395,2025-08-24,2026-05-24,1,,99,ACF Fiorentina,Fiorentina,FIO,https://crests.football-data.org/99.png,112,Parma Calcio 1913,Parma,PAR,https://crests.football-data.org/112.png,,REGULAR,,,,,,,,,,,Activate Odds-Package in User-Panel to retrieve odds.
537086,2026-03-08T00:00:00Z,SCHEDULED,28,REGULAR_SEASON,,2025-08-23T00:20:52Z,[],2114,Italy,ITA,https://crests.football-data.org/784.svg,2019,Serie A,SA,LEAGUE,https://crests.football-data.org/SA.png,2395,2025-08-24,2026-05-24,1,,98,AC Milan,Milan,MIL,https://crests.football-data.org/98.png,108,FC Internazionale Milano,Inter,INT,https://crests.football-data.org/108.png,,REGULAR,,,,,,,,,,,Activate Odds-Package in User-Panel to retrieve odds.
537087,2026-03-08T00:00:00Z,SCHEDULED,28,REGULAR_SEASON,,2025-07-04T12:08:07Z,[],2114,Italy,ITA,https://crests.football-data.org/784.svg,2019,Serie A,SA,LEAGUE,https://crests.football-data.org/SA.png,2395,2025-08-24,2026-05-24,1,,102,Atalanta BC,Atalanta,ATA,https://crests.football-data.org/102.png,115,Udinese Calcio,Udinese,UDI,https://crests.football-data.org/115.png,,REGULAR,,,,,,,,,,,Activate Odds-Package in User-Panel to retrieve odds.
537095,2026-03-15T00:00:00Z,SCHEDULED,29,REGULAR_SEASON,,2025-07-04T12:08:06Z,[],2114,Italy,ITA,https://crests.football-data.org/784.svg,2019,Serie A,SA,LEAGUE,https://crests.football-data.org/SA.png,2395,2025-08-24,2026-05-24,1,,7397,Como 1907,Como 1907,COM,https://crests.football-data.org/7397.png,100,AS Roma,Roma,ROM,https://crests.football-data.org/100.png,,REGULAR,,,,,,,,,,,Activate Odds-Package in User-Panel to retrieve odds.
537096,2026-03-15T00:00:00Z,SCHEDULED,29,REGULAR_SEASON,,2025-07-04T12:08:07Z,[],2114,Italy,ITA,https://crests.football-data.org/784.svg,2019,Serie A,SA,LEAGUE,https://crests.football-data.org/SA.png,2395,2025-08-24,2026-05-24,1,,586,Torino FC,Torino,TOR,https://crests.football-data.org/586.png,112,Parma Calcio 1913,Parma,PAR,https://crests.football-data.org/112.png,,REGULAR,,,,,,,,,,,Activate Odds-Package in User-Panel to retrieve odds.
537097,2026-03-15T00:00:00Z,SCHEDULED,29,REGULAR_SEASON,,2025-07-04T12:08:07Z,[],2114,Italy,ITA,https://crests.football-data.org/784.svg,2019,Serie A,SA,LEAGUE,https://crests.football-data.org/SA.png,2395,2025-08-24,2026-05-24,1,,450,Hellas Verona FC,Verona,HVE,https://crests.football-data.org/450.png,107,Genoa CFC,Genoa,GEN,https://crests.football-data.org/107.png,,REGULAR,,,,,,,,,,,Activate Odds-Package in User-Panel to retrieve odds.
537098,2026-03-15T00:00:00Z,SCHEDULED,29,REGULAR_SEASON,,2025-08-23T00:20:52Z,[],2114,Italy,ITA,https://crests.football-data.org/784.svg,2019,Serie A,SA,LEAGUE,https://crests.football-data.org/SA.png,2395,2025-08-24,2026-05-24,1,,108,FC Internazionale Milano,Inter,INT,https://crests.football-data.org/108.png,102,Atalanta BC,Atalanta,ATA,https://crests.football-data.org/102.png,,REGULAR,,,,,,,,,,,Activate Odds-Package in User-Panel to retrieve odds.
537099,2026-03-15T00:00:00Z,SCHEDULED,29,REGULAR_SEASON,,2025-07-04T12:08:07Z,[],2114,Italy,ITA,https://crests.football-data.org/784.svg,2019,Serie A,SA,LEAGUE,https://crests.football-data.org/SA.png,2395,2025-08-24,2026-05-24,1,,110,SS Lazio,Lazio,LAZ,https://crests.football-data.org/110.png,98,AC Milan,Milan,MIL,https://crests.football-data.org/98.png,,REGULAR,,,,,,,,,,,Activate Odds-Package in User-Panel to retrieve odds.
537100,2026-03-15T00:00:00Z,SCHEDULED,29,REGULAR_SEASON,,2025-07-04T12:08:05Z,[],2114,Italy,ITA,https://crests.football-data.org/784.svg,2019,Serie A,SA,LEAGUE,https://crests.football-data.org/SA.png,2395,2025-08-24,2026-05-24,1,,487,AC Pisa 1909,AC Pisa,PIS,https://crests.football-data.org/487.png,104,Cagliari Calcio,Cagliari,CAG,https://crests.football-data.org/104.png,,REGULAR,,,,,,,,,,,Activate Odds-Package in User-Panel to retrieve odds.
537101,2026-03-15T00:00:00Z,SCHEDULED,29,REGULAR_SEASON,,2025-07-04T12:08:05Z,[],2114,Italy,ITA,https://crests.football-data.org/784.svg,2019,Serie A,SA,LEAGUE,https://crests.football-data.org/SA.png,2395,2025-08-24,2026-05-24,1,,471,US Sassuolo Calcio,Sassuolo,SAS,https://crests.football-data.org/471.png,103,Bologna FC 1909,Bologna,BOL,https://crests.football-data.org/103.png,,REGULAR,,,,,,,,,,,Activate Odds-Package in User-Panel to retrieve odds.
537102,2026-03-15T00:00:00Z,SCHEDULED,29,REGULAR_SEASON,,2025-07-04T12:08:07Z,[],2114,Italy,ITA,https://crests.football-data.org/784.svg,2019,Serie A,SA,LEAGUE,https://crests.football-data.org/SA.png,2395,2025-08-24,2026-05-24,1,,113,SSC Napoli,Napoli,NAP,https://crests.football-data.org/113.png,5890,US Lecce,Lecce,USL,https://crests.football-data.org/5890.png,,REGULAR,,,,,,,,,,,Activate Odds-Package in User-Panel to retrieve odds.
537103,2026-03-15T00:00:00Z,SCHEDULED,29,REGULAR_SEASON,,2025-08-23T00:20:52Z,[],2114,Italy,ITA,https://crests.football-data.org/784.svg,2019,Serie A,SA,LEAGUE,https://crests.football-data.org/SA.png,2395,2025-08-24,2026-05-24,1,,115,Udinese Calcio,Udinese,UDI,https://crests.football-data.org/115.png,109,Juventus FC,Juventus,JUV,https://crests.football-data.org/109.png,,REGULAR,,,,,,,,,,,Activate Odds-Package in User-Panel to retrieve odds.
537104,2026-03-15T00:00:00Z,SCHEDULED,29,REGULAR_SEASON,,2025-07-04T12:08:06Z,[],2114,Italy,ITA,https://crests.football-data.org/784.svg,2019,Serie A,SA,LEAGUE,https://crests.football-data.org/SA.png,2395,2025-08-24,2026-05-24,1,,457,US Cremonese,Cremonese,CRE,https://crests.football-data.org/457.png,99,ACF Fiorentina,Fiorentina,FIO,https://crests.football-data.org/99.png,,REGULAR,,,,,,,,,,,Activate Odds-Package in User-Panel to retrieve odds.
537105,2026-03-22T00:00:00Z,SCHEDULED,30,REGULAR_SEASON,,2025-08-23T00:20:52Z,[],2114,Italy,ITA,https://crests.football-data.org/784.svg,2019,Serie A,SA,LEAGUE,https://crests.football-data.org/SA.png,2395,2025-08-24,2026-05-24,1,,99,ACF Fiorentina,Fiorentina,FIO,https://crests.football-data.org/99.png,108,FC Internazionale Milano,Inter,INT,https://crests.football-data.org/108.png,,REGULAR,,,,,,,,,,,Activate Odds-Package in User-Panel to retrieve odds.
537106,2026-03-22T00:00:00Z,SCHEDULED,30,REGULAR_SEASON,,2025-07-04T12:08:06Z,[],2114,Italy,ITA,https://crests.football-data.org/784.svg,2019,Serie A,SA,LEAGUE,https://crests.football-data.org/SA.png,2395,2025-08-24,2026-05-24,1,,98,AC Milan,Milan,MIL,https://crests.football-data.org/98.png,586,Torino FC,Torino,TOR,https://crests.football-data.org/586.png,,REGULAR,,,,,,,,,,,Activate Odds-Package in User-Panel to retrieve odds.
537107,2026-03-22T00:00:00Z,SCHEDULED,30,REGULAR_SEASON,,2025-07-04T12:08:07Z,[],2114,Italy,ITA,https://crests.football-data.org/784.svg,2019,Serie A,SA,LEAGUE,https://crests.football-data.org/SA.png,2395,2025-08-24,2026-05-24,1,,100,AS Roma,Roma,ROM,https://crests.football-data.org/100.png,5890,US Lecce,Lecce,USL,https://crests.football-data.org/5890.png,,REGULAR,,,,,,,,,,,Activate Odds-Package in User-Panel to retrieve odds.
537108,2026-03-22T00:00:00Z,SCHEDULED,30,REGULAR_SEASON,,2025-07-04T12:08:05Z,[],2114,Italy,ITA,https://crests.football-data.org/784.svg,2019,Serie A,SA,LEAGUE,https://crests.football-data.org/SA.png,2395,2025-08-24,2026-05-24,1,,102,Atalanta BC,Atalanta,ATA,https://crests.football-data.org/102.png,450,Hellas Verona FC,Verona,HVE,https://crests.football-data.org/450.png,,REGULAR,,,,,,,,,,,Activate Odds-Package in User-Panel to retrieve odds.
537109,2026-03-22T00:00:00Z,SCHEDULED,30,REGULAR_SEASON,,2025-07-04T12:08:06Z,[],2114,Italy,ITA,https://crests.football-data.org/784.svg,2019,Serie A,SA,LEAGUE,https://crests.football-data.org/SA.png,2395,2025-08-24,2026-05-24,1,,104,Cagliari Calcio,Cagliari,CAG,https://crests.football-data.org/104.png,113,SSC Napoli,Napoli,NAP,https://crests.football-data.org/113.png,,REGULAR,,,,,,,,,,,Activate Odds-Package in User-Panel to retrieve odds.
537110,2026-03-22T00:00:00Z,SCHEDULED,30,REGULAR_SEASON,,2025-07-04T12:08:07Z,[],2114,Italy,ITA,https://crests.football-data.org/784.svg,2019,Serie A,SA,LEAGUE,https://crests.football-data.org/SA.png,2395,2025-08-24,2026-05-24,1,,107,Genoa CFC,Genoa,GEN,https://crests.football-data.org/107.png,115,Udinese Calcio,Udinese,UDI,https://crests.football-data.org/115.png,,REGULAR,,,,,,,,,,,Activate Odds-Package in User-Panel to retrieve odds.
537111,2026-03-22T00:00:00Z,SCHEDULED,30,REGULAR_SEASON,,2025-07-04T12:08:06Z,[],2114,Italy,ITA,https://crests.football-data.org/784.svg,2019,Serie A,SA,LEAGUE,https://crests.football-data.org/SA.png,2395,2025-08-24,2026-05-24,1,,7397,Como 1907,Como 1907,COM,https://crests.football-data.org/7397.png,487,AC Pisa 1909,AC Pisa,PIS,https://crests.football-data.org/487.png,,REGULAR,,,,,,,,,,,Activate Odds-Package in User-Panel to retrieve odds.
537112,2026-03-22T00:00:00Z,SCHEDULED,30,REGULAR_SEASON,,2025-07-04T12:08:07Z,[],2114,Italy,ITA,https://crests.football-data.org/784.svg,2019,Serie A,SA,LEAGUE,https://crests.football-data.org/SA.png,2395,2025-08-24,2026-05-24,1,,103,Bologna FC 1909,Bologna,BOL,https://crests.football-data.org/103.png,110,SS Lazio,Lazio,LAZ,https://crests.football-data.org/110.png,,REGULAR,,,,,,,,,,,Activate Odds-Package in User-Panel to retrieve odds.
537113,2026-03-22T00:00:00Z,SCHEDULED,30,REGULAR_SEASON,,2025-08-23T00:20:52Z,[],2114,Italy,ITA,https://crests.football-data.org/784.svg,2019,Serie A,SA,LEAGUE,https://crests.football-data.org/SA.png,2395,2025-08-24,2026-05-24,1,,109,Juventus FC,Juventus,JUV,https://crests.football-data.org/109.png,471,US Sassuolo Calcio,Sassuolo,SAS,https://crests.football-data.org/471.png,,REGULAR,,,,,,,,,,,Activate Odds-Package in User-Panel to retrieve odds.
537114,2026-03-22T00:00:00Z,SCHEDULED,30,REGULAR_SEASON,,2025-07-04T12:08:07Z,[],2114,Italy,ITA,https://crests.football-data.org/784.svg,2019,Serie A,SA,LEAGUE,https://crests.football-data.org/SA.png,2395,2025-08-24,2026-05-24,1,,112,Parma Calcio 1913,Parma,PAR,https://crests.football-data.org/112.png,457,US Cremonese,Cremonese,CRE,https://crests.football-data.org/457.png,,REGULAR,,,,,,,,,,,Activate Odds-Package in User-Panel to retrieve odds.
537115,2026-04-04T00:00:00Z,SCHEDULED,31,REGULAR_SEASON,,2025-07-04T12:08:07Z,[],2114,Italy,ITA,https://crests.football-data.org/784.svg,2019,Serie A,SA,LEAGUE,https://crests.football-data.org/SA.png,2395,2025-08-24,2026-05-24,1,,450,Hellas Verona FC,Verona,HVE,https://crests.football-data.org/450.png,99,ACF Fiorentina,Fiorentina,FIO,https://crests.football-data.org/99.png,,REGULAR,,,,,,,,,,,Activate Odds-Package in User-Panel to retrieve odds.
537116,2026-04-04T00:00:00Z,SCHEDULED,31,REGULAR_SEASON,,2025-08-23T00:20:52Z,[],2114,Italy,ITA,https://crests.football-data.org/784.svg,2019,Serie A,SA,LEAGUE,https://crests.football-data.org/SA.png,2395,2025-08-24,2026-05-24,1,,108,FC Internazionale Milano,Inter,INT,https://crests.football-data.org/108.png,100,AS Roma,Roma,ROM,https://crests.football-data.org/100.png,,REGULAR,,,,,,,,,,,Activate Odds-Package in User-Panel to retrieve odds.
537117,2026-04-04T00:00:00Z,SCHEDULED,31,REGULAR_SEASON,,2025-08-23T00:20:52Z,[],2114,Italy,ITA,https://crests.football-data.org/784.svg,2019,Serie A,SA,LEAGUE,https://crests.football-data.org/SA.png,2395,2025-08-24,2026-05-24,1,,109,Juventus FC,Juventus,JUV,https://crests.football-data.org/109.png,107,Genoa CFC,Genoa,GEN,https://crests.football-data.org/107.png,,REGULAR,,,,,,,,,,,Activate Odds-Package in User-Panel to retrieve odds.
537118,2026-04-04T00:00:00Z,SCHEDULED,31,REGULAR_SEASON,,2025-07-04T12:08:06Z,[],2114,Italy,ITA,https://crests.football-data.org/784.svg,2019,Serie A,SA,LEAGUE,https://crests.football-data.org/SA.png,2395,2025-08-24,2026-05-24,1,,110,SS Lazio,Lazio,LAZ,https://crests.football-data.org/110.png,112,Parma Calcio 1913,Parma,PAR,https://crests.football-data.org/112.png,,REGULAR,,,,,,,,,,,Activate Odds-Package in User-Panel to retrieve odds.
537119,2026-04-04T00:00:00Z,SCHEDULED,31,REGULAR_SEASON,,2025-07-04T12:08:07Z,[],2114,Italy,ITA,https://crests.football-data.org/784.svg,2019,Serie A,SA,LEAGUE,https://crests.football-data.org/SA.png,2395,2025-08-24,2026-05-24,1,,487,AC Pisa 1909,AC Pisa,PIS,https://crests.football-data.org/487.png,586,Torino FC,Torino,TOR,https://crests.football-data.org/586.png,,REGULAR,,,,,,,,,,,Activate Odds-Package in User-Panel to retrieve odds.
537120,2026-04-04T00:00:00Z,SCHEDULED,31,REGULAR_SEASON,,2025-07-04T12:08:07Z,[],2114,Italy,ITA,https://crests.football-data.org/784.svg,2019,Serie A,SA,LEAGUE,https://crests.football-data.org/SA.png,2395,2025-08-24,2026-05-24,1,,471,US Sassuolo Calcio,Sassuolo,SAS,https://crests.football-data.org/471.png,104,Cagliari Calcio,Cagliari,CAG,https://crests.football-data.org/104.png,,REGULAR,,,,,,,,,,,Activate Odds-Package in User-Panel to retrieve odds.
537121,2026-04-04T00:00:00Z,SCHEDULED,31,REGULAR_SEASON,,2025-07-04T12:08:07Z,[],2114,Italy,ITA,https://crests.football-data.org/784.svg,2019,Serie A,SA,LEAGUE,https://crests.football-data.org/SA.png,2395,2025-08-24,2026-05-24,1,,113,SSC Napoli,Napoli,NAP,https://crests.football-data.org/113.png,98,AC Milan,Milan,MIL,https://crests.football-data.org/98.png,,REGULAR,,,,,,,,,,,Activate Odds-Package in User-Panel to retrieve odds.
537122,2026-04-04T00:00:00Z,SCHEDULED,31,REGULAR_SEASON,,2025-07-04T12:08:05Z,[],2114,Italy,ITA,https://crests.football-data.org/784.svg,2019,Serie A,SA,LEAGUE,https://crests.football-data.org/SA.png,2395,2025-08-24,2026-05-24,1,,115,Udinese Calcio,Udinese,UDI,https://crests.football-data.org/115.png,7397,Como 1907,Como 1907,COM,https://crests.football-data.org/7397.png,,REGULAR,,,,,,,,,,,Activate Odds-Package in User-Panel to retrieve odds.
537123,2026-04-04T00:00:00Z,SCHEDULED,31,REGULAR_SEASON,,2025-07-04T12:08:06Z,[],2114,Italy,ITA,https://crests.football-data.org/784.svg,2019,Serie A,SA,LEAGUE,https://crests.football-data.org/SA.png,2395,2025-08-24,2026-05-24,1,,457,US Cremonese,Cremonese,CRE,https://crests.football-data.org/457.png,103,Bologna FC 1909,Bologna,BOL,https://crests.football-data.org/103.png,,REGULAR,,,,,,,,,,,Activate Odds-Package in User-Panel to retrieve odds.
537124,2026-04-04T00:00:00Z,SCHEDULED,31,REGULAR_SEASON,,2025-07-04T12:08:06Z,[],2114,Italy,ITA,https://crests.football-data.org/784.svg,2019,Serie A,SA,LEAGUE,https://crests.football-data.org/SA.png,2395,2025-08-24,2026-05-24,1,,5890,US Lecce,Lecce,USL,https://crests.football-data.org/5890.png,102,Atalanta BC,Atalanta,ATA,https://crests.football-data.org/102.png,,REGULAR,,,,,,,,,,,Activate Odds-Package in User-Panel to retrieve odds.
537125,2026-04-12T00:00:00Z,SCHEDULED,32,REGULAR_SEASON,,2025-07-04T12:08:06Z,[],2114,Italy,ITA,https://crests.football-data.org/784.svg,2019,Serie A,SA,LEAGUE,https://crests.football-data.org/SA.png,2395,2025-08-24,2026-05-24,1,,99,ACF Fiorentina,Fiorentina,FIO,https://crests.football-data.org/99.png,110,SS Lazio,Lazio,LAZ,https://crests.football-data.org/110.png,,REGULAR,,,,,,,,,,,Activate Odds-Package in User-Panel to retrieve odds.
537126,2026-04-12T00:00:00Z,SCHEDULED,32,REGULAR_SEASON,,2025-07-04T12:08:06Z,[],2114,Italy,ITA,https://crests.football-data.org/784.svg,2019,Serie A,SA,LEAGUE,https://crests.football-data.org/SA.png,2395,2025-08-24,2026-05-24,1,,98,AC Milan,Milan,MIL,https://crests.football-data.org/98.png,115,Udinese Calcio,Udinese,UDI,https://crests.football-data.org/115.png,,REGULAR,,,,,,,,,,,Activate Odds-Package in User-Panel to retrieve odds.
537127,2026-04-12T00:00:00Z,SCHEDULED,32,REGULAR_SEASON,,2025-07-04T12:08:06Z,[],2114,Italy,ITA,https://crests.football-data.org/784.svg,2019,Serie A,SA,LEAGUE,https://crests.football-data.org/SA.png,2395,2025-08-24,2026-05-24,1,,100,AS Roma,Roma,ROM,https://crests.football-data.org/100.png,487,AC Pisa 1909,AC Pisa,PIS,https://crests.football-data.org/487.png,,REGULAR,,,,,,,,,,,Activate Odds-Package in User-Panel to retrieve odds.
537128,2026-04-12T00:00:00Z,SCHEDULED,32,REGULAR_SEASON,,2025-08-23T00:20:52Z,[],2114,Italy,ITA,https://crests.football-data.org/784.svg,2019,Serie A,SA,LEAGUE,https://crests.football-data.org/SA.png,2395,2025-08-24,2026-05-24,1,,102,Atalanta BC,Atalanta,ATA,https://crests.football-data.org/102.png,109,Juventus FC,Juventus,JUV,https://crests.football-data.org/109.png,,REGULAR,,,,,,,,,,,Activate Odds-Package in User-Panel to retrieve odds.
537129,2026-04-12T00:00:00Z,SCHEDULED,32,REGULAR_SEASON,,2025-07-04T12:08:05Z,[],2114,Italy,ITA,https://crests.football-data.org/784.svg,2019,Serie A,SA,LEAGUE,https://crests.football-data.org/SA.png,2395,2025-08-24,2026-05-24,1,,104,Cagliari Calcio,Cagliari,CAG,https://crests.football-data.org/104.png,457,US Cremonese,Cremonese,CRE,https://crests.football-data.org/457.png,,REGULAR,,,,,,,,,,,Activate Odds-Package in User-Panel to retrieve odds.
537130,2026-04-12T00:00:00Z,SCHEDULED,32,REGULAR_SEASON,,2025-07-04T12:08:07Z,[],2114,Italy,ITA,https://crests.football-data.org/784.svg,2019,Serie A,SA,LEAGUE,https://crests.football-data.org/SA.png,2395,2025-08-24,2026-05-24,1,,107,Genoa CFC,Genoa,GEN,https://crests.football-data.org/107.png,471,US Sassuolo Calcio,Sassuolo,SAS,https://crests.football-data.org/471.png,,REGULAR,,,,,,,,,,,Activate Odds-Package in User-Panel to retrieve odds.
537131,2026-04-12T00:00:00Z,SCHEDULED,32,REGULAR_SEASON,,2025-08-23T00:20:52Z,[],2114,Italy,ITA,https://crests.football-data.org/784.svg,2019,Serie A,SA,LEAGUE,https://crests.football-data.org/SA.png,2395,2025-08-24,2026-05-24,1,,7397,Como 1907,Como 1907,COM,https://crests.football-data.org/7397.png,108,FC Internazionale Milano,Inter,INT,https://crests.football-data.org/108.png,,REGULAR,,,,,,,,,,,Activate Odds-Package in User-Panel to retrieve odds.
537132,2026-04-12T00:00:00Z,SCHEDULED,32,REGULAR_SEASON,,2025-07-04T12:08:05Z,[],2114,Italy,ITA,https://crests.football-data.org/784.svg,2019,Serie A,SA,LEAGUE,https://crests.football-data.org/SA.png,2395,2025-08-24,2026-05-24,1,,103,Bologna FC 1909,Bologna,BOL,https://crests.football-data.org/103.png,5890,US Lecce,Lecce,USL,https://crests.football-data.org/5890.png,,REGULAR,,,,,,,,,,,Activate Odds-Package in User-Panel to retrieve odds.
537133,2026-04-12T00:00:00Z,SCHEDULED,32,REGULAR_SEASON,,2025-07-04T12:08:05Z,[],2114,Italy,ITA,https://crests.football-data.org/784.svg,2019,Serie A,SA,LEAGUE,https://crests.football-data.org/SA.png,2395,2025-08-24,2026-05-24,1,,586,Torino FC,Torino,TOR,https://crests.football-data.org/586.png,450,Hellas Verona FC,Verona,HVE,https://crests.football-data.org/450.png,,REGULAR,,,,,,,,,,,Activate Odds-Package in User-Panel to retrieve odds.
537134,2026-04-12T00:00:00Z,SCHEDULED,32,REGULAR_SEASON,,2025-07-04T12:08:06Z,[],2114,Italy,ITA,https://crests.football-data.org/784.svg,2019,Serie A,SA,LEAGUE,https://crests.football-data.org/SA.png,2395,2025-08-24,2026-05-24,1,,112,Parma Calcio 1913,Parma,PAR,https://crests.football-data.org/112.png,113,SSC Napoli,Napoli,NAP,https://crests.football-data.org/113.png,,REGULAR,,,,,,,,,,,Activate Odds-Package in User-Panel to retrieve odds.
537135,2026-04-19T00:00:00Z,SCHEDULED,33,REGULAR_SEASON,,2025-07-04T12:08:06Z,[],2114,Italy,ITA,https://crests.football-data.org/784.svg,2019,Serie A,SA,LEAGUE,https://crests.football-data.org/SA.png,2395,2025-08-24,2026-05-24,1,,100,AS Roma,Roma,ROM,https://crests.football-data.org/100.png,102,Atalanta BC,Atalanta,ATA,https://crests.football-data.org/102.png,,REGULAR,,,,,,,,,,,Activate Odds-Package in User-Panel to retrieve odds.
537136,2026-04-19T00:00:00Z,SCHEDULED,33,REGULAR_SEASON,,2025-07-04T12:08:05Z,[],2114,Italy,ITA,https://crests.football-data.org/784.svg,2019,Serie A,SA,LEAGUE,https://crests.football-data.org/SA.png,2395,2025-08-24,2026-05-24,1,,450,Hellas Verona FC,Verona,HVE,https://crests.football-data.org/450.png,98,AC Milan,Milan,MIL,https://crests.football-data.org/98.png,,REGULAR,,,,,,,,,,,Activate Odds-Package in User-Panel to retrieve odds.
537137,2026-04-19T00:00:00Z,SCHEDULED,33,REGULAR_SEASON,,2025-08-23T00:20:52Z,[],2114,Italy,ITA,https://crests.football-data.org/784.svg,2019,Serie A,SA,LEAGUE,https://crests.football-data.org/SA.png,2395,2025-08-24,2026-05-24,1,,108,FC Internazionale Milano,Inter,INT,https://crests.football-data.org/108.png,104,Cagliari Calcio,Cagliari,CAG,https://crests.football-data.org/104.png,,REGULAR,,,,,,,,,,,Activate Odds-Package in User-Panel to retrieve odds.
537138,2026-04-19T00:00:00Z,SCHEDULED,33,REGULAR_SEASON,,2025-08-23T00:20:52Z,[],2114,Italy,ITA,https://crests.football-data.org/784.svg,2019,Serie A,SA,LEAGUE,https://crests.football-data.org/SA.png,2395,2025-08-24,2026-05-24,1,,109,Juventus FC,Juventus,JUV,https://crests.football-data.org/109.png,103,Bologna FC 1909,Bologna,BOL,https://crests.football-data.org/103.png,,REGULAR,,,,,,,,,,,Activate Odds-Package in User-Panel to retrieve odds.
537139,2026-04-19T00:00:00Z,SCHEDULED,33,REGULAR_SEASON,,2025-07-04T12:08:07Z,[],2114,Italy,ITA,https://crests.football-data.org/784.svg,2019,Serie A,SA,LEAGUE,https://crests.football-data.org/SA.png,2395,2025-08-24,2026-05-24,1,,487,AC Pisa 1909,AC Pisa,PIS,https://crests.football-data.org/487.png,107,Genoa CFC,Genoa,GEN,https://crests.football-data.org/107.png,,REGULAR,,,,,,,,,,,Activate Odds-Package in User-Panel to retrieve odds.
537140,2026-04-19T00:00:00Z,SCHEDULED,33,REGULAR_SEASON,,2025-07-04T12:08:06Z,[],2114,Italy,ITA,https://crests.football-data.org/784.svg,2019,Serie A,SA,LEAGUE,https://crests.football-data.org/SA.png,2395,2025-08-24,2026-05-24,1,,471,US Sassuolo Calcio,Sassuolo,SAS,https://crests.football-data.org/471.png,7397,Como 1907,Como 1907,COM,https://crests.football-data.org/7397.png,,REGULAR,,,,,,,,,,,Activate Odds-Package in User-Panel to retrieve odds.
537141,2026-04-19T00:00:00Z,SCHEDULED,33,REGULAR_SEASON,,2025-07-04T12:08:05Z,[],2114,Italy,ITA,https://crests.football-data.org/784.svg,2019,Serie A,SA,LEAGUE,https://crests.football-data.org/SA.png,2395,2025-08-24,2026-05-24,1,,113,SSC Napoli,Napoli,NAP,https://crests.football-data.org/113.png,110,SS Lazio,Lazio,LAZ,https://crests.football-data.org/110.png,,REGULAR,,,,,,,,,,,Activate Odds-Package in User-Panel to retrieve odds.
537142,2026-04-19T00:00:00Z,SCHEDULED,33,REGULAR_SEASON,,2025-07-04T12:08:05Z,[],2114,Italy,ITA,https://crests.football-data.org/784.svg,2019,Serie A,SA,LEAGUE,https://crests.football-data.org/SA.png,2395,2025-08-24,2026-05-24,1,,115,Udinese Calcio,Udinese,UDI,https://crests.football-data.org/115.png,112,Parma Calcio 1913,Parma,PAR,https://crests.football-data.org/112.png,,REGULAR,,,,,,,,,,,Activate Odds-Package in User-Panel to retrieve odds.
537143,2026-04-19T00:00:00Z,SCHEDULED,33,REGULAR_SEASON,,2025-07-04T12:08:05Z,[],2114,Italy,ITA,https://crests.football-data.org/784.svg,2019,Serie A,SA,LEAGUE,https://crests.football-data.org/SA.png,2395,2025-08-24,2026-05-24,1,,457,US Cremonese,Cremonese,CRE,https://crests.football-data.org/457.png,586,Torino FC,Torino,TOR,https://crests.football-data.org/586.png,,REGULAR,,,,,,,,,,,Activate Odds-Package in User-Panel to retrieve odds.
537144,2026-04-19T00:00:00Z,SCHEDULED,33,REGULAR_SEASON,,2025-07-04T12:08:06Z,[],2114,Italy,ITA,https://crests.football-data.org/784.svg,2019,Serie A,SA,LEAGUE,https://crests.football-data.org/SA.png,2395,2025-08-24,2026-05-24,1,,5890,US Lecce,Lecce,USL,https://crests.football-data.org/5890.png,99,ACF Fiorentina,Fiorentina,FIO,https://crests.football-data.org/99.png,,REGULAR,,,,,,,,,,,Activate Odds-Package in User-Panel to retrieve odds.
537145,2026-04-26T00:00:00Z,SCHEDULED,34,REGULAR_SEASON,,2025-07-04T12:08:07Z,[],2114,Italy,ITA,https://crests.football-data.org/784.svg,2019,Serie A,SA,LEAGUE,https://crests.football-data.org/SA.png,2395,2025-08-24,2026-05-24,1,,99,ACF Fiorentina,Fiorentina,FIO,https://crests.football-data.org/99.png,471,US Sassuolo Calcio,Sassuolo,SAS,https://crests.football-data.org/471.png,,REGULAR,,,,,,,,,,,Activate Odds-Package in User-Panel to retrieve odds.
537146,2026-04-26T00:00:00Z,SCHEDULED,34,REGULAR_SEASON,,2025-08-23T00:20:52Z,[],2114,Italy,ITA,https://crests.football-data.org/784.svg,2019,Serie A,SA,LEAGUE,https://crests.football-data.org/SA.png,2395,2025-08-24,2026-05-24,1,,98,AC Milan,Milan,MIL,https://crests.football-data.org/98.png,109,Juventus FC,Juventus,JUV,https://crests.football-data.org/109.png,,REGULAR,,,,,,,,,,,Activate Odds-Package in User-Panel to retrieve odds.
537147,2026-04-26T00:00:00Z,SCHEDULED,34,REGULAR_SEASON,,2025-07-04T12:08:07Z,[],2114,Italy,ITA,https://crests.football-data.org/784.svg,2019,Serie A,SA,LEAGUE,https://crests.football-data.org/SA.png,2395,2025-08-24,2026-05-24,1,,104,Cagliari Calcio,Cagliari,CAG,https://crests.football-data.org/104.png,102,Atalanta BC,Atalanta,ATA,https://crests.football-data.org/102.png,,REGULAR,,,,,,,,,,,Activate Odds-Package in User-Panel to retrieve odds.
537148,2026-04-26T00:00:00Z,SCHEDULED,34,REGULAR_SEASON,,2025-07-04T12:08:06Z,[],2114,Italy,ITA,https://crests.football-data.org/784.svg,2019,Serie A,SA,LEAGUE,https://crests.football-data.org/SA.png,2395,2025-08-24,2026-05-24,1,,107,Genoa CFC,Genoa,GEN,https://crests.football-data.org/107.png,7397,Como 1907,Como 1907,COM,https://crests.football-data.org/7397.png,,REGULAR,,,,,,,,,,,Activate Odds-Package in User-Panel to retrieve odds.
537149,2026-04-26T00:00:00Z,SCHEDULED,34,REGULAR_SEASON,,2025-07-04T12:08:06Z,[],2114,Italy,ITA,https://crests.football-data.org/784.svg,2019,Serie A,SA,LEAGUE,https://crests.football-data.org/SA.png,2395,2025-08-24,2026-05-24,1,,103,Bologna FC 1909,Bologna,BOL,https://crests.football-data.org/103.png,100,AS Roma,Roma,ROM,https://crests.football-data.org/100.png,,REGULAR,,,,,,,,,,,Activate Odds-Package in User-Panel to retrieve odds.
537150,2026-04-26T00:00:00Z,SCHEDULED,34,REGULAR_SEASON,,2025-08-23T00:20:52Z,[],2114,Italy,ITA,https://crests.football-data.org/784.svg,2019,Serie A,SA,LEAGUE,https://crests.football-data.org/SA.png,2395,2025-08-24,2026-05-24,1,,586,Torino FC,Torino,TOR,https://crests.football-data.org/586.png,108,FC Internazionale Milano,Inter,INT,https://crests.football-data.org/108.png,,REGULAR,,,,,,,,,,,Activate Odds-Package in User-Panel to retrieve odds.
537151,2026-04-26T00:00:00Z,SCHEDULED,34,REGULAR_SEASON,,2025-07-04T12:08:06Z,[],2114,Italy,ITA,https://crests.football-data.org/784.svg,2019,Serie A,SA,LEAGUE,https://crests.football-data.org/SA.png,2395,2025-08-24,2026-05-24,1,,450,Hellas Verona FC,Verona,HVE,https://crests.football-data.org/450.png,5890,US Lecce,Lecce,USL,https://crests.football-data.org/5890.png,,REGULAR,,,,,,,,,,,Activate Odds-Package in User-Panel to retrieve odds.
537152,2026-04-26T00:00:00Z,SCHEDULED,34,REGULAR_SEASON,,2025-07-04T12:08:06Z,[],2114,Italy,ITA,https://crests.football-data.org/784.svg,2019,Serie A,SA,LEAGUE,https://crests.football-data.org/SA.png,2395,2025-08-24,2026-05-24,1,,110,SS Lazio,Lazio,LAZ,https://crests.football-data.org/110.png,115,Udinese Calcio,Udinese,UDI,https://crests.football-data.org/115.png,,REGULAR,,,,,,,,,,,Activate Odds-Package in User-Panel to retrieve odds.
537153,2026-04-26T00:00:00Z,SCHEDULED,34,REGULAR_SEASON,,2025-07-04T12:08:06Z,[],2114,Italy,ITA,https://crests.football-data.org/784.svg,2019,Serie A,SA,LEAGUE,https://crests.football-data.org/SA.png,2395,2025-08-24,2026-05-24,1,,112,Parma Calcio 1913,Parma,PAR,https://crests.football-data.org/112.png,487,AC Pisa 1909,AC Pisa,PIS,https://crests.football-data.org/487.png,,REGULAR,,,,,,,,,,,Activate Odds-Package in User-Panel to retrieve odds.
537154,2026-04-26T00:00:00Z,SCHEDULED,34,REGULAR_SEASON,,2025-07-04T12:08:06Z,[],2114,Italy,ITA,https://crests.football-data.org/784.svg,2019,Serie A,SA,LEAGUE,https://crests.football-data.org/SA.png,2395,2025-08-24,2026-05-24,1,,113,SSC Napoli,Napoli,NAP,https://crests.football-data.org/113.png,457,US Cremonese,Cremonese,CRE,https://crests.football-data.org/457.png,,REGULAR,,,,,,,,,,,Activate Odds-Package in User-Panel to retrieve odds.
537155,2026-05-03T00:00:00Z,SCHEDULED,35,REGULAR_SEASON,,2025-07-04T12:08:07Z,[],2114,Italy,ITA,https://crests.football-data.org/784.svg,2019,Serie A,SA,LEAGUE,https://crests.football-data.org/SA.png,2395,2025-08-24,2026-05-24,1,,100,AS Roma,Roma,ROM,https://crests.football-data.org/100.png,99,ACF Fiorentina,Fiorentina,FIO,https://crests.football-data.org/99.png,,REGULAR,,,,,,,,,,,Activate Odds-Package in User-Panel to retrieve odds.
537156,2026-05-03T00:00:00Z,SCHEDULED,35,REGULAR_SEASON,,2025-07-04T12:08:07Z,[],2114,Italy,ITA,https://crests.football-data.org/784.svg,2019,Serie A,SA,LEAGUE,https://crests.football-data.org/SA.png,2395,2025-08-24,2026-05-24,1,,102,Atalanta BC,Atalanta,ATA,https://crests.football-data.org/102.png,107,Genoa CFC,Genoa,GEN,https://crests.football-data.org/107.png,,REGULAR,,,,,,,,,,,Activate Odds-Package in User-Panel to retrieve odds.
537157,2026-05-03T00:00:00Z,SCHEDULED,35,REGULAR_SEASON,,2025-07-04T12:08:07Z,[],2114,Italy,ITA,https://crests.football-data.org/784.svg,2019,Serie A,SA,LEAGUE,https://crests.football-data.org/SA.png,2395,2025-08-24,2026-05-24,1,,7397,Como 1907,Como 1907,COM,https://crests.football-data.org/7397.png,113,SSC Napoli,Napoli,NAP,https://crests.football-data.org/113.png,,REGULAR,,,,,,,,,,,Activate Odds-Package in User-Panel to retrieve odds.
537158,2026-05-03T00:00:00Z,SCHEDULED,35,REGULAR_SEASON,,2025-07-04T12:08:06Z,[],2114,Italy,ITA,https://crests.football-data.org/784.svg,2019,Serie A,SA,LEAGUE,https://crests.football-data.org/SA.png,2395,2025-08-24,2026-05-24,1,,103,Bologna FC 1909,Bologna,BOL,https://crests.football-data.org/103.png,104,Cagliari Calcio,Cagliari,CAG,https://crests.football-data.org/104.png,,REGULAR,,,,,,,,,,,Activate Odds-Package in User-Panel to retrieve odds.
537159,2026-05-03T00:00:00Z,SCHEDULED,35,REGULAR_SEASON,,2025-08-23T00:20:52Z,[],2114,Italy,ITA,https://crests.football-data.org/784.svg,2019,Serie A,SA,LEAGUE,https://crests.football-data.org/SA.png,2395,2025-08-24,2026-05-24,1,,108,FC Internazionale Milano,Inter,INT,https://crests.football-data.org/108.png,112,Parma Calcio 1913,Parma,PAR,https://crests.football-data.org/112.png,,REGULAR,,,,,,,,,,,Activate Odds-Package in User-Panel to retrieve odds.
537160,2026-05-03T00:00:00Z,SCHEDULED,35,REGULAR_SEASON,,2025-08-23T00:20:52Z,[],2114,Italy,ITA,https://crests.football-data.org/784.svg,2019,Serie A,SA,LEAGUE,https://crests.football-data.org/SA.png,2395,2025-08-24,2026-05-24,1,,109,Juventus FC,Juventus,JUV,https://crests.football-data.org/109.png,450,Hellas Verona FC,Verona,HVE,https://crests.football-data.org/450.png,,REGULAR,,,,,,,,,,,Activate Odds-Package in User-Panel to retrieve odds.
537161,2026-05-03T00:00:00Z,SCHEDULED,35,REGULAR_SEASON,,2025-07-04T12:08:06Z,[],2114,Italy,ITA,https://crests.football-data.org/784.svg,2019,Serie A,SA,LEAGUE,https://crests.football-data.org/SA.png,2395,2025-08-24,2026-05-24,1,,487,AC Pisa 1909,AC Pisa,PIS,https://crests.football-data.org/487.png,5890,US Lecce,Lecce,USL,https://crests.football-data.org/5890.png,,REGULAR,,,,,,,,,,,Activate Odds-Package in User-Panel to retrieve odds.
537162,2026-05-03T00:00:00Z,SCHEDULED,35,REGULAR_SEASON,,2025-07-04T12:08:07Z,[],2114,Italy,ITA,https://crests.football-data.org/784.svg,2019,Serie A,SA,LEAGUE,https://crests.football-data.org/SA.png,2395,2025-08-24,2026-05-24,1,,471,US Sassuolo Calcio,Sassuolo,SAS,https://crests.football-data.org/471.png,98,AC Milan,Milan,MIL,https://crests.football-data.org/98.png,,REGULAR,,,,,,,,,,,Activate Odds-Package in User-Panel to retrieve odds.
537163,2026-05-03T00:00:00Z,SCHEDULED,35,REGULAR_SEASON,,2025-07-04T12:08:05Z,[],2114,Italy,ITA,https://crests.football-data.org/784.svg,2019,Serie A,SA,LEAGUE,https://crests.football-data.org/SA.png,2395,2025-08-24,2026-05-24,1,,115,Udinese Calcio,Udinese,UDI,https://crests.football-data.org/115.png,586,Torino FC,Torino,TOR,https://crests.football-data.org/586.png,,REGULAR,,,,,,,,,,,Activate Odds-Package in User-Panel to retrieve odds.
537164,2026-05-03T00:00:00Z,SCHEDULED,35,REGULAR_SEASON,,2025-07-04T12:08:06Z,[],2114,Italy,ITA,https://crests.football-data.org/784.svg,2019,Serie A,SA,LEAGUE,https://crests.football-data.org/SA.png,2395,2025-08-24,2026-05-24,1,,457,US Cremonese,Cremonese,CRE,https://crests.football-data.org/457.png,110,SS Lazio,Lazio,LAZ,https://crests.football-data.org/110.png,,REGULAR,,,,,,,,,,,Activate Odds-Package in User-Panel to retrieve odds.
537165,2026-05-10T00:00:00Z,SCHEDULED,36,REGULAR_SEASON,,2025-07-04T12:08:06Z,[],2114,Italy,ITA,https://crests.football-data.org/784.svg,2019,Serie A,SA,LEAGUE,https://crests.football-data.org/SA.png,2395,2025-08-24,2026-05-24,1,,99,ACF Fiorentina,Fiorentina,FIO,https://crests.football-data.org/99.png,107,Genoa CFC,Genoa,GEN,https://crests.football-data.org/107.png,,REGULAR,,,,,,,,,,,Activate Odds-Package in User-Panel to retrieve odds.
537166,2026-05-10T00:00:00Z,SCHEDULED,36,REGULAR_SEASON,,2025-07-04T12:08:07Z,[],2114,Italy,ITA,https://crests.football-data.org/784.svg,2019,Serie A,SA,LEAGUE,https://crests.football-data.org/SA.png,2395,2025-08-24,2026-05-24,1,,98,AC Milan,Milan,MIL,https://crests.football-data.org/98.png,102,Atalanta BC,Atalanta,ATA,https://crests.football-data.org/102.png,,REGULAR,,,,,,,,,,,Activate Odds-Package in User-Panel to retrieve odds.
537167,2026-05-10T00:00:00Z,SCHEDULED,36,REGULAR_SEASON,,2025-07-04T12:08:07Z,[],2114,Italy,ITA,https://crests.football-data.org/784.svg,2019,Serie A,SA,LEAGUE,https://crests.football-data.org/SA.png,2395,2025-08-24,2026-05-24,1,,104,Cagliari Calcio,Cagliari,CAG,https://crests.football-data.org/104.png,115,Udinese Calcio,Udinese,UDI,https://crests.football-data.org/115.png,,REGULAR,,,,,,,,,,,Activate Odds-Package in User-Panel to retrieve odds.
537168,2026-05-10T00:00:00Z,SCHEDULED,36,REGULAR_SEASON,,2025-07-04T12:08:06Z,[],2114,Italy,ITA,https://crests.football-data.org/784.svg,2019,Serie A,SA,LEAGUE,https://crests.football-data.org/SA.png,2395,2025-08-24,2026-05-24,1,,586,Torino FC,Torino,TOR,https://crests.football-data.org/586.png,471,US Sassuolo Calcio,Sassuolo,SAS,https://crests.football-data.org/471.png,,REGULAR,,,,,,,,,,,Activate Odds-Package in User-Panel to retrieve odds.
537169,2026-05-10T00:00:00Z,SCHEDULED,36,REGULAR_SEASON,,2025-07-04T12:08:05Z,[],2114,Italy,ITA,https://crests.football-data.org/784.svg,2019,Serie A,SA,LEAGUE,https://crests.football-data.org/SA.png,2395,2025-08-24,2026-05-24,1,,450,Hellas Verona FC,Verona,HVE,https://crests.football-data.org/450.png,7397,Como 1907,Como 1907,COM,https://crests.football-data.org/7397.png,,REGULAR,,,,,,,,,,,Activate Odds-Package in User-Panel to retrieve odds.
537170,2026-05-10T00:00:00Z,SCHEDULED,36,REGULAR_SEASON,,2025-08-23T00:20:52Z,[],2114,Italy,ITA,https://crests.football-data.org/784.svg,2019,Serie A,SA,LEAGUE,https://crests.football-data.org/SA.png,2395,2025-08-24,2026-05-24,1,,110,SS Lazio,Lazio,LAZ,https://crests.football-data.org/110.png,108,FC Internazionale Milano,Inter,INT,https://crests.football-data.org/108.png,,REGULAR,,,,,,,,,,,Activate Odds-Package in User-Panel to retrieve odds.
537171,2026-05-10T00:00:00Z,SCHEDULED,36,REGULAR_SEASON,,2025-07-04T12:08:07Z,[],2114,Italy,ITA,https://crests.football-data.org/784.svg,2019,Serie A,SA,LEAGUE,https://crests.football-data.org/SA.png,2395,2025-08-24,2026-05-24,1,,112,Parma Calcio 1913,Parma,PAR,https://crests.football-data.org/112.png,100,AS Roma,Roma,ROM,https://crests.football-data.org/100.png,,REGULAR,,,,,,,,,,,Activate Odds-Package in User-Panel to retrieve odds.
537172,2026-05-10T00:00:00Z,SCHEDULED,36,REGULAR_SEASON,,2025-07-04T12:08:05Z,[],2114,Italy,ITA,https://crests.football-data.org/784.svg,2019,Serie A,SA,LEAGUE,https://crests.football-data.org/SA.png,2395,2025-08-24,2026-05-24,1,,113,SSC Napoli,Napoli,NAP,https://crests.football-data.org/113.png,103,Bologna FC 1909,Bologna,BOL,https://crests.football-data.org/103.png,,REGULAR,,,,,,,,,,,Activate Odds-Package in User-Panel to retrieve odds.
537173,2026-05-10T00:00:00Z,SCHEDULED,36,REGULAR_SEASON,,2025-07-04T12:08:07Z,[],2114,Italy,ITA,https://crests.football-data.org/784.svg,2019,Serie A,SA,LEAGUE,https://crests.football-data.org/SA.png,2395,2025-08-24,2026-05-24,1,,457,US Cremonese,Cremonese,CRE,https://crests.football-data.org/457.png,487,AC Pisa 1909,AC Pisa,PIS,https://crests.football-data.org/487.png,,REGULAR,,,,,,,,,,,Activate Odds-Package in User-Panel to retrieve odds.
537174,2026-05-10T00:00:00Z,SCHEDULED,36,REGULAR_SEASON,,2025-08-23T00:20:52Z,[],2114,Italy,ITA,https://crests.football-data.org/784.svg,2019,Serie A,SA,LEAGUE,https://crests.football-data.org/SA.png,2395,2025-08-24,2026-05-24,1,,5890,US Lecce,Lecce,USL,https://crests.football-data.org/5890.png,109,Juventus FC,Juventus,JUV,https://crests.football-data.org/109.png,,REGULAR,,,,,,,,,,,Activate Odds-Package in User-Panel to retrieve odds.
537175,2026-05-17T00:00:00Z,SCHEDULED,37,REGULAR_SEASON,,2025-07-04T12:08:06Z,[],2114,Italy,ITA,https://crests.football-data.org/784.svg,2019,Serie A,SA,LEAGUE,https://crests.football-data.org/SA.png,2395,2025-08-24,2026-05-24,1,,100,AS Roma,Roma,ROM,https://crests.football-data.org/100.png,110,SS Lazio,Lazio,LAZ,https://crests.football-data.org/110.png,,REGULAR,,,,,,,,,,,Activate Odds-Package in User-Panel to retrieve odds.
537176,2026-05-17T00:00:00Z,SCHEDULED,37,REGULAR_SEASON,,2025-07-04T12:08:06Z,[],2114,Italy,ITA,https://crests.football-data.org/784.svg,2019,Serie A,SA,LEAGUE,https://crests.football-data.org/SA.png,2395,2025-08-24,2026-05-24,1,,102,Atalanta BC,Atalanta,ATA,https://crests.football-data.org/102.png,103,Bologna FC 1909,Bologna,BOL,https://crests.football-data.org/103.png,,REGULAR,,,,,,,,,,,Activate Odds-Package in User-Panel to retrieve odds.
537177,2026-05-17T00:00:00Z,SCHEDULED,37,REGULAR_SEASON,,2025-07-04T12:08:07Z,[],2114,Italy,ITA,https://crests.football-data.org/784.svg,2019,Serie A,SA,LEAGUE,https://crests.football-data.org/SA.png,2395,2025-08-24,2026-05-24,1,,104,Cagliari Calcio,Cagliari,CAG,https://crests.football-data.org/104.png,586,Torino FC,Torino,TOR,https://crests.football-data.org/586.png,,REGULAR,,,,,,,,,,,Activate Odds-Package in User-Panel to retrieve odds.
537178,2026-05-17T00:00:00Z,SCHEDULED,37,REGULAR_SEASON,,2025-07-04T12:08:06Z,[],2114,Italy,ITA,https://crests.football-data.org/784.svg,2019,Serie A,SA,LEAGUE,https://crests.football-data.org/SA.png,2395,2025-08-24,2026-05-24,1,,107,Genoa CFC,Genoa,GEN,https://crests.football-data.org/107.png,98,AC Milan,Milan,MIL,https://crests.football-data.org/98.png,,REGULAR,,,,,,,,,,,Activate Odds-Package in User-Panel to retrieve odds.
537179,2026-05-17T00:00:00Z,SCHEDULED,37,REGULAR_SEASON,,2025-07-04T12:08:07Z,[],2114,Italy,ITA,https://crests.football-data.org/784.svg,2019,Serie A,SA,LEAGUE,https://crests.football-data.org/SA.png,2395,2025-08-24,2026-05-24,1,,7397,Como 1907,Como 1907,COM,https://crests.football-data.org/7397.png,112,Parma Calcio 1913,Parma,PAR,https://crests.football-data.org/112.png,,REGULAR,,,,,,,,,,,Activate Odds-Package in User-Panel to retrieve odds.
537180,2026-05-17T00:00:00Z,SCHEDULED,37,REGULAR_SEASON,,2025-08-23T00:20:52Z,[],2114,Italy,ITA,https://crests.football-data.org/784.svg,2019,Serie A,SA,LEAGUE,https://crests.football-data.org/SA.png,2395,2025-08-24,2026-05-24,1,,108,FC Internazionale Milano,Inter,INT,https://crests.football-data.org/108.png,450,Hellas Verona FC,Verona,HVE,https://crests.football-data.org/450.png,,REGULAR,,,,,,,,,,,Activate Odds-Package in User-Panel to retrieve odds.
537181,2026-05-17T00:00:00Z,SCHEDULED,37,REGULAR_SEASON,,2025-08-23T00:20:52Z,[],2114,Italy,ITA,https://crests.football-data.org/784.svg,2019,Serie A,SA,LEAGUE,https://crests.football-data.org/SA.png,2395,2025-08-24,2026-05-24,1,,109,Juventus FC,Juventus,JUV,https://crests.football-data.org/109.png,99,ACF Fiorentina,Fiorentina,FIO,https://crests.football-data.org/99.png,,REGULAR,,,,,,,,,,,Activate Odds-Package in User-Panel to retrieve odds.
537182,2026-05-17T00:00:00Z,SCHEDULED,37,REGULAR_SEASON,,2025-07-04T12:08:05Z,[],2114,Italy,ITA,https://crests.football-data.org/784.svg,2019,Serie A,SA,LEAGUE,https://crests.football-data.org/SA.png,2395,2025-08-24,2026-05-24,1,,487,AC Pisa 1909,AC Pisa,PIS,https://crests.football-data.org/487.png,113,SSC Napoli,Napoli,NAP,https://crests.football-data.org/113.png,,REGULAR,,,,,,,,,,,Activate Odds-Package in User-Panel to retrieve odds.
537183,2026-05-17T00:00:00Z,SCHEDULED,37,REGULAR_SEASON,,2025-07-04T12:08:07Z,[],2114,Italy,ITA,https://crests.football-data.org/784.svg,2019,Serie A,SA,LEAGUE,https://crests.football-data.org/SA.png,2395,2025-08-24,2026-05-24,1,,471,US Sassuolo Calcio,Sassuolo,SAS,https://crests.football-data.org/471.png,5890,US Lecce,Lecce,USL,https://crests.football-data.org/5890.png,,REGULAR,,,,,,,,,,,Activate Odds-Package in User-Panel to retrieve odds.
537184,2026-05-17T00:00:00Z,SCHEDULED,37,REGULAR_SEASON,,2025-07-04T12:08:06Z,[],2114,Italy,ITA,https://crests.football-data.org/784.svg,2019,Serie A,SA,LEAGUE,https://crests.football-data.org/SA.png,2395,2025-08-24,2026-05-24,1,,115,Udinese Calcio,Udinese,UDI,https://crests.football-data.org/115.png,457,US Cremonese,Cremonese,CRE,https://crests.football-data.org/457.png,,REGULAR,,,,,,,,,,,Activate Odds-Package in User-Panel to retrieve odds.
537185,2026-05-24T00:00:00Z,SCHEDULED,38,REGULAR_SEASON,,2025-07-04T12:08:05Z,[],2114,Italy,ITA,https://crests.football-data.org/784.svg,2019,Serie A,SA,LEAGUE,https://crests.football-data.org/SA.png,2395,2025-08-24,2026-05-24,1,,99,ACF Fiorentina,Fiorentina,FIO,https://crests.football-data.org/99.png,102,Atalanta BC,Atalanta,ATA,https://crests.football-data.org/102.png,,REGULAR,,,,,,,,,,,Activate Odds-Package in User-Panel to retrieve odds.
537186,2026-05-24T00:00:00Z,SCHEDULED,38,REGULAR_SEASON,,2025-07-04T12:08:06Z,[],2114,Italy,ITA,https://crests.football-data.org/784.svg,2019,Serie A,SA,LEAGUE,https://crests.football-data.org/SA.png,2395,2025-08-24,2026-05-24,1,,98,AC Milan,Milan,MIL,https://crests.football-data.org/98.png,104,Cagliari Calcio,Cagliari,CAG,https://crests.football-data.org/104.png,,REGULAR,,,,,,,,,,,Activate Odds-Package in User-Panel to retrieve odds.
537187,2026-05-24T00:00:00Z,SCHEDULED,38,REGULAR_SEASON,,2025-08-23T00:20:52Z,[],2114,Italy,ITA,https://crests.football-data.org/784.svg,2019,Serie A,SA,LEAGUE,https://crests.football-data.org/SA.png,2395,2025-08-24,2026-05-24,1,,103,Bologna FC 1909,Bologna,BOL,https://crests.football-data.org/103.png,108,FC Internazionale Milano,Inter,INT,https://crests.football-data.org/108.png,,REGULAR,,,,,,,,,,,Activate Odds-Package in User-Panel to retrieve odds.
537188,2026-05-24T00:00:00Z,SCHEDULED,38,REGULAR_SEASON,,2025-08-23T00:20:52Z,[],2114,Italy,ITA,https://crests.football-data.org/784.svg,2019,Serie A,SA,LEAGUE,https://crests.football-data.org/SA.png,2395,2025-08-24,2026-05-24,1,,586,Torino FC,Torino,TOR,https://crests.football-data.org/586.png,109,Juventus FC,Juventus,JUV,https://crests.football-data.org/109.png,,REGULAR,,,,,,,,,,,Activate Odds-Package in User-Panel to retrieve odds.
537189,2026-05-24T00:00:00Z,SCHEDULED,38,REGULAR_SEASON,,2025-07-04T12:08:07Z,[],2114,Italy,ITA,https://crests.football-data.org/784.svg,2019,Serie A,SA,LEAGUE,https://crests.football-data.org/SA.png,2395,2025-08-24,2026-05-24,1,,450,Hellas Verona FC,Verona,HVE,https://crests.football-data.org/450.png,100,AS Roma,Roma,ROM,https://crests.football-data.org/100.png,,REGULAR,,,,,,,,,,,Activate Odds-Package in User-Panel to retrieve odds.
537190,2026-05-24T00:00:00Z,SCHEDULED,38,REGULAR_SEASON,,2025-07-04T12:08:05Z,[],2114,Italy,ITA,https://crests.football-data.org/784.svg,2019,Serie A,SA,LEAGUE,https://crests.football-data.org/SA.png,2395,2025-08-24,2026-05-24,1,,110,SS Lazio,Lazio,LAZ,https://crests.football-data.org/110.png,487,AC Pisa 1909,AC Pisa,PIS,https://crests.football-data.org/487.png,,REGULAR,,,,,,,,,,,Activate Odds-Package in User-Panel to retrieve odds.
537191,2026-05-24T00:00:00Z,SCHEDULED,38,REGULAR_SEASON,,2025-07-04T12:08:06Z,[],2114,Italy,ITA,https://crests.football-data.org/784.svg,2019,Serie A,SA,LEAGUE,https://crests.football-data.org/SA.png,2395,2025-08-24,2026-05-24,1,,112,Parma Calcio 1913,Parma,PAR,https://crests.football-data.org/112.png,471,US Sassuolo Calcio,Sassuolo,SAS,https://crests.football-data.org/471.png,,REGULAR,,,,,,,,,,,Activate Odds-Package in User-Panel to retrieve odds.
537192,2026-05-24T00:00:00Z,SCHEDULED,38,REGULAR_SEASON,,2025-07-04T12:08:07Z,[],2114,Italy,ITA,https://crests.football-data.org/784.svg,2019,Serie A,SA,LEAGUE,https://crests.football-data.org/SA.png,2395,2025-08-24,2026-05-24,1,,113,SSC Napoli,Napoli,NAP,https://crests.football-data.org/113.png,115,Udinese Calcio,Udinese,UDI,https://crests.football-data.org/115.png,,REGULAR,,,,,,,,,,,Activate Odds-Package in User-Panel to retrieve odds.
537193,2026-05-24T00:00:00Z,SCHEDULED,38,REGULAR_SEASON,,2025-07-04T12:08:06Z,[],2114,Italy,ITA,https://crests.football-data.org/784.svg,2019,Serie A,SA,LEAGUE,https://crests.football-data.org/SA.png,2395,2025-08-24,2026-05-24,1,,457,US Cremonese,Cremonese,CRE,https://crests.football-data.org/457.png,7397,Como 1907,Como 1907,COM,https://crests.football-data.org/7397.png,,REGULAR,,,,,,,,,,,Activate Odds-Package in User-Panel to retrieve odds.
537194,2026-05-24T00:00:00Z,SCHEDULED,38,REGULAR_SEASON,,2025-07-04T12:08:06Z,[],2114,Italy,ITA,https://crests.football-data.org/784.svg,2019,Serie A,SA,LEAGUE,https://crests.football-data.org/SA.png,2395,2025-08-24,2026-05-24,1,,5890,US Lecce,Lecce,USL,https://crests.football-data.org/5890.png,107,Genoa CFC,Genoa,GEN,https://crests.football-data.org/107.png,,REGULAR,,,,,,,,,,,Activate Odds-Package in User-Panel to retrieve odds.
